conversation_id_str,waktu,like,teks,tweet_id,image_url,in_reply_to_screen_name,bahasa,location,quote,reply,retweet,tweet_url,user_id_str,username,tahun_scraping,tahun,bulan,tanggal
1475845680220409856,2021-12-28 22:17:53+07:00,0,"Menurut BPS, Persentase penduduk miskin pada Maret 2021 sebesar 10,14% (atau 27,54 juta orang), menurun 0,05% (atau 0,01 jt org) terhadap September 2020. Namun jika dibandingkan Maret 2020 awal pandemi terjadi masih mengalami peningkatan 0,36% (atau 1,12 jt org).",1475848487098982406,,anakdinosaurus,in,,0,1,0,https://x.com/anakdinosaurus/status/1475848487098982406,1153929304159375363,anakdinosaurus,2021,2021,12,2021-12-28
1475471780198240257,2021-12-27 21:20:59+07:00,0,"Persentase penduduk miskin Balikpapan pada 2021 sebesar 2,89%. Jumlah penduduk miskin ini naik 0,32% dari tahun 2020 lalu. Ini penjelasan Wali Kota... 

https://t.co/SAeyAcCGj2",1475471780198240257,,,in,,0,0,0,https://x.com/PoniranRan/status/1475471780198240257,3073101800,PoniranRan,2021,2021,12,2021-12-27
1473789213816471554,2021-12-23 05:55:04+07:00,1,"Persentase penduduk miskin di Kota Sawahlunto, Sumatera Barat pada tahun 2021 ditetapkan Badan Pusat Statistik (BPS) sebagai terendah di Indonesia. https://t.co/cCzotpMufB",1473789213816471554,,,in,,0,0,0,https://x.com/voidotid/status/1473789213816471554,1186946650595418116,voidotid,2021,2021,12,2021-12-23
1473742631452946433,2021-12-23 02:49:58+07:00,0,"10 Kabupaten/Kota di Aceh dengan Persentase Penduduk Miskin Tertinggi (Mar 2021)
Sumber : Badan Pusat Statistik (BPS) https://t.co/oK4bNAkh7p",1473742631452946433,https://pbs.twimg.com/media/FHPJHAZVIAICGYK.jpg,,in,,0,0,2,https://x.com/atjehbiz/status/1473742631452946433,1504541310,atjehbiz,2021,2021,12,2021-12-23
1471782223003144193,2021-12-17 17:00:01+07:00,1,Persentase penduduk miskin dan ketimpangan yang rendah di Kalimantan ternyata belum menjamin kualitas kehidupan masyarakatnya menjadi lebih baik. Rencana pemindahan ibu kota ke Kalimantan bisa menjadi katalisator. #LitbangKompas #AdadiKompas https://t.co/CdywkDLzhx,1471782223003144193,,,in,,0,0,1,https://x.com/KompasData/status/1471782223003144193,771030588,KompasData,2021,2021,12,2021-12-17
1471759572834537472,2021-12-17 15:30:00+07:00,0,"Persentase penduduk miskin dan ketimpangan yang rendah di Kalimantan ternyata belum menjamin kualitas kehidupan masyarakatnya menjadi lebih baik. Rencana pemindahan ibu kota ke Kalimantan bisa menjadi katalisator. #Riset @KompasData #AdadiKompas 

https://t.co/7bGVYgqKbw",1471759572834537472,,,in,,0,0,0,https://x.com/hariankompas/status/1471759572834537472,255866913,hariankompas,2021,2021,12,2021-12-17
1465544054171521029,2021-11-30 12:40:41+07:00,1,"@stanmenfess Kedua, supaya efektif, penerapan AI, ato teknologi apapun itu namanya, baiknya difokuskan dalam kerangka output/outcome apa sih yang pengen dicapai. Targetnya harus jelas. 

Pengen menurunkan persentase penduduk miskin sampai berapa persen ato penurunan prevalensi stunting, misal",1465556370023804928,,WonkEdhyann,in,,0,1,0,https://x.com/WonkEdhyann/status/1465556370023804928,77759067,WonkEdhyann,2021,2021,11,2021-11-30
1449508188538114053,2021-10-17 05:50:57+07:00,0,"Persentase penduduk miskin Papua pada September 2020 masih di angka 26,80 persen. https://t.co/ZfPkRJTdP7",1449508188538114053,,,in,,2,0,0,https://x.com/republikaonline/status/1449508188538114053,22126902,republikaonline,2021,2021,10,2021-10-17
1448907424711131141,2021-10-15 14:04:49+07:00,1,"“Pemilihan lima kabupaten ini didasarkan pd indeks kemiskinan ekstrem, yg dihasilkan dr kombinasi persentase penduduk miskin ekstrem dan jumlah penduduk miskin ekstrem menurut kabupaten, bersumber dari data BPS yang dihasilkan melalui SUSENAS Maret 2020 sebagai rujukan utama,”",1448907700805324803,,GerBangNKRI,in,,1,1,1,https://x.com/GerBangNKRI/status/1448907700805324803,884688698272501760,GerBangNKRI,2021,2021,10,2021-10-15
1446390742394368003,2021-10-08 15:23:20+07:00,0,"Mohon solusi nya @Pemkot_Sukabumi
Pandemi sangat2 berpengaruh persentase penduduk miskin di Kota Sukabumi pada tahun 2020 tercatat sebesar 7,70 persen Garis kemiskinan atau standar hidup cukup nya juga meningkat sebesar 5,12 persen jadi 
Rp. 547.415
https://t.co/9kkKGlwyZx",1446390742394368003,,,in,,0,1,0,https://x.com/vivtah/status/1446390742394368003,1377806184598540293,vivtah,2021,2021,10,2021-10-08
1444915323086462982,2021-10-04 13:40:32+07:00,0,"Puan; Melalui Revisi UU Otsus Papua, Persentase Penduduk Miskin di Bumi Cenderawasih akan Semakin Berkurang https://t.co/Qyspfa53qp",1444915323086462982,,,in,,0,0,0,https://x.com/MonevLampung/status/1444915323086462982,1309375297926561792,MonevLampung,2021,2021,10,2021-10-04
1443491930537488384,2021-09-30 15:24:29+07:00,0,"Peneliti ekonomi senior Core Indonesia Yusuf Rendy memperkirakan, persentase penduduk miskin pada September 2021 berada di kisaran 10,25% hingga 10,45%. Angka tersebut meningkat dari posisi akhir Maret 2021 yang sebesar 10,14%. 

Via : @KontanNews 

https://t.co/Go5hWSDM6C",1443491930537488384,,,in,,0,0,0,https://x.com/COREIndonesia/status/1443491930537488384,2783746813,COREIndonesia,2021,2021,9,2021-09-30
1443450414259601409,2021-09-30 12:39:50+07:00,5,-sekaligus memfokuskan sumber daya serta mendorong percepatan pengurangan kemiskinan ekstrem dengan menggunakan kombinasi antara indikator persentase penduduk miskin ekstrem dan juga jumlah penduduk miskin ekstrem di satu wilayah.,1443450494156828672,,Kiyai_MarufAmin,in,,0,1,0,https://x.com/Kiyai_MarufAmin/status/1443450494156828672,1061147681832132609,Kiyai_MarufAmin,2021,2021,9,2021-09-30
1443131449486438400,2021-09-29 15:32:42+07:00,0,"Kawasan Indonesia Timur memang menjadi wilayah dengan tingkat kemiskinan tertinggi. Selain Papua, Papua Barat juga mencatat persentase penduduk miskin sebesar 21,70% dan Nusa Tenggara Timur atau NTT sebesar 21,21%.",1443131611277500416,,JAJAKdata,in,,0,0,0,https://x.com/JAJAKdata/status/1443131611277500416,1428219204256165891,JAJAKdata,2021,2021,9,2021-09-29
1443131449486438400,2021-09-29 15:32:25+07:00,0,"Provinsi Papua masih menjadi provinsi dengan persentase penduduk miskin terbesar mencapai 26,80%. Namun jumlah penduduk miskin di sana tercatat masih di bawah 1 juta, atau sekitar 920,44 ribu orang.",1443131539093479428,,JAJAKdata,in,,0,1,0,https://x.com/JAJAKdata/status/1443131539093479428,1428219204256165891,JAJAKdata,2021,2021,9,2021-09-29
1438723647464566785,2021-09-17 11:37:14+07:00,0,Pandemi Covid-19 menjadi salah satu penyebab naiknya persentase/jumlah penduduk miskin. https://t.co/8ghF8Ca80y,1438723698115039234,https://pbs.twimg.com/media/E_dflAhVQAUbDHz.jpg,maulsoh,in,,0,1,0,https://x.com/maulsoh/status/1438723698115039234,233902671,maulsoh,2021,2021,9,2021-09-17
1438723647464566785,2021-09-17 11:37:12+07:00,0,"Bagaimana capaiannya sekarang?
15 Juli 2021, @bps_statistics mengumumkan bahwa persentase penduduk miskin pada Maret 2021 sebesar 10,14 persen.

Sumber: https://t.co/wnouEy7DGc",1438723691055964166,,maulsoh,in,,0,1,0,https://x.com/maulsoh/status/1438723691055964166,233902671,maulsoh,2021,2021,9,2021-09-17
1436174458088132611,2021-09-10 10:47:28+07:00,14,"Persentase penduduk miskin Indonesia pada Maret 2021 sebesar 10,14% (Jmlh penduduk 270, 6 juta thn 2019) 

Dan Kekayaan Bapak Presiden berdasarkan LHKPN 👇

Luar biasa ya penambahan kekayaan beliau. Ditengah Pandemi lagi 🙂 https://t.co/WbDXmXlurn",1436174458088132611,https://pbs.twimg.com/media/E-5RB2RVkAIzZeS.jpg,,in,,0,2,7,https://x.com/Hasbil_Lbs/status/1436174458088132611,931419055549906944,Hasbil_Lbs,2021,2021,9,2021-09-10
1434834884078432256,2021-09-06 18:04:28+07:00,89,"INDONESIA DILANDA BADAI PENGANGGURAN &amp; KEMISKINAN EKSTREM💥

PKS Mendesak Pemerintah Ciptakan Lapangan Kerja dan Dukung UKM ‼️

Badan Pusat Statistik (BPS) mencatat persentase penduduk miskin ekstrem mencapai 4,8% dari total penduduk miskin nasional di level 10,14%. https://t.co/zCTJOmWC3o",1434834884078432256,https://pbs.twimg.com/media/E-mOtu_VQAoGBRy.jpg,,in,,6,6,37,https://x.com/FPKSDPRRI/status/1434834884078432256,91255162,FPKSDPRRI,2021,2021,9,2021-09-06
1433714235175948288,2021-09-03 15:51:25+07:00,0,Persentase Penduduk Miskin Sulsel Periode Maret 2021 Turun – Smart City Makassar https://t.co/QMwz5pYckh,1433714235175948288,,,in,,0,0,0,https://x.com/smartcity_Mks/status/1433714235175948288,3041818789,smartcity_Mks,2021,2021,9,2021-09-03
1433608626984218644,2021-09-03 08:51:46+07:00,0,"RI Dilanda Kemiskinan Ekstrim, Terbanyak Jabar &amp; Jatim! 

Badan Pusat Statistik (BPS) mencatat penduduk miskin ekstrim di Indonesia. Pada 2021, persentase penduduk miskin ekstrim mencapai 4,8% dari total penduduk miskin nasional di level 10,14%.

https://t.co/mJUSJcEBpt",1433608626984218644,,,in,,0,0,0,https://x.com/iwanalidarmawan/status/1433608626984218644,229832704,iwanalidarmawan,2021,2021,9,2021-09-03
1433246546208886793,2021-09-02 08:59:15+07:00,0,"sedangkan pada triwulan keempat mengalami kontraksi pertumbuhan sebesar 2,19%. Dampak dari menurunnya persentase ekonomi di Indonesia, salah satunya adalah peningkatan angka pengangguran dan penduduk miskin yang disebabkan karena PHK selama masa pandemi Covid-19.",1433248123250479105,,Nabilla_zhr17,in,,0,0,0,https://x.com/Nabilla_zhr17/status/1433248123250479105,1213090957740036097,Nabilla_zhr17,2021,2021,9,2021-09-02
1433231044321288193,2021-09-02 07:51:30+07:00,0,"Padahal di tengah kondisi ekonomi Indonesia saat ini, masih banyak hal yang membutuhkan biaya dan diperhatikan oleh pemerintah. Seperti persentase penduduk miskin per Maret 2021 sebesar 10,1 persen, meningkat dibandingkan Maret 2020.",1433231072993562625,,CTasira,in,,0,1,0,https://x.com/CTasira/status/1433231072993562625,1305465972334026752,CTasira,2021,2021,9,2021-09-02
1431378098386210816,2021-08-28 10:00:53+07:00,0,"@lee_hwie Meski jumlah penduduk miskin di Provinsi DKI Jakarta meningkat, tapi jumlah penduduk miskin di Jakarta masih paling rendah dibandingkan provinsi lain. Demikian jg scr persentase tmsk plg rendah. https://t.co/d3NZFLFMUM",1431451691644174338,,lee_hwie,in,,0,1,0,https://x.com/tatakujiyati/status/1431451691644174338,147063992,tatakujiyati,2021,2021,8,2021-08-28
1426379830119976962,2021-08-14 10:07:07+07:00,4,"4. Pandemi menyebabkan perubahan asumsi-asumsi, terutama yang berakibat pada revisi indikator kinerja utama (IKU), mis. Pertumbuhan ekonomi, persentase penduduk miskin, dll. https://t.co/7wQuEKoTFo",1426379830119976962,https://pbs.twimg.com/media/E8uE4uYVIAYFQL_.jpg,,in,,0,0,0,https://x.com/ansadad/status/1426379830119976962,61385468,ansadad,2021,2021,8,2021-08-14
1425009219195990018,2021-08-10 15:21:15+07:00,0,"Persentase penduduk miskin pada September 2020 yang naik menjadi 10,2 persen menunjukkan bahwa bantuan sosial tidak cukup untuk mencegah bertambahnya angka kemiskinan.",1425009336586104834,,ALMI_Indonesia,in,,0,1,0,https://x.com/ALMI_Indonesia/status/1425009336586104834,803060232016445440,ALMI_Indonesia,2021,2021,8,2021-08-10
1420555653643268099,2021-07-29 08:23:55+07:00,0,"Hampir ga percaya liat data persentase penduduk miskin terendah di 2019 itu terendah DKI Jakarta. Tapi datanya memang gitu, mungkin karena definisi garis kemiskinannya dalam nominal bukan relatif. Upah dianggap tinggi pdhl harga barang jg tinggi.",1420555653643268099,,,in,,0,0,0,https://x.com/ansyaku/status/1420555653643268099,231317866,ansyaku,2021,2021,7,2021-07-29
1418563984555315203,2021-07-23 20:48:00+07:00,0,"Emgsih angka kemiskinan di indonesia tinggi, persentase penduduk miskin jg meningkat. Tp pnsrn aja sbnrnya berpengaruh gk sih wkwkkw",1418568581722251265,,royalcaniin,in,,0,1,0,https://x.com/royalcaniin/status/1418568581722251265,1150720971478720512,royalcaniin,2021,2021,7,2021-07-23
1417620691688427531,2021-07-21 06:01:25+07:00,4,"Data Badan Pusat Statistik atau BPS, persentase penduduk miskin pada September 2020 sebesar 10,19 persen, meningkat 0,41 persen poin terhadap Maret 2020 dan meningkat 0,97 persen poin terhadap September 2019.",1417620691688427531,,,in,,0,1,0,https://x.com/mtangankiri/status/1417620691688427531,1316121196207906816,mtangankiri,2021,2021,7,2021-07-21
1416642883101159424,2021-07-18 13:15:57+07:00,0,BPS: Persentase penduduk miskin di Sulut terendah di Pulau Sulawesi https://t.co/z6rMQzV5Oh,1416642883101159424,,,in,,0,0,0,https://x.com/antaramakassar/status/1416642883101159424,1288496856,antaramakassar,2021,2021,7,2021-07-18
1416640190324510722,2021-07-18 13:05:15+07:00,0,Persentase penduduk miskin Sulut paling rendah di Pulau Sulawesi https://t.co/cYdNHNvGIU,1416640190324510722,,,in,,0,0,0,https://x.com/guidomerung/status/1416640190324510722,237686956,guidomerung,2021,2021,7,2021-07-18
1415956101904936963,2021-07-16 15:46:56+07:00,0,"Jawa Tengah Mengalami Penurunan Persentase Penduduk Miskin Sebesar 0,05 Persen https://t.co/iS4L55MI91",1415956101904936963,,,in,,0,0,0,https://x.com/SiberindoC/status/1415956101904936963,1330090702022336514,SiberindoC,2021,2021,7,2021-07-16
1415929168349466627,2021-07-16 13:59:55+07:00,0,"Meskipun secara total terjadi penurunan persentase penduduk miskin, namun khusus daerah perkotaan mengalami peningkatan.

@AwalilRizky
https://t.co/7QhqRNW3U6",1415929168349466627,,,in,,0,0,0,https://x.com/barisandata/status/1415929168349466627,1167087910811623426,barisandata,2021,2021,7,2021-07-16
1415693739519922179,2021-07-15 22:24:24+07:00,1,"MTA: Persentase Penduduk Miskin Aceh Turun, Tapi Belum Signifikan

https://t.co/z2JKtwOGQD",1415693739519922179,,,in,,0,0,0,https://x.com/infoacehnet/status/1415693739519922179,98190099,infoacehnet,2021,2021,7,2021-07-15
1415642317524901889,2021-07-15 19:00:04+07:00,0,Persentase Penduduk Miskin NTT Maret 2021 Turun https://t.co/DwRKnKsH1v,1415642317524901889,,,in,,0,0,0,https://x.com/GATRA_com/status/1415642317524901889,202559038,GATRA_com,2021,2021,7,2021-07-15
1415597564854951940,2021-07-15 16:02:14+07:00,0,"Umum  Secara Persentase, Penduduk Miskin di Aceh Turun  https://t.co/zGcEgcgcKB",1415597564854951940,,,in,,0,0,0,https://x.com/JRKAceh/status/1415597564854951940,254474763,JRKAceh,2021,2021,7,2021-07-15
1415584041424670721,2021-07-15 15:08:30+07:00,0,"Persentase Menurun, Tapi Jumlahnya Penduduk Miskin di Aceh Bertambah https://t.co/HLowZQ3QxY https://t.co/N3lNqjyoMW",1415584041424670721,https://pbs.twimg.com/media/E6UqLm_VcAE1tJF.jpg,,in,,0,0,0,https://x.com/BERITAKINI_CO/status/1415584041424670721,795310581649588224,BERITAKINI_CO,2021,2021,7,2021-07-15
1415575413221330951,2021-07-15 14:34:47+07:00,1,"Persentase penduduk miskin di Bali pada Maret 2021 tercatat sebesar 4,53%, naik 0,08 poin persen dibandingkan dengan posisi September 2020 yang tercatat sebesar 4,45%. https://t.co/PfxjDuwQAu",1415575557463441414,https://pbs.twimg.com/media/E6UiXq7VkAIdtLC.png,bpsprovbali,in,,0,1,3,https://x.com/bpsprovbali/status/1415575557463441414,554943457,bpsprovbali,2021,2021,7,2021-07-15
1415556876616433664,2021-07-15 13:20:33+07:00,1,"Data BPS: Jumlah Orang Miskin di Indonesia Mencapai 27,5 Juta: Jika dilihat dari sisi disparitas kemiskinan, persentase penduduk miskin masih lebih banyak di desa dari pada di kota. Di mana populasi penduduk miskin di kota sebesar 7,89 persen, dan di… https://t.co/KctWRspdn0",1415556876616433664,,,in,,0,0,1,https://x.com/merdekadotcom/status/1415556876616433664,456426648,merdekadotcom,2021,2021,7,2021-07-15
1415546032780365824,2021-07-15 12:37:28+07:00,0,"#RT @bps_statistics: Persentase penduduk miskin di Indonesia pada Maret 2021 sebesar 10,14 persen.

#RilisBPS https://t.co/UTOyNbnkFo",1415546032780365824,https://pbs.twimg.com/media/E6UBAqGVoAQO6Nt.jpg,,in,,0,0,0,https://x.com/alfareno/status/1415546032780365824,26321663,alfareno,2021,2021,7,2021-07-15
1415543799082897412,2021-07-15 12:28:35+07:00,0,"RT bps_statistics: Persentase penduduk miskin di Indonesia pada Maret 2021 sebesar 10,14 persen.

#RilisBPS https://t.co/UTOyNbnkFo",1415543799082897412,https://pbs.twimg.com/media/E6UBAqGVoAQO6Nt.jpg,,in,,0,0,0,https://x.com/alfareno/status/1415543799082897412,26321663,alfareno,2021,2021,7,2021-07-15
1415538776307232772,2021-07-15 12:08:38+07:00,38,"Persentase penduduk miskin di Indonesia pada Maret 2021 sebesar 10,14 persen.

#RilisBPS https://t.co/CadihXBtx3",1415538776307232772,https://pbs.twimg.com/media/E6UBAqGVoAQO6Nt.jpg,,in,,1,1,25,https://x.com/bps_statistics/status/1415538776307232772,3021760068,bps_statistics,2021,2021,7,2021-07-15
1406992100697120771,2021-06-21 22:12:42+07:00,1,"6 bulan pertama wabah aja jumlah penduduk miskin naik hampir 20%, belum hitung bicara 15 bulan. Persentase penduduk miskin Bali masuk level dobel digit bukan hal mustahil by next year kalau ini wabah enggak terkendali",1406993486868451328,,Andika_CJ,in,,0,2,0,https://x.com/Andika_CJ/status/1406993486868451328,1859352337,Andika_CJ,2021,2021,6,2021-06-21
1405329535055319043,2021-06-17 08:00:45+07:00,0,Otsus telah sukses menurunkan angka kemiskinan di Papua. Perubahan yang signifikan terlihat pada penurunan persentase penduduk miskin dari tahun ke tahun. Otsus Hadir Papua Sejahtera https://t.co/PPqSfk7b9D,1405329535055319043,https://pbs.twimg.com/media/E4C7w3TWQAE6EPt.jpg,,in,,0,0,0,https://x.com/jeonshinta_/status/1405329535055319043,1380811155485073410,jeonshinta_,2021,2021,6,2021-06-17
1402893807763427330,2021-06-10 14:42:02+07:00,7,"""Apalagi dalam masa pandemi saat ini dimana daya beli masyarakat sudah tertekan, karena pasti berpotensi meningkatkan persentase penduduk miskin,"" kata Wakil Ketua Komisi Keuangan Dewan Perwakilan Rakyat, Amir Uskara. #TempoBisnis
https://t.co/KGJfsou6g8",1402893807763427330,,,in,,2,1,1,https://x.com/tempodotco/status/1402893807763427330,18129942,tempodotco,2021,2021,6,2021-06-10
1395268940973043713,2021-05-20 13:43:33+07:00,2,"Persentase penduduk miskin di daerah tertinggal meningkat signifikan. 

Tahun 2015-2019 terdapat 122 Daerah Tertinggal (Perpres No.131/2015). Tahun 2020 terdapat 62 daerah tertinggal (Perpres No.63/2020)",1395268940973043713,,,in,,0,0,0,https://x.com/iwanalidarmawan/status/1395268940973043713,229832704,iwanalidarmawan,2021,2021,5,2021-05-20
1395245516347170817,2021-05-20 12:10:28+07:00,108,"Persentase penduduk miskin di daerah tertinggal meningkat signifikan. BPS menghitung berdasar Susenas, sedangkan desa tertinggal mengikuti Perpres. Tahun 2015-2019 terdapat 122 Daerah Tertinggal (Perpres No.131/2015). Tahun 2020 terdapat 62 daerah tertinggal (Perpres No.63/2020). https://t.co/BzlOwDfI0R",1395245516347170817,https://pbs.twimg.com/media/E1zoX2gVkAYqcmP.png,,in,,2,8,40,https://x.com/AwalilRizky/status/1395245516347170817,718375892,AwalilRizky,2021,2021,5,2021-05-20
1392281999080001538,2021-05-12 13:16:26+07:00,0,"@iccank_inotav @fadjroeL @univ_indonesia @itbofficial BPS: th 1970 persentase penduduk miskin kita mencapai 60%, th 1996 persentase penduduk miskin tinggal 11,30%, 24 tahun orba menurunkan kemiskinan 48,70%, BPS: tahun 2020 jumlah penduduk miskin 10,19%, 22 tahun reformasi-5 presiden kemiskinan hy turun 2%, btp hebatnya reformasi",1392363015668789248,,,in,,0,0,0,https://x.com/ARosadi76/status/1392363015668789248,1329171484955140097,ARosadi76,2021,2021,5,2021-05-12
1388888824906797057,2021-05-02 23:24:23+07:00,96,"@BERKARYA_NET BPS: th 1970 persentase penduduk miskin indonesia 60%, tahun 1996 turun menjadi 11,30%, 26 th pak harto turunkan penduduk miskin 38,70%, pasca pak harto. th 2020 persentase penduduk miskin 10,19%. 21 thn reformasi, 5 presiden kemiskinn cuma turun 1,11%. mshkah bangga dg reformasi",1388892132526546944,,MinmonPS7,in,,4,4,25,https://x.com/ARosadi76/status/1388892132526546944,1329171484955140097,ARosadi76,2021,2021,5,2021-05-02
1388776992691015687,2021-05-02 23:02:00+07:00,0,"@HairulAlHafiz1 @Bara2Dian @RamliRizal 26 tahun pak harto turunkan persentase kemiskinan dr 60% menjadi 11% sekarang berdasarkan data bps september 2020 setelah 21 tahun reformasi brp angka penduduk miskin 10,19%, turun 1% dr tahun 1996, apakah ini prestasi yg anda hebat...betapa bodoh &amp; terbelangnya anda",1388886501707055112,,HairulAlHafiz1,in,,0,1,0,https://x.com/ARosadi76/status/1388886501707055112,1329171484955140097,ARosadi76,2021,2021,5,2021-05-02
1388073536854532099,2021-04-30 17:11:35+07:00,2,UNDP: Separuh Penduduk Myanmar Bakal Jatuh Miskin Pada 2022: Jumlah orang yang hidup di bawah garis kemiskinan diperkirakan meningkat 11 poin persentase karena efek sosial ekonomi pandemi. https://t.co/876RK2E0yk,1388073536854532099,,,in,,1,0,0,https://x.com/merdekadotcom/status/1388073536854532099,456426648,merdekadotcom,2021,2021,4,2021-04-30
1386896613218549760,2021-04-27 11:14:54+07:00,0,"Secara persentase, penduduk miskin di Gumi Serombotan ini berada di peringkat tiga se-Provinsi Bali setelah Kabupaten Karangasem dan Kabupaten Buleleng.
https://t.co/KVQ9X3U2EX",1386896613218549760,,,in,,0,0,1,https://x.com/IDNTimesBali/status/1386896613218549760,1318832462366081025,IDNTimesBali,2021,2021,4,2021-04-27
1384237243733213191,2021-04-20 03:07:31+07:00,2,"Hai #SahabatData...
Kemiskinan merupakan isu penting yang merupakan salah satu potret keberhasilan suatau pemerintah daerah..
Selama 2020 krn pandemi Covid-19 persentase penduduk miskin mengalami kenaikan 0,82 poin dari 9,75 persen pada 2019 dan menjadi 10,57 persen pada 2020.. https://t.co/gqzt7sj0JS",1384237243733213191,https://pbs.twimg.com/media/EzXMbq0VgAInKpk.jpg,,in,,0,1,1,https://x.com/bpsmojokerto/status/1384237243733213191,1041505586808991744,bpsmojokerto,2021,2021,4,2021-04-20
1384145903724859393,2021-04-19 21:04:34+07:00,30,"Anies: Pandemi Covid-19 Membuat Jumlah Penduduk Miskin Ibu Kota Naik: Meskipun bertambah, Anies mengklaim jumlah penduduk miskin di Jakarta jauh lebih rendah jika dibandingkan dengan persentase jumlah penduduk miskin nasional sebesar 27,55 juta orang… https://t.co/js4jNpV2ix",1384145903724859393,,,in,,0,0,2,https://x.com/merdekadotcom/status/1384145903724859393,456426648,merdekadotcom,2021,2021,4,2021-04-19
1383586380144545796,2021-04-18 08:01:13+07:00,0,"Otsus telah berhasil menurunkan angka kemiskinan di Papua. Perubahan yang signifikan tercermin pada penurunan persentase penduduk miskin, dari 54,75 persen pada Maret 1999 menjadi 26,55 persen pada September 2019. Otsus Makin Dipercaya #PapuaIndonesia https://t.co/ZckcWnhIkY",1383586380144545796,https://pbs.twimg.com/media/EzN8dpZVgAAUCNV.jpg,,in,,0,0,0,https://x.com/impinkxx/status/1383586380144545796,1344084519347838977,impinkxx,2021,2021,4,2021-04-18
1378603633852309505,2021-04-04 14:01:34+07:00,0,"Persentase penduduk miskin pada September 2020 sebesar 10,19 persen, meningkat 0,41 persen poin terhadap Maret 2020 dan meningkat 0,97 persen poin terhadap September 2019. Dampaknya penjualan rokok akan sedikit menurun dikarenakan angka kemiskinan setiap tahun meningkat @JeddyjJj",1378603633852309505,,,in,,0,0,0,https://x.com/KristianVieri9/status/1378603633852309505,1366306112790687744,KristianVieri9,2021,2021,4,2021-04-04
1376519313478320129,2021-03-29 19:59:13+07:00,8,"Sasaran Program Pembangunan Daerah Tertinggal
1. Mengentaskan daerah tertinggal.
2. Meningkatkan Indeks Pembangunan Manusia (IPM)
3. Menurunkan persentase penduduk miskin
@jokowi 
@Kiyai_MarufAmin 
@halimiskandarnu 
@budimuni98 
@tppkemendes 
@kemendespdtt 
#SDGsDesa 
#DesaBisa https://t.co/iDNRfs5joP",1376519313478320129,https://pbs.twimg.com/media/ExphA-SUcAIDjR7.jpg,,in,,0,0,1,https://x.com/arjuna16sp/status/1376519313478320129,889910471561793541,arjuna16sp,2021,2021,3,2021-03-29
1376470564882194440,2021-03-29 16:45:34+07:00,0,"8. Adapun utk persentase penduduk miskin Kab. Pml pada tahun 2019 sebesar 15,41 persen mengalami peningkatan menjadi sebesar 16,02 persen di tahun 2020. Angka kemiskinan Provinsi Jawa Tengah sebesar 11,41 persen, sedangkan angka kemiskinan nasional sebesar 9,78 persen.",1376470579394478082,,PemkabPemalang,in,,1,1,1,https://x.com/PemkabPemalang/status/1376470579394478082,260008630,PemkabPemalang,2021,2021,3,2021-03-29
1375004513090764805,2021-03-25 15:39:56+07:00,0,"Persentase penduduk miskin meningkat sebesar 10,19% pada september 2020.
#IDEKatadata2021",1375004513090764805,,,in,,0,0,0,https://x.com/DinaNurAlifiah/status/1375004513090764805,2210732136,DinaNurAlifiah,2021,2021,3,2021-03-25
1374254636635320325,2021-03-23 14:00:12+07:00,1,"Terdampak Pandemi, Persentase Penduduk Miskin Naik https://t.co/xATxGm8bED",1374254636635320325,,,in,,0,0,0,https://x.com/jawapos/status/1374254636635320325,2392460208,jawapos,2021,2021,3,2021-03-23
1374249641399623683,2021-03-23 13:43:57+07:00,1,"Otsus telah berhasil menurunkan angka kemiskinan di Papua. Perubahan yg signifikan tercermin pada penurunan persentase penduduk miskin, dari 54,75 persen pada Maret 1999 menjadi 26,55 persen pada September 2019.

#OtsusPapuaLanjutDidukung https://t.co/F9FyhSnQ2S",1374250546937303040,https://pbs.twimg.com/media/ExJRlrWU8AIqlgE.jpg,boanerges__,in,,0,0,1,https://x.com/boanerges__/status/1374250546937303040,2676197712,boanerges__,2021,2021,3,2021-03-23
1374147916001026052,2021-03-23 06:56:08+07:00,0,"Otsus telah berhasil menurunkan angka kemiskinan di Papua. Perubahan yang signifikan tercermin pada penurunan persentase penduduk miskin, dari 54,75 persen pada Maret 1999 menjadi 26,55 persen pada September 2019 #FaktaDiPapua Kemajuan Ditanah Cenderawasih https://t.co/Iq70YqLdOg",1374147916001026052,https://pbs.twimg.com/media/ExH0O2NUUAQ0wmb.jpg,,in,,0,0,0,https://x.com/pinkyyxx2/status/1374147916001026052,1344085072081682432,pinkyyxx2,2021,2021,3,2021-03-23
1373468870002941952,2021-03-21 09:57:53+07:00,2,"selain itu, Otsus juga berhasil menurunkan angka kemiskinan di Papua. Perubahan yg signifikan tercermin pada penurunan persentase penduduk miskin, dari 54,75% pd Maret 1999 menjadi 26,55% pd September 2019.

#TNIPolriHadirDiPapua https://t.co/1pIbkQuylN",1373468879339450368,https://pbs.twimg.com/media/Ew-KpirU8AUZ-Ye.jpg,boanerges__,in,,0,1,2,https://x.com/boanerges__/status/1373468879339450368,2676197712,boanerges__,2021,2021,3,2021-03-21
1370902552447946754,2021-03-14 08:00:13+07:00,1,"Meskipun kaya akan sawit, masyarakat di provinsi dengan tutupan sawit terbesar belum sejahtera. Empat dari sepuluh provinsi kaya sawit memiliki persentase penduduk miskin lebih tinggi dari rata-rata nasional.

#Sawit #PetaniSawit #UntukmuBumiku

https://t.co/pjRpfjRpzn",1370902552447946754,,,in,,0,0,0,https://x.com/yayasanmadani/status/1370902552447946754,849863751884881920,yayasanmadani,2021,2021,3,2021-03-14
1367422066438332418,2021-03-04 17:30:00+07:00,0,"Persentase penduduk miskin di Grobogan mengalami penurunan satu persen sejak Bupati @SumarniGrobogan  menjabat. 

https://t.co/eI4jh0mlWh",1367422066438332418,,,in,,0,0,0,https://x.com/jp_radarkudus/status/1367422066438332418,1299190506090446848,jp_radarkudus,2021,2021,3,2021-03-04
1362673921888309248,2021-02-19 15:02:34+07:00,0,"Foto: Kepala BPS Aceh dan Sulthan Alfaraby usai berdiskusiLINTAS ATJEH | BANDA ACEH - Penduduk miskin di Aceh meningkat 19 ribu orang pada September 2020. Secara persentase, angka kemiskinan di Serambi Mekah sebesar 15,43% atau tertinggi di Sumatera. Dat… https://t.co/GHWsYIExgP",1362673921888309248,,,in,,0,0,0,https://x.com/JRKAceh/status/1362673921888309248,254474763,JRKAceh,2021,2021,2,2021-02-19
1362614624290369538,2021-02-19 11:06:57+07:00,1,"Persentase tertinggi Penduduk Miskin ada di Papua 26,8% dan Papua Barat 21,7% BUKAN DI ACEH seperti yang dituduhkan oleh @Dennysiregar7 https://t.co/JiFm1woBBH",1362614624290369538,,,in,,0,0,0,https://x.com/endjah_hamami/status/1362614624290369538,1336578087291559937,endjah_hamami,2021,2021,2,2021-02-19
1362504969383936001,2021-02-19 03:51:13+07:00,50,"Orang Miskin di Jawa Timur itu hampir 5.5 kali lipat dibanding Aceh. 
Coba lihat jumlah orang miskin penduduk Aceh dan kemudian bandingkan dengan Jawa Timur dan Jawa Tengah kemudian coba persentase kan‼️ https://t.co/Iz8DIQfgqM",1362504969383936001,https://pbs.twimg.com/media/EuiXCUIVkAAGJBk.jpg,,in,,0,2,18,https://x.com/_812ez4_P4hl3v1/status/1362504969383936001,1263317776975847425,_812ez4_P4hl3v1,2021,2021,2,2021-02-19
1362249616767393792,2021-02-18 10:56:35+07:00,0,"Salah satu karangan bunga bertuliskan,""Terima Kasih Pak Gubernur. Telah mempersembahkan prestasi juara termiskin se-sumatera.""  Persentase penduduk miskin provinsi Aceh pada tahun 2019 juga yang paling tinggi se-Sumatera yakni 15,01 persen.",1362249630352744452,,OPINI_id,in,,0,0,0,https://x.com/OPINI_id/status/1362249630352744452,359364908,OPINI_id,2021,2021,2,2021-02-18
1362217195246288896,2021-02-18 08:47:42+07:00,0,"Persentase penduduk miskin di beberapa propinsi tahun 2020: Jabar 8,43%, Jateng 11,84%, Aceh 15,43%, NTT 21,21%, Papua 26,8%.",1362217195246288896,,,in,,0,0,0,https://x.com/alimanshur/status/1362217195246288896,72229326,alimanshur,2021,2021,2,2021-02-18
1361955136629731331,2021-02-17 15:26:23+07:00,11,"Pandemi ini bikin jumlah penduduk miskin bertambah. Laporan Badan Pusat Statistik (BPS), persentase penduduk miskin di Indonesia pada September 2020 meningkat sebesar 10,19 persen atau bertambah 1,13 juta orang menjadi 27,55 juta orang. 

#NarasiNewsroom https://t.co/et91J4UqDm",1361955136629731331,https://pbs.twimg.com/media/Euai-QRUYAEuX9A.jpg,,in,,0,1,1,https://x.com/NarasiNewsroom/status/1361955136629731331,1158355819512991747,NarasiNewsroom,2021,2021,2,2021-02-17
1361943865607950338,2021-02-17 14:41:35+07:00,0,"Persentase penduduk miskin September 2020 naik 0,43 persen poin dibanding Maret 2020. https://t.co/nklTOCfQfE",1361943865607950338,https://pbs.twimg.com/media/EuaYuE1VEAQwCvF.jpg,,in,,0,1,0,https://x.com/bpskotamagelang/status/1361943865607950338,1177081326513426433,bpskotamagelang,2021,2021,2,2021-02-17
1361941311234793473,2021-02-17 14:31:26+07:00,1,"""10 provinsi dengan persentase penduduk miskin tertinggi:
-Papua 26,8%
-Papua Barat 21,7%
-NTT 21,21%
-Maluku 17,99%
-Gorontalo 15,59%
-Aceh 15,43%
-Bengkulu 15,30%
-NTB 14,23%
-Sulawesi Tengah 13,06%
-Sumatera Selatan 12,56%""

cc-in siapa ya?

https://t.co/dlkZK5Qxmi https://t.co/Q0JCovZvH4",1361941311234793473,https://pbs.twimg.com/media/EuaWZ2KVEAEgArn.jpg,,in,,0,2,0,https://x.com/GusTigaKilogram/status/1361941311234793473,69880997,GusTigaKilogram,2021,2021,2,2021-02-17
1361917726910898177,2021-02-17 12:57:43+07:00,0,"Persentase Penduduk Miskin Di NTT Bertambah Menjadi 21,21 Persen https://t.co/4C50nAXWhC",1361917726910898177,,,in,,0,0,0,https://x.com/nepafarming/status/1361917726910898177,88085777,nepafarming,2021,2021,2,2021-02-17
1361857960868253698,2021-02-17 09:00:14+07:00,0,"BPS : Persentase Penduduk Miskin Perkotaan Meningkat 0,12 Persen https://t.co/5EyvbRZlep https://t.co/glG0uOYTCe",1361857960868253698,https://pbs.twimg.com/media/EuZKmTiXcAEloB7.jpg,,in,,0,0,3,https://x.com/PemprovPapua/status/1361857960868253698,905987034388381696,PemprovPapua,2021,2021,2,2021-02-17
1361831383082012672,2021-02-17 07:14:37+07:00,0,"Bukan Jakarta, Persentase Penduduk Miskin Terendah Ada di Bali https://t.co/yyyLf98BjE",1361831383082012672,,,in,,0,0,0,https://x.com/progjo/status/1361831383082012672,2309825196,progjo,2021,2021,2,2021-02-17
1361828969830514689,2021-02-17 07:05:02+07:00,13,"Bukan Jakarta, Persentase Penduduk Miskin Terendah Ada di Bali https://t.co/DWp76Fqg0z https://t.co/oSSZ8peiXL",1361828969830514689,https://pbs.twimg.com/media/EuYwO0AUUAYloIn.jpg,,in,,1,1,1,https://x.com/KompasTV/status/1361828969830514689,71436318,KompasTV,2021,2021,2,2021-02-17
1361717883726929920,2021-02-16 23:43:37+07:00,12,Berikut daftar 10 provinsi di dengan persentase penduduk miskin tertinggi di Indonesia. https://t.co/JDGUrqBKQQ,1361717883726929920,,,in,,1,0,6,https://x.com/detikfinance/status/1361717883726929920,135795460,detikfinance,2021,2021,2,2021-02-16
1361663276929724419,2021-02-16 20:06:38+07:00,5,"#mostpop Penduduk miskin di Aceh meningkat 19 ribu orang pada September 2020. Secara persentase, angka kemiskinan di Aceh sebesar 15,43% atau tertinggi di Sumatera. https://t.co/TW1a1Zd9P9",1361663276929724419,,,in,,0,1,4,https://x.com/detikfinance/status/1361663276929724419,135795460,detikfinance,2021,2021,2,2021-02-16
1361336499388567552,2021-02-15 22:28:08+07:00,1,Persentase penduduk miskin di Provinsi Sulawesi Selatan  pada September 2020 tercatat 800.240 orang atau bertambah 23.410 orang dibandingkan Maret 2020 yang hanya 776.830 orang.  https://t.co/w2KVMe3Kfs,1361336499388567552,,,in,,0,0,1,https://x.com/mediaindonesia/status/1361336499388567552,68930552,mediaindonesia,2021,2021,2,2021-02-15
1476018462564630531,2021-12-29 09:33:19+07:00,1,"Kok ada ya opini kelas menengah seakan2 menderita. Nih data
https://t.co/WyZNakeK3f

Kalo dibil warga miskin dibantu harusnya data itu ga da.",1476018462564630531,,,in,,0,0,0,https://x.com/adhie_tholha/status/1476018462564630531,150530605,adhie_tholha,2021,2021,12,2021-12-29
1470347687132557312,2021-12-13 17:59:41+07:00,0,"Hasil susenas Maret 2021 menujukkan GK mengalami kenaikan dari tahun 2020, sementara itu persentase penduduk miskin mengalami kenaikan. Hal ini dialami semua kab/kot di lampung.
Bagaimana lebih lengkapnya?",1470347689519120385,,bpstulangbawang,in,,0,1,0,https://x.com/bpstulangbawang/status/1470347689519120385,1288686252217126913,bpstulangbawang,2021,2021,12,2021-12-13
1462584471077548038,2021-11-22 17:10:50+07:00,0,"@Yudi_anak_medan @Aqiu15556704 @DefUncle @kangthole81 @musniumar Kenapa yang pasang bendera negara lebih dari 1, rata2 literasinya kurang ya? Harusnya bagus literasinya.
https://t.co/zZbtQb2JS4",1462725249783402502,,Yudi_anak_medan,in,,0,0,0,https://x.com/alvebg7/status/1462725249783402502,2331027678,alvebg7,2021,2021,11,2021-11-22
1462428965495185413,2021-11-21 21:33:30+07:00,16,"Maksa Otsus berhasil padahal data dari BPS sejak 2007, tingkat kemiskinan Papua/Papua Barat tak pernah beranjak dari urutan terbawah.
https://t.co/sQmK84WbnG",1462428965495185413,,,in,,0,1,5,https://x.com/TaufiqSobari/status/1462428965495185413,500744290,TaufiqSobari,2021,2021,11,2021-11-21
1462403929694605313,2021-11-21 19:54:01+07:00,26,"Masih belum berubah, Papua dan Papua Barat sampai semester I 2021 masih menjadi provinsi dengan tingkat kemiskinan tertinggi.
https://t.co/EvGLsdeUkM https://t.co/phoEtDIWsl",1462403929694605313,https://pbs.twimg.com/media/FEuATZEVcAY7pP2.png,,in,,0,2,3,https://x.com/TaufiqSobari/status/1462403929694605313,500744290,TaufiqSobari,2021,2021,11,2021-11-21
1461192641865912326,2021-11-18 11:40:48+07:00,0,"Dari Data Badan Pusat Statistik (BPS) membuktikan bahwa persentase penduduk miskin di Babel periode Maret 2021 menempati urutan ke 4 terendah se-Indonesia, setelah Bali, DKI Jakarta dan Kalimantan Selatan.
#erzaldirosman #bangkabelitung https://t.co/j03jCj6MU2",1461192641865912326,https://pbs.twimg.com/media/FEcy9fbUYAAKtHI.jpg,,in,,1,0,1,https://x.com/temanerzaldiro1/status/1461192641865912326,1401073185542475786,temanerzaldiro1,2021,2021,11,2021-11-18
1347846244408782848,2021-01-09 17:02:41+07:00,6,"3. Persentase penduduk miskin Jawa Timur th 2020 sebesar 11,09 %, naik dari tahun sebelumnya (10,37 %). Di wilayah eks-Karesidenan Bojonegoro (Bojonegoro, Tuban, Lamongan), persentase penduduk miskin Kab Tuban yg tertinggi.",1347846244408782848,,,in,,0,0,5,https://x.com/DidikMukrianto/status/1347846244408782848,169785294,DidikMukrianto,2021,2021,1,2021-01-09
1347845687862468615,2021-01-09 17:00:28+07:00,10,"2. Persentase penduduk miskin Kabupaten Tuban (15,91 persen) pada tahun 2020 berada di peringkat 5 (lima) tertinggi dari 38 kabupaten/kota se-Provinsi Jawa Timur. Yang tertinggi adalah Kabupaten Sampang (22,78 persen), sedangkan yang terendah adalah Kota Batu (3,89 persen). https://t.co/p2rqKMSPZe",1347845687862468615,https://pbs.twimg.com/media/ErSCgfaVQAUXhtX.jpg,,in,,0,0,6,https://x.com/DidikMukrianto/status/1347845687862468615,169785294,DidikMukrianto,2021,2021,1,2021-01-09
1346443319409168384,2021-01-05 20:22:25+07:00,0,"Persentase Penduduk Miskin Maret 2020 naik menjadi 9,78 persen
-Badan Pusat Statistik -https://t.co/nqFoj7D6fo. 
via @bps_statistics",1346446960643854337,,moesa_jp02,in,,0,0,0,https://x.com/moesa_jp02/status/1346446960643854337,1211445770341113856,moesa_jp02,2021,2021,1,2021-01-05
1346256388641619969,2021-01-05 07:45:09+07:00,1,"Jumlah dan persentase penduduk miskin terbanyak per Maret 2020:

1. JaTim 4,42 juta jiwa (11,09℅)

2. JaTeng 3,98 juta jiwa (11,41℅)

3. Ja Bar 3,92 juta jiwa (7,9%)

4. Sumatera Utara 1,28 juta jiwa (8,75%)

5. NTT 1,15 juta jiwa (20,90 persen).
https://t.co/OxN2L9vARc",1346256388641619969,,,in,,0,0,0,https://x.com/NKRIndonesia79/status/1346256388641619969,579089730,NKRIndonesia79,2021,2021,1,2021-01-05
1346076957520191488,2021-01-04 22:38:43+07:00,1,"@MahaD3w4 Ini Mensos khusus DKI yaa...??? salut DKI punya Mensos sendiri....Jatim sama Jateng yg persentase penduduk miskin yg tertinggi 
 ngapain blusukan di DKI itu tuna wisma kader pdi yaa kok merah semua.",1346118870986231809,,MahaD3w4,in,,0,0,0,https://x.com/muhtar_fuat/status/1346118870986231809,838026597701562368,muhtar_fuat,2021,2021,1,2021-01-04
1345180529142845440,2021-01-02 13:58:37+07:00,0,@GeiszChalifah bang itu ngitungnya persentase terhadap apa .. jumlah penduduk daerah terkait atau terhadap total penduduk yg miskin seluruh indonesia 🙏?,1345263208311914496,,GeiszChalifah,in,,0,0,0,https://x.com/ermawan51004797/status/1345263208311914496,1122904197563682817,ermawan51004797,2021,2021,1,2021-01-02
1461108619898863618,2021-11-18 06:06:55+07:00,0,"Ndoro..
Ngomongin kemiskinan jauh lebih bermanfaat bagi kesejahteraan..
Jangan radikal radikul mulu..
https://t.co/vd36SSX0mT",1461108619898863618,,,in,,0,0,0,https://x.com/Supriya72540457/status/1461108619898863618,1198401887835324416,Supriya72540457,2021,2021,11,2021-11-18
1460920157094645761,2021-11-18 06:06:38+07:00,0,"@ganjarpranowo Ndoro..
Ngomongin kemiskinan jauh lebih bermanfaat bagi kesejahteraan..
Jangan radikal radikul mulu..
https://t.co/vd36SSX0mT",1461108546485903363,,ganjarpranowo,in,,0,0,0,https://x.com/Supriya72540457/status/1461108546485903363,1198401887835324416,Supriya72540457,2021,2021,11,2021-11-18
1606439844699582464,2022-12-24 08:35:20+07:00,14,"@UmarHasibuan77 @panca66 Membandingkan Pemerintahan SBY dan Jokowi sangat tidak layak bila pendekatannya dengan survey, biarkan data yg bicara, berupa pertumbuhan ekonomi, rasio utang, realisasi eksport import, persentase penduduk miskin, pengangguran, index demokrasi dll.",1606463503673413632,,UmarHasibuan__,in,,0,0,4,https://x.com/Ontowirjobendor/status/1606463503673413632,221404563,Ontowirjobendor,2022,2022,12,2022-12-24
1606252226749509633,2022-12-23 18:35:48+07:00,461,"Gimana caranya persentase penduduk miskin, angka ketimpangan, angka pengangguran, dan indikator-indikator lain terkait kependudukan dikeluarkan setiap tahunnya oleh BPS?

It comes down to SAMPLING!

Why it matters dan apa aja tipe-tipenya? Yuk disimak! https://t.co/wooPbrvcLk",1606252226749509633,https://pbs.twimg.com/media/FkqNweUVQAAUc5J.jpg,,in,,7,1,88,https://x.com/pacmannai/status/1606252226749509633,824984727597707265,pacmannai,2022,2022,12,2022-12-23
1605050105631068166,2022-12-20 10:59:00+07:00,2,"Indah Putri Indriani Berhasil Tingkatkan IPM Dan Tekan Persentase Penduduk Miskin Di Luwu Utara
#airlanggahartarto #airlanggapemersatu #airlanggauntukindonesia #partaigolkar #golkarpedia #golkarsolid #AirlanggaPresiden
https://t.co/2Z2qkHgXLK",1605050105631068166,,,in,,0,0,6,https://x.com/golkarpedia/status/1605050105631068166,721898354502930433,golkarpedia,2022,2022,12,2022-12-20
1603954554667782144,2022-12-17 10:25:40+07:00,9,"Luwu Utara di Bawah Indah Putri Indriani: IPM Naik, Persentase Penduduk Miskin Turun https://t.co/Wi5gTa5aem",1603954554667782144,,,in,,0,0,10,https://x.com/politiknesiacom/status/1603954554667782144,1953620240,politiknesiacom,2022,2022,12,2022-12-17
1602893584541552641,2022-12-14 12:37:24+07:00,3,"BPS Rilis Persentase Penduduk Miskin di Sumut, Terbanyak di Mana Ya? 

https://t.co/BiumypuzGG 
..",1602900541364912128,,moesa_jp02,in,,0,0,0,https://x.com/moesa_jp02/status/1602900541364912128,1211445770341113856,moesa_jp02,2022,2022,12,2022-12-14
1602183207004143618,2022-12-12 13:06:58+07:00,21,"Persentase penduduk miskin di Jateng ini konsisten kedua tertinggi di Pulau Jawa, di bawah DIY",1602183207004143618,,,in,,0,1,12,https://x.com/ObiWan_Catnobi/status/1602183207004143618,371261655,ObiWan_Catnobi,2022,2022,12,2022-12-12
1600450908613398528,2022-12-07 18:23:26+07:00,2,"Bencana Covid. Pak Anies bisa menekan kenaikan penduduk miskin dari 3,78% menjadi 4,69% di Jakarta. Program bantuan tepat ke masyarakat. Bandingkan persentase tingkat kemiskinan di Indonesia, saat Covid. Dari angka 9,22 % naik menjadi 10,19% sebanyak 2,76 jt jiwa. (Data BPS).",1600450908613398528,,,in,,0,0,0,https://x.com/IrawanRommi/status/1600450908613398528,1348987504985133057,IrawanRommi,2022,2022,12,2022-12-07
1599784173744533506,2022-12-06 16:32:33+07:00,0,"@preedicamennt @otongkoil Urutan berdasarkan persentase penduduk miskin terhadap populasi.

1. NTT : 20.9 %
2. Sumatera Selatan : 12.4 %
3. Sumatera Utara : 10.6 %
4. Jawa Tengah : 10.2 %
5. Jawa Timur : 10.1 %
6. Jawa Barat : 8.3 %",1600060618249502720,,,in,,0,1,0,https://x.com/Himotherfather_/status/1600060618249502720,1452051781110796288,Himotherfather_,2022,2022,12,2022-12-06
1598642544354955269,2022-12-02 18:37:39+07:00,0,"Adakah yang bisa menjelaskan, angka pertumbuhan ekonomi ini dengan persentase penduduk miskin per kabupaten kota di Malut dimana wilayah-wilayah pertambangan nikel (Haltim dan Halteng) merupakn kabupaten dengan penduduk miskin no 1 dan 2 di Maluku Utara (data BPS 2020-2022).",1598642546582097920,,supriyadi_sawai,in,,0,1,0,https://x.com/supriyadi_sawai/status/1598642546582097920,4831867943,supriyadi_sawai,2022,2022,12,2022-12-02
1598603376291614720,2022-12-02 16:02:00+07:00,0,"Jadi penduduk miskin adalah penduduk yang memiliki rata-rata pengeluaran perkapita perbulan dibawah garis kemiskinan.

Persentase penduduk miskin Kota Pekalongan mengalami penurunan dari tahun 2021 yang sebesar 7,59 persen menjadi 7,00 persen pada tahun 2022.",1598603378828857345,,bpspklkota,in,,0,0,0,https://x.com/bpspklkota/status/1598603378828857345,966865648042131456,bpspklkota,2022,2022,12,2022-12-02
1598516580144799745,2022-12-02 10:17:06+07:00,0,"Persentase penduduk miskin di Kabupaten Sikka pada tahun 2022 sebesar 12,61 persen, atau mengalami penurunan sebesar 0,74 persen poin terhadap tahun 2021. #publisherstory #florespedia https://t.co/XaiaMl87tN",1598516580144799745,,,in,,0,0,1,https://x.com/kumparan/status/1598516580144799745,759692754985242625,kumparan,2022,2022,12,2022-12-02
1597138223540510720,2022-11-28 15:00:00+07:00,3,"Populasi Roma berada di puncak di abad ke-1 SM sampai akhir abad ke-2 M, sekitar 1 juta penduduk. Diperkirakan orang miskin merupakan persentase yang cukup besar dari jumlah tersebut. https://t.co/aBmartaYcZ",1597138223540510720,,,in,,0,0,1,https://x.com/NGIndonesia/status/1597138223540510720,36904795,NGIndonesia,2022,2022,11,2022-11-28
1596056568340090880,2022-11-25 17:54:08+07:00,2,"@detikcom Setelah kompor listrik,skrg rice cooker...
Bukan gak mungkin tahun dpn bagi-bagi kulkas gratis.
Alasannya 2:
1.Memastikan surplus listrik @pln_123 terpakai.
2.Mengurangi persentase penduduk miskin versi bps melalui kenaikan daya PLN,meski absurd",1596094881939992577,,detikcom,in,,0,0,0,https://x.com/yanpanjie/status/1596094881939992577,868004863,yanpanjie,2022,2022,11,2022-11-25
1596094854823833600,2022-11-25 17:54:02+07:00,0,"Setelah kompor listrik,skrg rice cooker...
Bukan gak mungkin tahun dpn bagi-bagi kulkas gratis.
Alasannya 2:
1.Memastikan surplus listrik @pln_123 terpakai.
2.Mengurangi persentase penduduk miskin versi bps melalui kenaikan daya PLN,meski absurd",1596094854823833600,,,in,,0,0,0,https://x.com/yanpanjie/status/1596094854823833600,868004863,yanpanjie,2022,2022,11,2022-11-25
1593100346158899200,2022-11-18 11:02:19+07:00,0,"1 Banda Aceh - Meskipun mengalami penurunan, Badan Pusat Statistik (BPS) mencatat selama periode September 2021-Maret 2022, persentase penduduk miskin di Aceh mencapai 14,64 persen.

Kemenkumham Aceh",1593454530137534464,,kemenkumaceh,in,,0,1,0,https://x.com/kemenkumaceh/status/1593454530137534464,4852893184,kemenkumaceh,2022,2022,11,2022-11-18
1589773206377725953,2022-11-08 07:26:33+07:00,0,"Menurunnya jumlah penduduk miskin perdesaan dari 17,7 juta tahun 2014 menjadi 17,1 juta tahun 2017 dan, adanya penurunan persentase penduduk miskin perdesaan dari 14,09% pada tahun 2015 menjadi 13,93% di tahun 2017. Pencapaian ini akan dapat ditingkatkan lagi di tahun2 mendatang",1589776350222614530,,mbenk5,in,,0,1,0,https://x.com/mbenk5/status/1589776350222614530,522182618,mbenk5,2022,2022,11,2022-11-08
1588827310442311680,2022-11-06 12:36:00+07:00,0,"@k_homb @CutSarina5 Sekali lagi, coba baca data ini baik². Di perkotaan, masih lbh besar persentase penduduk miskin di DIY. DI perdesaan, masih lbh besar persentase penduduk miskin di Jatim. 
Atau sodare punya data lain?

https://t.co/7471kAT9NC",1589129451342041089,,,in,,0,0,0,https://x.com/cari_cahya/status/1589129451342041089,987211835496517632,cari_cahya,2022,2022,11,2022-11-06
1587272062967877634,2022-11-01 19:57:04+07:00,0,"@ChusnulCh__ Persentase penduduk miskin tertinggi di Pulau Jawa Prov Jogja 11.91%, no 2 Jateng 11.25%.",1587428510896779266,,ChusnulCh__,in,,0,0,0,https://x.com/Debus_Banten/status/1587428510896779266,1514936487468404741,Debus_Banten,2022,2022,11,2022-11-01
1587272062967877634,2022-11-01 14:02:25+07:00,4,"@ChusnulCh__ Dari segi jumlah, penduduk miskin Jateng lbh banyak dibanding DKI. Dari segi persentase, persentase pend. miskin Jateng jauh lbh tinggi dibanding DKI. Lalu dari segi apanya Jateng vs DKI, Jateng lebih baik dari DKI? Apa cuma sekedar bacot monolog @ChusnulCh__ ?",1587339260038090752,,ChusnulCh__,in,,0,1,2,https://x.com/kabildjafar/status/1587339260038090752,1498628220056649728,kabildjafar,2022,2022,11,2022-11-01
1586277528481648640,2022-10-30 14:34:48+07:00,2,"@nsnsnnqx @itskepinnnn @worksfess Wkwkwk gk bisa lu bikin korelasi UMK vs Jumlah penduduk miskin terus ambil kesimpulan  UMK tinggi gk bikin buruh sejahtera. Dangkal. Berapa sih persentase buruh pabrik di jatim vs jumlah penduduk ? 
Dan justru karna banyak yg dibayar di bawah UMK makanya  susah sejahtera",1586622632325095426,,nsnsnnqx,in,,0,2,0,https://x.com/VastExpanse93/status/1586622632325095426,1406525296438779905,VastExpanse93,2022,2022,10,2022-10-30
1579665267755724800,2022-10-11 09:48:43+07:00,26,"Nderek mangayubagya pelantikan Gubernur dan Wakil Gubernur DIY. 

Sejumlah persoalan yang perlu mendapat perhatian: persentase penduduk miskin tertinggi di Jawa, rasio gini tertinggi se-Indonesia, dan UMR terendah kedua di Indonesia. 

Selengkapnya: https://t.co/KsSuMFMg48 https://t.co/z7gVgsUk8B",1579665267755724800,https://pbs.twimg.com/media/FewZL3CaUAAS5i9.jpg,,in,,0,1,13,https://x.com/harisfirdaus/status/1579665267755724800,60783000,harisfirdaus,2022,2022,10,2022-10-11
1576005373319790593,2022-10-01 10:46:58+07:00,5,"@bachrum_achmadi Maret 2018 Persentase penduduk miskin Jakarta 3,57%.
- Maret 2019 turun menjd 3,47%.
- Sept 2019 Turun 3,42% 
- Maret 2020 melesat menjd  4,53% 
- Sept 2020 naik menjd 4,69% 
- Maret 2021 naik menjd 4,72%.
- Sept 2021 turun menjd 4,67%.
- Maret 2022 naik menjd 4,69%.",1576056048309645313,,bachrum_achmadi,in,,0,1,0,https://x.com/marbun_pm/status/1576056048309645313,266536058,marbun_pm,2022,2022,10,2022-10-01
1572545429753196549,2022-09-21 18:17:01+07:00,0,"Sekali2 ngeliatnya dari populasi, jangan persentase rasio mulu. Kalo penduduk Jawa Tengah 10 juta, hampir setegahnya miskin semua.",1572545429753196549,,,in,,0,0,0,https://x.com/smeleketeh/status/1572545429753196549,1540036725896257536,smeleketeh,2022,2022,9,2022-09-21
1572081334872592386,2022-09-20 11:32:52+07:00,0,"7 provinsi dengan persentase penduduk miskin terbanyak di Indonesia:

1. Bengkulu 14,88%
2. NTB 14,10%
3. Sumatera Selatan 11,23%
4. Jambi 10,51%
5. DIY 10,56%
6. Aceh 10,31%
7. Jawa Tengah 9,92%

#miskin #indonesia #penduduk @ganjarpranowo https://t.co/nAqOvZwsY2",1572081334872592386,https://pbs.twimg.com/media/FdEno5DagAEVNIF.jpg,,in,,0,1,0,https://x.com/rezalisni/status/1572081334872592386,37101716,rezalisni,2022,2022,9,2022-09-20
1572078129329631233,2022-09-20 11:20:08+07:00,2,Jumlah penduduk miskin di Indonesia yakni 26 juta jiwa di mana jumlah penduduk miskin terbesar ada di Jawa dan persentase penduduk miskin di luar jawa https://t.co/kpMU4q3Dvz,1572078129329631233,,,in,,0,1,1,https://x.com/kompascom/status/1572078129329631233,23343960,kompascom,2022,2022,9,2022-09-20
1571299473682305024,2022-09-18 17:48:45+07:00,1,"@Gunawanpark @simpatisanPKS @detikcom ayo kita masuk ke wilayah sama2 seuprit, yaitu wilayah kota (Depok itu kota), terlihat dlm screen capture di atas persentase penduduk miskin di depan tdk sampai 3% sdgkan semua kota di Jateng (kota = dipimpin walikota) semua di atas 4% bahkan ada yg 9,4% https://t.co/OJIDto3Qmk",1571451153115934722,,Gunawanpark,in,,0,1,0,https://x.com/ohorella_b/status/1571451153115934722,61773777,ohorella_b,2022,2022,9,2022-09-18
1569535672683495431,2022-09-13 10:57:19+07:00,0,"Satu cara menurunkan persentase orang miskin.
Tinggal tunggu hasil survei yg menyatakan pasca kenaikan BBM,tingkat kepuasan masyarakat terhadap pemerintah naik &amp; jumlah penduduk “miskin” menurun😎",1569535672683495431,,,in,,0,0,0,https://x.com/yanpanjie/status/1569535672683495431,868004863,yanpanjie,2022,2022,9,2022-09-13
1569446092064047104,2022-09-13 10:56:58+07:00,0,"@SusantoMulyono2 Satu cara menurunkan persentase orang miskin.
Tinggal tunggu hasil survei yg menyatakan pasca kenaikan BBM,tingkat kepuasan masyarakat terhadap pemerintah naik &amp; jumlah penduduk “miskin” menurun😎",1569535585039323137,,SusantoMulyono2,in,,0,0,0,https://x.com/yanpanjie/status/1569535585039323137,868004863,yanpanjie,2022,2022,9,2022-09-13
1565254554408857606,2022-09-01 15:25:41+07:00,0,"""Data BPS menunjukkan jumlah orang miskin dan persentase penduduk miskin di Yogyakarta dari 2013 hingga 2022 tidak mengalami penurunan, lebih buruk dari angka nasional. Ini dibarengi indeks ketimpangan yg meningkat di YK sejak UU Keistimewaan disahkan."" https://t.co/fcBHGXP1ze",1565254554408857606,,,in,,0,0,0,https://x.com/arissetyawan/status/1565254554408857606,64392525,arissetyawan,2022,2022,9,2022-09-01
1565220407694835713,2022-09-01 13:10:00+07:00,0,"Berdasarkan data yang di keluarkan oleh #BPS (Badan Pusat Statistik) Provinsi Kepulauan Riau, Persentase Penduduk #Miskin di Provinsi Kepulauan Riau pada Maret 2022 sebesar 6,24 persen atau sekitar 151,68 Ribu Jiwa. https://t.co/hl9JFYVr54",1565220407694835713,,,in,,0,0,0,https://x.com/kepripostcom/status/1565220407694835713,1237785164,kepripostcom,2022,2022,9,2022-09-01
1564786609018392579,2022-08-31 13:24:39+07:00,10,"Membaca tabel sederhana dg komprehensif saja susah, apalagi disuruh ngitung jumlah &amp; persentase penduduk miskin hdhhhhhhh",1564861706030813184,,ObiWan_Catnobi,in,,0,2,1,https://x.com/ObiWan_Catnobi/status/1564861706030813184,371261655,ObiWan_Catnobi,2022,2022,8,2022-08-31
1560096606048833536,2022-08-18 10:43:31+07:00,1,"Data Food Security and Vulnerability Atlas (FSVA) 2021, menunjukkan 74 kabupaten/kota masuk dalam kategori rentan rawan pangan. Penyebabnya yaitu produksi pangan lebih kecil dari kebutuhan, persentase penduduk miskin tinggi, prevalensi stunting tinggi &amp; akses air bersih terbatas. https://t.co/nUdwt3aep1",1560110116950618113,https://pbs.twimg.com/media/Faaf4hSUIAAST9_.jpg,cips_id,in,,0,1,1,https://x.com/cips_id/status/1560110116950618113,3146528560,cips_id,2022,2022,8,2022-08-18
1559344962382094337,2022-08-16 13:41:48+07:00,1,@pr0f1tr0n1 @HitamSilit @littlevixen__ @katzedikke Mau data perbandingan apa nih sama Indonesia? GDP per kapita? Peringkat pendidikan? Kesehatan? Persentase penduduk miskin? Pengangguran?,1559430206598746117,,pr0f1tr0n1,in,,0,2,0,https://x.com/fatmagnuscarlsn/status/1559430206598746117,70360160,fatmagnuscarlsn,2022,2022,8,2022-08-16
1558635414465851392,2022-08-14 09:47:05+07:00,3,@tatakujiyati Memangnya udah hitung persentase penduduk miskin jakarta terhadap total penduduk jakarta ?.🤭,1558646361675149312,,tatakujiyati,in,,0,1,0,https://x.com/Bravo_munte/status/1558646361675149312,1093006753204039680,Bravo_munte,2022,2022,8,2022-08-14
1556889043631104001,2022-08-09 13:24:08+07:00,0,"Waduh, Persentase Penduduk Miskin di DIY Lampaui Angka Nasional https://t.co/sEOCHPR6XO",1556889043631104001,,,in,,0,0,0,https://x.com/senyumi4j4/status/1556889043631104001,1341581384876347397,senyumi4j4,2022,2022,8,2022-08-09
1555163043545264129,2022-08-05 12:34:33+07:00,2,"@ekowboy2 BELAJAR LAGI baca data. Provinsi termiskin tidak paralel dg jumlah penduduk miskin serta persentase penduduk miskin.
Tingkat pendapatan tidak sama dengan garis kemiskinan.",1555427014261481473,,ekowboy2,in,,0,0,0,https://x.com/AHayH_yatt/status/1555427014261481473,595560339,AHayH_yatt,2022,2022,8,2022-08-05
1552836446893101059,2022-07-29 09:01:28+07:00,0,"Berdasarkan klasifikasi perkotaan dan perdesaan, persentase penduduk miskin di daerah perkotaan tercatat sebesar 4,23%, sedangkan penduduk miskin di daerah perdesaan tercatat sebesar 5,39%.",1552836674694127616,,bpsprovbali,in,,0,1,0,https://x.com/bpsprovbali/status/1552836674694127616,554943457,bpsprovbali,2022,2022,7,2022-07-29
1552137380219723778,2022-07-27 21:15:00+07:00,36,"@mawakresna rasio gini (ukuran/indikator) yg menggambarkan kondisi ketimpangan pendapatan/kesejahteraan warga di Jogja ""konsisten"" tinggi dari tahun ke tahun. fluktuasi skor Indeks Gini masih berkutat di kisaran yg tinggi. Ttg kemiskinan, persentase penduduk miskin di DIY jg ""juara"" se-Jawa. https://t.co/XVAR17TSCU",1552296498242600960,https://pbs.twimg.com/media/FYrdbKfaQAEPCsl.jpg,mawakresna,in,,0,3,14,https://x.com/mtaufiqar/status/1552296498242600960,239198179,mtaufiqar,2022,2022,7,2022-07-27
1551748510164611072,2022-07-26 08:57:29+07:00,0,"Papua masih menjadi wilayah Indonesia yang memiliki angka kemiskinan tinggi. Badan Pusat Statistik (BPS) mencatat persentase penduduk miskin di Papua mengalami peningkatan 0,09% poin, yaitu dari 26,55% pada September 2019 menjadi 26,64% pada Maret 2020.
#MembangunPapua",1551748510164611072,,,in,,0,0,0,https://x.com/noormafmz/status/1551748510164611072,112670197,noormafmz,2022,2022,7,2022-07-26
1551187657606463490,2022-07-24 19:48:51+07:00,0,Persentase penduduk miskin di Papua menurun. #Papua #DOB #Otsus https://t.co/0ODu4MfZ7i,1551187657606463490,https://pbs.twimg.com/media/FYbs8txaQAI2ttr.jpg,,in,,0,0,0,https://x.com/Maharafitri_ani/status/1551187657606463490,1528237075287248896,Maharafitri_ani,2022,2022,7,2022-07-24
1548118994128740352,2022-07-16 08:35:05+07:00,1,"Waduh, Persentase Penduduk Miskin di DIY Lampaui Angka Nasional https://t.co/SZkCZeYBZJ #beritajogja #jogja #jogjaistimewa https://t.co/aE0aZ5mMNW",1548118994128740352,https://pbs.twimg.com/media/FXwGBYNUEAENPNE.jpg,,in,,0,0,0,https://x.com/Harian_Jogja/status/1548118994128740352,118371948,Harian_Jogja,2022,2022,7,2022-07-16
1548095068216602629,2022-07-16 07:14:12+07:00,3,"Dengan persentase penduduk miskin di Bali sebesar 4,57 persen, maka jumlah penduduk miskin di Bali pada Maret 2022 berkurang sekitar 5.780 orang dibandingkan September 2021. Namun angka itu masih lebih tinggi dibandingkan Maret 2021. #AdadiKompas

https://t.co/fcATrVFDCK",1548098640908283904,,hariankompas,in,,0,1,1,https://x.com/hariankompas/status/1548098640908283904,255866913,hariankompas,2022,2022,7,2022-07-16
1547944125823008771,2022-07-15 21:00:13+07:00,19,"BPS mencatat jumlah penduduk miskin pada Maret 2022 sebanyak 26,16 juta orang.

Persentase penduduk miskin terbanyak di pulau Jawa yaitu 52,96%.

Baca selengkapnya di https://t.co/ZEdgB8P171 https://t.co/PDF666Kn2p",1547944125823008771,https://pbs.twimg.com/media/FXtm8Y7UEAM9nm6.jpg,,in,,2,12,6,https://x.com/tempodotco/status/1547944125823008771,18129942,tempodotco,2022,2022,7,2022-07-15
1547940693309784065,2022-07-15 20:46:35+07:00,0,"Persentase Penduduk Miskin Turun Pada Maret, Menurut BPS https://t.co/ArD4mPo7BH",1547940693309784065,,,in,,0,0,0,https://x.com/ivooxid/status/1547940693309784065,745849790332805121,ivooxid,2022,2022,7,2022-07-15
1547938954371952640,2022-07-15 20:39:40+07:00,0,"Setelah Aceh dengan persentase penduduk miskin sebesar 14,64%, disusul Provinsi Bengkulu 14,62%, Sumatera Selatan 11,90%, Lampung 11,57%, Sumatera Utara 8,42%, Jambi 7,62% dan Riau 6,78%.

https://t.co/esbLuRflaF",1547938954371952640,,,in,,0,0,0,https://x.com/infoacehnet/status/1547938954371952640,98190099,infoacehnet,2022,2022,7,2022-07-15
1547898792531218432,2022-07-15 18:00:05+07:00,1,"Kepala Badan Pusat Statistik (BPS), Margo Yuwono melaporkan, persentase penduduk miskin Indonesia pada Maret 2022 adalah sebesar 9,54 persen. Capaian itu menurun 0,60 persen poin, terhadap Maret 2021.

Selengkapnya : https://t.co/9V6sppoLfd
___
#Vivacoid #Indonesia #Kemiskinan https://t.co/TQHixTcTMz",1547898792531218432,https://pbs.twimg.com/media/FXs9vxSVUAIEzqP.jpg,,in,,0,0,1,https://x.com/VIVAcoid/status/1547898792531218432,41730943,VIVAcoid,2022,2022,7,2022-07-15
1547886183635566592,2022-07-15 17:10:03+07:00,6,"Beritanya gaes

Badan Pusat Statistik (BPS) mencatat bahwa persentase penduduk miskin pada Maret 2022 sebesar 9,54 persen atau turun 0,17 persen poin dibandingkan September 2021 dan menurun 0,60 persen poin terhadap Maret 2021.

https://t.co/lJHognEunK",1547886203050946561,,PaltiHutabarat,in,,0,1,1,https://x.com/PaltiHutabarat/status/1547886203050946561,214159664,PaltiHutabarat,2022,2022,7,2022-07-15
1547879178128994304,2022-07-15 16:42:28+07:00,0,"Persentase penduduk miskin perkotaan pada September 2021 sebesar 5,08 persen, naik menjadi 5,17 persen pada Maret 2022. Sementara persentase penduduk miskin perdesaan pada September 2021 sebesar 5,23 persen, naik menjadi 5,36 persen pada Maret 2022. https://t.co/8Cs5NlyTDS",1547879258743533568,https://pbs.twimg.com/media/FXsr-ZcaMAA8hy_.jpg,bpskalteng,in,,0,1,0,https://x.com/bpskalteng/status/1547879258743533568,3396110051,bpskalteng,2022,2022,7,2022-07-15
1547862605481402368,2022-07-15 15:36:17+07:00,1,"Jumlah penduduk miskin di Indonesia menurun baik dari segi persentase maupun angka.
https://t.co/Kb3L9HFkrZ",1547862605481402368,,,in,,0,0,0,https://x.com/Media_Asuransi/status/1547862605481402368,1450957656,Media_Asuransi,2022,2022,7,2022-07-15
1547853992939556864,2022-07-15 15:02:04+07:00,0,"BPS : Maret 2022, Persentase Penduduk Miskin Di Maluku Turun #Ekonomi  -  https://t.co/24EM6YQ3X4",1547853992939556864,,,in,,0,0,0,https://x.com/Tribun_Maluku/status/1547853992939556864,1133436931,Tribun_Maluku,2022,2022,7,2022-07-15
1547829018790993920,2022-07-15 13:23:30+07:00,0,"Persentase penduduk miskin di Bali pada Maret 2022 sebesar 4,57%. Turun 0,15% poin terhadap September 2021 dan meningkat 0,04% poin terhadap Maret 2021. https://t.co/cPr4vrNCh7",1547829190132523011,https://pbs.twimg.com/media/FXr-XO1VsAAjQqn.jpg,bpsprovbali,in,,0,1,0,https://x.com/bpsprovbali/status/1547829190132523011,554943457,bpsprovbali,2022,2022,7,2022-07-15
1547786812684263427,2022-07-15 10:35:07+07:00,0,"#RT @bps_statistics: Persentase penduduk miskin pada Maret 2022 sebesar 9,54 persen, menurun 0,17 persen poin terhadap September 2021 dan menurun 0,60 persen poin terhadap Maret 2021.

#RilisBPS
#Kemiskinan",1547786812684263427,,,in,,0,0,0,https://x.com/alfareno/status/1547786812684263427,26321663,alfareno,2022,2022,7,2022-07-15
1547784688541900800,2022-07-15 10:26:40+07:00,0,"RT bps_statistics: Persentase penduduk miskin pada Maret 2022 sebesar 9,54 persen, menurun 0,17 persen poin terhadap September 2021 dan menurun 0,60 persen poin terhadap Maret 2021.

#RilisBPS
#Kemiskinan",1547784688541900800,,,in,,0,0,0,https://x.com/alfareno/status/1547784688541900800,26321663,alfareno,2022,2022,7,2022-07-15
1547778420175544322,2022-07-15 10:01:46+07:00,47,"Persentase penduduk miskin pada Maret 2022 sebesar 9,54 persen, menurun 0,17 persen poin terhadap September 2021 dan menurun 0,60 persen poin terhadap Maret 2021.

#RilisBPS
#Kemiskinan",1547778420175544322,,,in,,7,16,20,https://x.com/bps_statistics/status/1547778420175544322,3021760068,bps_statistics,2022,2022,7,2022-07-15
1546133813293551616,2022-07-10 21:15:35+07:00,0,"@zqhr Terus, sering banget netizen indo  ngolok ngolok keadaan TL saat ini. Gw yang baca aja malu, padahal kalau secara jumlah, orang miskin kita berapa puluh kali dari jumlah penduduk TL, walau secara persentase TL emang memprihatinkan sih.",1546136052724707328,,zqhr,in,,0,1,0,https://x.com/ginmunth/status/1546136052724707328,1247539961689042944,ginmunth,2022,2022,7,2022-07-10
1543814694930362369,2022-07-05 13:36:45+07:00,0,@74bidadari @komstiroblak @BTS31193937 @CNNIndonesia Persentase Penduduk miskin Sumbar separonya  persentase Jateng prasaan. 😅 Cek data BPS dulu baru mangap..😁,1544208646279954432,,74bidadari,in,,0,1,0,https://x.com/agungza3/status/1544208646279954432,1271761686353948672,agungza3,2022,2022,7,2022-07-05
1542368197407813632,2022-07-01 23:19:30+07:00,19,"Tantangan pembangunan provinsi pemekaran sangat berat, terutama Papua Pegunungan dan juga Papua Tengah. 

Kabupaten/kota dengan persentase penduduk miskin tertinggi ngumpul di sini ☹️

https://t.co/Bx9XGMw9qS",1542905745636999171,,adepedia,in,,0,1,4,https://x.com/adepedia/status/1542905745636999171,200448287,adepedia,2022,2022,7,2022-07-01
1541418578171383808,2022-06-27 20:50:01+07:00,0,"Di tahun 2021, persentase kemiskinan di Sumut semester I (Maret) 2021 sebesar 9,01% dan menurun ke angka 8,49% di semester II (September). Bila menggunakan data kependudukan BPS 2021 berarti ada sekitar 1.268.079 penduduk miskin di Sumut
 https://t.co/qrrJAgO3Na",1541418578171383808,,,in,,0,0,0,https://x.com/utamanewscom/status/1541418578171383808,1076275093,utamanewscom,2022,2022,6,2022-06-27
1540290859119382531,2022-06-24 18:08:52+07:00,2,"Badan Pusat Statistik (BPS) DKI Jakarta melaporkan persentase penduduk miskin DKI Jakarta pada September 2020 kembali meningkat menjadi 4,69 persen atau sekitar 497.000 orang. #Metropolitan #Kompas57
https://t.co/CJwpn0HbGd",1540290859119382531,,,in,,0,0,1,https://x.com/hariankompas/status/1540290859119382531,255866913,hariankompas,2022,2022,6,2022-06-24
1539642263558492160,2022-06-22 23:38:16+07:00,6,"Jadi di Pulau Jawa, Jakarta adalah provinsi dengan kenaikan persentase penduduk miskin terbanyak, diikuti Banten, dan Jawa Barat yang angka kemiskinannya naik sangat kecil.

Jawa Tengah, Jawa Timur dan DIY berhasil menurunkan angka kemiskinan meskipun didera Pandemi Covid-19.",1539648977615740934,,sigitwid,in,,0,3,3,https://x.com/sigitwid/status/1539648977615740934,168082298,sigitwid,2022,2022,6,2022-06-22
1539631532134252544,2022-06-22 22:28:56+07:00,5,"Lap. BPS Mayoritas penduduk miskin Indonesia berada di Pulau Jawa dgn jumlah mencapai 14,02 juta orang.
Persentase penduduk miskin P.Jawa:

1. Yogyakarta = 11,91%.
2. Jawa Tengah =11,25%.
3. Jawa Timur = 10,59%.
4. Jawa Barat = 7,97%. 
5. Banten = 6,5%, dan
6. DKI Jakarta 4,67%.",1539631532134252544,,,in,,0,3,3,https://x.com/RomitsuT/status/1539631532134252544,1038483432391634944,RomitsuT,2022,2022,6,2022-06-22
1539596348093534208,2022-06-22 20:09:37+07:00,2,"Hal menarik lainnya yang saya temukan gegara diskursus ini adalah cara menghitung persentase penduduk miskin.

Salah satu indikatornya adalah rata-rata pengeluaran per kapita. Lalu saya coba cari data soal pengeluaran per kapita ini. https://t.co/VLMZmBDcjZ",1539596471703851009,https://pbs.twimg.com/media/FV2-0_PaMAAunyu.jpg,RidhaIntifadha,in,,0,1,0,https://x.com/RidhaIntifadha/status/1539596471703851009,271922617,RidhaIntifadha,2022,2022,6,2022-06-22
1539416915310915585,2022-06-22 16:14:49+07:00,1,@Mdy_Asmara1701 Udah baca belum? Itu data BPS perbandingan persentase penduduk miskin di daerah Jawa. Ada gak di situ menyebutkan jumlah penduduk miskin khusus DKI dari tahun 2017-2022 ? Ckckckck... Si kontet masih aja bodo. https://t.co/G5m4etPMHe,1539537380297715712,https://pbs.twimg.com/media/FV2JFXfUcAELtBM.jpg,Mdy_Asmara1701,in,,0,1,0,https://x.com/MasterSifu11/status/1539537380297715712,1104538104759607296,MasterSifu11,2022,2022,6,2022-06-22
1539514164947075072,2022-06-22 14:59:08+07:00,0,"@DrEvaChaniago Nyang bacot miskin literasi die bisa cuap cuap karna masuk kagak miskin, kurang bersyukur ye? he he he 
BPS :
Persentase penduduk miskin pada September 2021 sebesar 9,71 persen, menurun 0,43 persen poin terhadap Maret 2021 dan menurun 0,48 persen poin terhadap September 2020.",1539518335850717185,,DrEvaChaniago,in,,0,0,0,https://x.com/reza_63/status/1539518335850717185,161251950,reza_63,2022,2022,6,2022-06-22
1539455565801263105,2022-06-22 10:49:48+07:00,0,"Gorengannya benar, bahwa kondisi persentase penduduk miskin Provinsi DKI Jakarta ""kembali ke 15 tahun lalu"", menggunakan data yang valid, yakni bersumber dari BPS @bps_statistics https://t.co/NEI5dvOsNw",1539455586617524224,https://pbs.twimg.com/media/FV0-JNRUAAIvqYH.png,maulsoh,in,,0,1,0,https://x.com/maulsoh/status/1539455586617524224,233902671,maulsoh,2022,2022,6,2022-06-22
1539455565801263105,2022-06-22 10:49:44+07:00,0,"Data yang valid pun masih bisa menjadi sumber keributan.
Yang terkini adalah data Persentase Penduduk Miskin Provinsi DKI Jakarta.

https://t.co/dEgwKp7Lwx",1539455572767977472,,maulsoh,in,,0,1,0,https://x.com/maulsoh/status/1539455572767977472,233902671,maulsoh,2022,2022,6,2022-06-22
1538700038356238336,2022-06-22 09:41:05+07:00,0,"@Ma67598404Ma @acehasan76 jelas tertulis akibat pandemi 2 tahun terakhir, data terbaru angka kemiskinan mulai diturunkan Anies, BPS mencatat persentase penduduk miskin berdasarkan provinsi dan daerah pada tahun 2020 Provinsi DKI Jakarta sebesar 4,69 persen dan pada tahun 2021 turun menjadi 4,67 persen.",1539438294789787649,,Ma67598404Ma,in,,0,1,0,https://x.com/Halaman1Google_/status/1539438294789787649,589855342,Halaman1Google_,2022,2022,6,2022-06-22
1539068508554010624,2022-06-21 09:11:41+07:00,0,"data persentase penduduk miskin per propinsi maret vs september 2021 menurut BPS. dgn tren Rp/USD melesat ke 15000 mungkin tahun 2022 ini kemiskinan justru bertambah, sebab inflasi tinggi harga sembako naik. propinsi kalsel, babel, dki adalah 3 besar kemiskinan terendah. https://t.co/iurZdmdPnn",1539068508554010624,https://pbs.twimg.com/media/FVvdU3EaMAAzvbw.png,,in,,0,0,0,https://x.com/f1rmanh/status/1539068508554010624,330116085,f1rmanh,2022,2022,6,2022-06-21
1538924398731636736,2022-06-20 23:39:03+07:00,0,"Data Bada Pusat Statistik mencatat angka kemiskinan di DKI Jakarta terus meningkat pada 2019-2021. Pada 2021 persentase penduduk miskin di Jakarta ialah 4,72 persen. #kumparanNEWS https://t.co/dZx59LcoTr",1538924398731636736,,,in,,0,1,0,https://x.com/kumparan/status/1538924398731636736,759692754985242625,kumparan,2022,2022,6,2022-06-20
1538802764179853312,2022-06-20 15:42:55+07:00,1,"Oke kalo tadi ngomongin jumlah. Coba cek terkait persentase warga miskin dibanding jumlah penduduk Jakarta. Bisa diiliat sendiri, persentasenya terus turun tahun 2018 dan 2019 di masa Anies. Naik drastis tahun 2020 dan 2021 ya karena pandemi... https://t.co/kyu8oIvHPN",1538804575389376512,https://pbs.twimg.com/media/FVruXoDVsAAdgWp.jpg,nobi_zen,in,,0,1,1,https://x.com/nobi_zen/status/1538804575389376512,32886979,nobi_zen,2022,2022,6,2022-06-20
1537085797228507137,2022-06-15 21:53:06+07:00,0,"Persentase Penduduk Miskin Menurut Provinsi,
Maret 2021 &amp; September 2021
https://t.co/sdJQ9TjSfR https://t.co/hO1UyJEBfk",1537085797228507137,https://pbs.twimg.com/media/FVTTREnaQAAs-63.jpg,,in,,0,0,1,https://x.com/siayi/status/1537085797228507137,110492126,siayi,2022,2022,6,2022-06-15
1537083844054384640,2022-06-15 21:45:20+07:00,0,"Persentase Penduduk Miskin (P0) Menurut Provinsi dan Daerah 2020-2021
https://t.co/Ld5Ot8JbMv",1537083844054384640,,,in,,0,0,0,https://x.com/siayi/status/1537083844054384640,110492126,siayi,2022,2022,6,2022-06-15
1536920393965252608,2022-06-15 21:02:00+07:00,2,"@M45Broo_ Perbandingan Th.2021 Penduduk Jateng yg miskin 11,25% dari 36,5jt total jml penduduk,  DKI yg miskin 5,05% dari 10jtan total jumlah pnduduk... Pakai logika aja ..persentase nya aja udah beda ..",1537072937756688385,,M45Broo_,in,,0,0,0,https://x.com/kondangx/status/1537072937756688385,139398011,kondangx,2022,2022,6,2022-06-15
1536921378586492928,2022-06-15 12:57:56+07:00,6,"@ChusnulCh__ @malakmalakmal Awal menjabat 2013 kemiskinan Jateng 14.44%
Akhir perioda I 2017, kemiskinan Jateng 13.01%
Periode II data terakhir 2021, kemiskinan 11.79%. Jadi walaupun dilanda pandemi 2 tahun, persentase penduduk miskin Jateng berkurang, bukan naik 5 kali lipat.",1536951119997730818,,ChusnulCh__,in,,0,2,2,https://x.com/yuana_kusuma/status/1536951119997730818,137152689,yuana_kusuma,2022,2022,6,2022-06-15
1536623253619298304,2022-06-14 15:15:07+07:00,0,"Untuk Pulau Jawa

⬇️

Sebaran Penduduk Miskin di Pulau Jawa

Di Pulau Jawa, penduduk miskin terbanyak berada di Jawa Timur dengan jumlah 4,25 juta orang (persentase penduduk miskin 10,59%).",1536623253619298304,,,in,,0,1,0,https://x.com/purnomowardoyo/status/1536623253619298304,1643277624,purnomowardoyo,2022,2022,6,2022-06-14
1535985053603221504,2022-06-12 20:59:08+07:00,16,"Kalo definisi provinsi termiskin adalah provinsi dengan persentase penduduk miskin tertinggi, tentu bukan Aceh jawabannya.

Tapi masuk bottom 5 wqwqwq. 15,5% soalnya",1535985053603221504,,,in,,0,0,0,https://x.com/ObiWan_Catnobi/status/1535985053603221504,371261655,ObiWan_Catnobi,2022,2022,6,2022-06-12
1535600735974748160,2022-06-12 07:38:54+07:00,0,@dfirdiansyah1 @AwanParutang @ferrykoto @PKSejahtera Lihat persentase jumlah penduduk miskin. Gitu aja kagak paham.,1535783669209923584,,dfirdiansyah1,in,,0,1,0,https://x.com/THaripriambodo/status/1535783669209923584,713021081246806016,THaripriambodo,2022,2022,6,2022-06-12
1535170741041213441,2022-06-10 18:39:15+07:00,0,"@orangkisaran @_ekokuntadhi persentase penduduk miskin beberapa provinsi di Indonesia

https://t.co/zYNSHIwgXt",1535225074667532288,,orangkisaran,in,,0,0,0,https://x.com/abi_gheitsa/status/1535225074667532288,151715641,abi_gheitsa,2022,2022,6,2022-06-10
1523780639475994624,2022-05-11 04:22:53+07:00,1,"@Dennysiregar7 Kalsel menjadi daerah dgn tingkat kemiskinan terendah di Indonesia.
Persentase penduduk miskin yang dicatat BPS di Kalimantan Selatan sebesar 4,5% Kep. Bangka Belitung 4,62%,DKI Jakarta 4,67%, Bali 4,72%,#/JATENG 11,25% dan JATIM 10,59%.
ANIES LBH SUKSES dr GANJAR.",1524137927277645824,,,in,,0,0,1,https://x.com/EdLoudy/status/1524137927277645824,1505206997784096771,EdLoudy,2022,2022,5,2022-05-11
1522112465697337344,2022-05-07 15:51:05+07:00,0,@KetumProDEMnew @ganjarpranowo Standar hidup di masing2 daerah berbeda... Standar hidup di Jakarta ngga ada apa2nya di bandingin New York.. Jadi tingkat kemiskinan ngukurnya bukan dari sini.. Tingkat kemiskinan itu ngukurnya dari persentase penduduk miskin atau rumah tangga miskin... Ngono lho le,1522861565640278016,,KetumProDEMnew,in,,0,1,0,https://x.com/abdbasithaljawi/status/1522861565640278016,1100306722827063301,abdbasithaljawi,2022,2022,5,2022-05-07
1509048275307016195,2022-03-30 13:02:00+07:00,0,"Jawa Tengah, Provinsi yang dipimpin oleh Gubernur @ganjarpranowo  ini memiliki persentase penduduk miskin sebesar 11,79 persen pada Maret 2021 dan 11,25 persen di September 2021. 
https://t.co/F83uwHQBqj
#GanjarPencitraan
#GanjarOraKerjo
#GanjarMaraiKere",1509048275307016195,,,in,,0,0,0,https://x.com/erin_kali/status/1509048275307016195,569121188,erin_kali,2022,2022,3,2022-03-30
1506794240827064320,2022-03-24 07:45:16+07:00,0,Daerah dengan Persentase Penduduk Miskin Tertinggi dan Terendah di Provinsi Sumbar https://t.co/BuM93pqMEy,1506794240827064320,,,in,,0,0,0,https://x.com/padangkitacom/status/1506794240827064320,198116133,padangkitacom,2022,2022,3,2022-03-24
1506176682293862405,2022-03-23 10:40:11+07:00,5,"@benngurionn @atjehsultanate Jika demikian,mengapa Aceh bisa menjadi lima besar provinsi termiskin di Indonesia dgn total persentase penduduk miskin terbesar di Indonesia.",1506475872844279809,,benngurionn,in,,0,1,0,https://x.com/_memoryusang/status/1506475872844279809,1340576950381760513,_memoryusang,2022,2022,3,2022-03-23
1501851553723924482,2022-03-10 17:29:30+07:00,0,"@_ekokuntadhi Ko, bagusan lu bantu Ganjar mengurangi jumlah rakyat miskin di Jateng yg jumlahnya 11,76% dari jumlah penduduk ketimbang ngurusin Anies. Bikin malu aja, masaiya persentase penduduk miskin Jateng hampir 2 x lipat jumlah rata² pendukung miskin Indonesia yg cuma 7,25%. https://t.co/JPF7kXkEs6",1501867836959965185,https://pbs.twimg.com/media/FNe01lpUYAIvwWc.jpg,_ekokuntadhi,in,,0,0,0,https://x.com/QodryAmir/status/1501867836959965185,1331484760552603649,QodryAmir,2022,2022,3,2022-03-10
1500054073327894534,2022-03-05 17:22:15+07:00,1,Saat ini Depok menempati urutan ketiga kota dengan persentase penduduk miskin terendah di Indonesia pada 2021. https://t.co/nXQSEzoUBy,1500054073327894534,,,in,,0,0,0,https://x.com/detikfinance/status/1500054073327894534,135795460,detikfinance,2022,2022,3,2022-03-05
1499650988310994945,2022-03-04 14:40:32+07:00,0,Saat ini Depok menempati urutan ketiga kota dengan persentase penduduk miskin terendah di Indonesia pada 2021. https://t.co/tFErskSP8K,1499650988310994945,,,in,,0,0,1,https://x.com/detikfinance/status/1499650988310994945,135795460,detikfinance,2022,2022,3,2022-03-04
1499650987228815369,2022-03-04 14:40:32+07:00,5,Saat ini Depok menempati urutan ketiga kota dengan persentase penduduk miskin terendah di Indonesia pada 2021.  https://t.co/BYv7kgkbGK,1499650987228815369,,,in,,1,2,2,https://x.com/detikcom/status/1499650987228815369,69183155,detikcom,2022,2022,3,2022-03-04
1499306316212355072,2022-03-03 15:50:56+07:00,0,Persentase Jumlah Penduduk Miskin di Depok Terendah Ketiga Nasional https://t.co/yyvJE3x1sY,1499306316212355072,,,in,,0,0,0,https://x.com/wjtodaycom/status/1499306316212355072,1062697782425772032,wjtodaycom,2022,2022,3,2022-03-03
1499258266303574016,2022-03-03 12:40:00+07:00,2,"Persentase jumlah penduduk miskin Kota Depok terendah ketiga di Indonesia yaitu 2,58 persen

https://t.co/kNBmyc1LvO",1499258266303574016,,,in,,0,0,0,https://x.com/okezonenews/status/1499258266303574016,47274731,okezonenews,2022,2022,3,2022-03-03
1499205256890265611,2022-03-03 09:09:21+07:00,0,"Badan Pusat Statistik (BPS) merilis 10 besar kota/kabupaten dengan persentase penduduk miskin terendah di Indonesia. Dari kesepuluh daerah itu, Kota Depok menempati urutan ketiga dengan presentase sebesar 2,58 persen.

Kepala Badan Perencanaan Pembanguna… https://t.co/EnARKrzdTY https://t.co/JYqY0YZqge",1499205256890265611,https://pbs.twimg.com/media/FM4_PEiXwAIS5Eg.jpg,,in,,0,0,0,https://x.com/infodepok_id/status/1499205256890265611,830103219447615490,infodepok_id,2022,2022,3,2022-03-03
1499042850427662338,2022-03-02 22:24:01+07:00,3,"Persentase penduduk miskin Depok 2,58 persen sehingga ada di posisi 3 se-Indonesia https://t.co/htFnLzr0lf",1499042850427662338,,,in,,0,0,1,https://x.com/republikaonline/status/1499042850427662338,22126902,republikaonline,2022,2022,3,2022-03-02
1499017615427219471,2022-03-02 20:43:44+07:00,0,"Kota Depok Menempati Posisi Ketiga Persentase Penduduk Miskin Terendah Se-Indonesia

#infodepok
#depok24jam https://t.co/Wtqz3xybHG",1499017615427219471,,,in,,0,0,0,https://x.com/PinggirTembok/status/1499017615427219471,1294538822965792769,PinggirTembok,2022,2022,3,2022-03-02
1498653145094066182,2022-03-01 21:40:57+07:00,0,"@ChusnulCh__ @PDI_Perjuangan Dengan persentase kemiskinan 11,35% itu artinya jumlah orang miskin di Jateng lebih 4 juta jiwa, hampir sama banyak dengan total jumlah penduduk Provinsi Jambi. Mengerikan sekali...",1498669626011828226,,QodryAmir,in,,0,0,0,https://x.com/QodryAmir/status/1498669626011828226,1331484760552603649,QodryAmir,2022,2022,3,2022-03-01
1495386874479001605,2022-02-20 20:23:06+07:00,0,"Tahun 2020 persentase penduduk miskin di DIY berada pada angka 12,28% (Bappeda DIY, 2020). Angka tersebut lebih tinggi dibandingkan dengan persentase penduduk miskin di Indonesia yaitu 9,78% (BPS, 2020).",1495388545133199363,,DPDIMMDIY,in,,0,1,0,https://x.com/DPDIMMDIY/status/1495388545133199363,1248517214,DPDIMMDIY,2022,2022,2,2022-02-20
1494544718964969481,2022-02-18 12:30:02+07:00,0,"Persentase penduduk miskin terbanyak berlatarbelakang lulusan SD (37,74%). Sedangkan, penduduk tidak miskin adalah golongan lulusan SMA (28,7%). 

Selengkapnya:
🔗https://t.co/DVkwAAOjuM

#Databoks #RumahTangga https://t.co/C3c5r000O4",1494544718964969481,https://pbs.twimg.com/media/FL2wgEIXIAAQEV4.jpg,,in,,0,0,4,https://x.com/databoksid/status/1494544718964969481,1316329680396451841,databoksid,2022,2022,2,2022-02-18
1493964343494553601,2022-02-16 22:03:50+07:00,0,"Persentase Penduduk Miskin di Sultra September 2021 Naik Menjadi 11,74 Persen https://t.co/V9SCGhIgB5",1493964343494553601,,,in,,0,0,0,https://x.com/nawalamediaid/status/1493964343494553601,1431878219041423364,nawalamediaid,2022,2022,2,2022-02-16
1493441791072567299,2022-02-15 11:27:24+07:00,48,"Berita 1 : Waduh...! persentase penduduk miskin di Kota Solo tertinggi di Jawa Tengah...

Berita 2 : Setahun harta bertambah Rp. 4 miliar, Gibran jadi kepala daerah terkaya di Jawa Tengah...

2 kondisi yang sungguh bertolak belakang... 🤔 https://t.co/Yv7PcExDPz",1493441791072567299,https://pbs.twimg.com/media/FLnFY5taIAEFYyk.jpg,,in,,2,5,12,https://x.com/ferizandra/status/1493441791072567299,80559922,ferizandra,2022,2022,2,2022-02-15
1491572782328467458,2022-02-10 07:43:36+07:00,3,"Sayangnya, hingga saat ini masih ditemukan pemerataan ekonomi dan persentase penduduk miskin yang masih cenderung meningkat 📈
@Suharso_M @Jiwamudaindo https://t.co/kVuK1oFMfD",1491573530235785217,https://pbs.twimg.com/media/FLMiMrqVgAEbfOo.jpg,Mrs_Ulya,in,,1,1,3,https://x.com/Mrs_Ulya/status/1491573530235785217,1295380140,Mrs_Ulya,2022,2022,2,2022-02-10
1490180961065181187,2022-02-06 11:30:01+07:00,0,"Kalimantan menjadi pulau dengan persentase penduduk miskin terendah di Indonesia pada 2021. Persentasenya sebesar 5,85%. #Databoks  https://t.co/PpvjI8EpaN",1490180961065181187,,,in,,0,0,0,https://x.com/databoksid/status/1490180961065181187,1316329680396451841,databoksid,2022,2022,2,2022-02-06
1489491431450464259,2022-02-04 13:50:05+07:00,0,"Kalimantan menjadi pulau dengan persentase penduduk miskin terendah di Indonesia pada 2021. Persentasenya sebesar 5,85%. #Databoks  https://t.co/PpvjI8EpaN",1489491431450464259,,,in,,0,0,1,https://x.com/databoksid/status/1489491431450464259,1316329680396451841,databoksid,2022,2022,2,2022-02-04
1740610282572087551,2023-12-29 12:48:01+07:00,0,"Panular Dinu Satomo, Statistisi Ahli Madya BPS Provinsi Jawa Tengah selaku narasumber pertama, menyampaikan bahwa persentase jumlah penduduk miskin di Kabupaten Wonogiri tahun 2023 memiliki kecenderungan lebih rendah dibandingkan Provinsi Jawa Tengah, yaitu sebesar 10,94 persen.",1740610604170457307,,bpskabwonogiri,in,,0,0,0,https://x.com/bpskabwonogiri/status/1740610604170457307,969474609962561536,bpskabwonogiri,2023,2023,12,2023-12-29
1740357898142875946,2023-12-28 20:03:51+07:00,5,Peta Persentase Penduduk Miskin &amp; Ketimpangan Ekonomi pada Setiap Provinsi di Indonesia Tahun 2022 https://t.co/dfQreLTv45,1740357898142875946,https://pbs.twimg.com/media/GCb-Qw6aUAAqNbq.jpg,,in,,1,0,2,https://x.com/maqdisasha/status/1740357898142875946,3017267964,maqdisasha,2023,2023,12,2023-12-28
1738767711059243061,2023-12-24 10:45:01+07:00,6,"Sumsel, disebut sebagai lumbung pangan dan energi justru masyarakatnya tercekik kemiskinan. Provinsi ini menempati urutan ke-10 provinsi dengan persentase penduduk miskin terbesar di Indonesia.Kemiskinan di wilayah pertambangan ada di urutan tertinggi. https://t.co/N1Uq1IZOwz https://t.co/wJmuA3h8LO",1738767711059243061,https://pbs.twimg.com/media/GCFYBKebcAAB2xY.jpg,,in,,0,0,2,https://x.com/MongabayID/status/1738767711059243061,483310591,MongabayID,2023,2023,12,2023-12-24
1738473494508449966,2023-12-23 15:15:55+07:00,16,"Gibran dengan pedenya beretorika, seolah-olah Solo dalam kepemimpinannya menjadi kota yang maju dan perekonomiannya tumbuh melesat. 
Faktanya tidak demikian !! 
Tak percaya ??? 
 Cek saja data BPS.

Solo tetap menjadi kota termiskin di bawah kepemimpinan @gibran_tweet dari total https://t.co/btmwl7l1wn",1738473494508449966,https://pbs.twimg.com/media/GCBMaygawAAzLWe.jpg,,in,,0,1,13,https://x.com/FaGtng/status/1738473494508449966,972357839279673344,FaGtng,2023,2023,12,2023-12-23
1738431282269618531,2023-12-23 12:28:10+07:00,341,"Gibran Melebihi Ekspektasi tapi Problematik, Solo Tetap Jadi Kota Termiskin di Jateng

Retorika Gibran Rakabuming Raka dalam debat cawapres memang melebihi ekspektasi. Ia yang diperkirakan akan mati kutu, bisa 'menghajar' Cak Imin dengan istilah yang kurang familiar: SGIE, yang https://t.co/vXoL8DBasp",1738431282269618531,https://pbs.twimg.com/media/GCAmCGhbUAAyCh1.jpg,,in,,5,59,136,https://x.com/aan_muba/status/1738431282269618531,1226725839099707392,aan_muba,2023,2023,12,2023-12-23
1738428062625394971,2023-12-23 12:15:23+07:00,4,"Gibran Melebihi Ekspektasi tapi Problematik, Solo Tetap Jadi Kota Termiskin di Jateng

Retorika Gibran Rakabuming Raka dalam debat cawapres memang melebihi ekspektasi. Ia yang diperkirakan akan mati kutu, bisa 'menghajar' Cak Imin dengan istilah yang kurang familiar : SGIE, yang https://t.co/M35VlAhB4D",1738428062625394971,https://pbs.twimg.com/media/GCAjGXlawAAetzf.jpg,,in,,0,0,0,https://x.com/octajo__/status/1738428062625394971,1316243860280889345,octajo__,2023,2023,12,2023-12-23
1737457031760789994,2023-12-20 20:30:59+07:00,0,"Peningkatan jumlah penduduk miskin seiring sejalan dengan persentase penduduk miskin di Kota Medan yang juga meningkat menjadi 8,34% pada 2021 dan 8,07% pada 2022. Padahal, persentase penduduk miskin pada 2020 berada pada 8,01%.",1737465621225656374,,sena_soetta,in,,0,1,0,https://x.com/sena_soetta/status/1737465621225656374,1603724911326793729,sena_soetta,2023,2023,12,2023-12-20
1737457031760789994,2023-12-20 20:22:15+07:00,0,"Pemerintah Kota Madiun mampu menekan persentase penduduk miskin menjadi 4,76% pada 2022 dari sebelumnya 5,09% pada 2021 dan 4,98% pada 2020.",1737463423666200864,,sena_soetta,in,,0,1,0,https://x.com/sena_soetta/status/1737463423666200864,1603724911326793729,sena_soetta,2023,2023,12,2023-12-20
1737457032658333768,2023-12-20 19:56:52+07:00,0,"Jika melihat angka riil, jumlah pengangguran Kota Bandung masih di atas 100 ribu jiwa.

Sementara untuk jumlah kemiskinan, Badan Pusat Statistik (BPS) Kota Bandung mencatat persentase penduduk miskin pada Maret 2022 terdapat sebanyak 4,25 persen atau 109.820 orang.",1737457035590148407,,BdgBergerakID,in,,0,1,0,https://x.com/BdgBergerakID/status/1737457035590148407,1493801169075855365,BdgBergerakID,2023,2023,12,2023-12-20
1736916113416655143,2023-12-19 08:07:26+07:00,0,"Prestasi Gubernur Maluku Utara yang di OTT KPK.

Persentase penduduk miskin di Malut naik 6,46 persen  https://t.co/6WYgqP5AeV",1736916113416655143,,,in,,0,0,0,https://x.com/roysalam/status/1736916113416655143,80254922,roysalam,2023,2023,12,2023-12-19
1734880251480826244,2023-12-13 17:31:56+07:00,3,"11.Mengutip data Badan Pusat Statistik (BPS), persentase penduduk miskin perkotaan ada 11,74 juta  (7,29 persen). Sementara itu, persentase penduduk miskin perdesaan 14,16 juta (12,22 persen) per Maret 2023. https://t.co/GWCKUj6Gso",1734883849317048414,https://pbs.twimg.com/media/GBOLqdnakAAwibL.jpg,KUda_niell,in,,0,1,0,https://x.com/KUda_niell/status/1734883849317048414,1516806636970848265,KUda_niell,2023,2023,12,2023-12-13
1734377530952650887,2023-12-12 08:58:53+07:00,22,"Gibran juga membawa tren kenaikan pertumbuhan ekonomi di Solo. Menurut BPS Kota Surakarta, ekonomi Solo tumbuh 4,01% (2021) &amp; 6,25% (2022) ini menjadi yang tertinggi selama 7 tahun terakhir.

Persentase penduduk miskin di Solo juga turun dari 9.40% (2021) ke 8,84% (2022).",1734392344450044245,,TirtoID,in,,2,1,3,https://x.com/TirtoID/status/1734392344450044245,4187275698,TirtoID,2023,2023,12,2023-12-12
1732466875639230927,2023-12-07 01:33:53+07:00,0,@ardhitaindaeyo Cariin data persentase penduduk miskin kota malang 10 tahun terakhir,1732468418924921317,,ardhitaindaeyo,in,,0,0,0,https://x.com/lightcorql/status/1732468418924921317,1721607644467834880,lightcorql,2023,2023,12,2023-12-07
1730950538580382109,2023-12-03 17:45:47+07:00,0,"@tagarabak Asumsi yg salah kaprah, mungkin dlm pembangunan jln tol agak lambat, tapi dlm pembangunan yg lain Sumbar nggak' kalah, salah satunya Sumbar termasuk 10 besar persentase penduduk miskin nya paling sedikit....",1731263455062266180,,tagarabak,in,,0,1,0,https://x.com/rizalyahoo13/status/1731263455062266180,901683672520077318,rizalyahoo13,2023,2023,12,2023-12-03
1730904676613128701,2023-12-02 18:00:08+07:00,4,"https://t.co/N1Uq1IZgH1 
Sumsel, disebut sebagai lumbung pangan dan lumbung energi justru masyarakatnya tercekik kemiskinan. Provinsi ini menempati urutan ke-10 provinsi dengan persentase penduduk miskin terbesar di Indonesia https://t.co/dcd1VWJ8dl",1730904676613128701,https://pbs.twimg.com/media/GAVooK9W8AAkX9w.jpg,,in,,0,0,2,https://x.com/MongabayID/status/1730904676613128701,483310591,MongabayID,2023,2023,12,2023-12-02
1729401854306775505,2023-11-28 14:28:27+07:00,1608,"Ilusi Kesuksesan Gibran
(Opini pribadi, tidak mewakili organisasi mana pun)
Sekitar enam bulan setelah mas @gibran_tweet dilantik jadi Wali Kota Solo, saya melancong ke kota batik itu bersama pacar (sekarang sudah jadi istri). Tujuan kami kulineran. Dari Jakarta naik kereta turun https://t.co/Oa4QwDNBrI",1729401854306775505,https://pbs.twimg.com/media/GAAOA4wasAAULEi.jpg,,in,,133,139,671,https://x.com/mawakresna/status/1729401854306775505,871103989,mawakresna,2023,2023,11,2023-11-28
1727535551753113630,2023-11-23 10:52:26+07:00,3,"Hai Sobwas Terdepan,

Data kemiskinan tingkat nasional menunjukkan persentase kenaikan jumlah penduduk miskin pada periode sampai dengan September 2020, sedangkan periode setelahnya sampai dengan Maret 2023 menunjukkan penurunan. Kenaikan tingkat kemiskinan sampai dengan periode https://t.co/0YqP0d1blo",1727535551753113630,https://pbs.twimg.com/media/F_lwaz0bgAA9WyG.jpg,,in,,0,1,0,https://x.com/bpkp_ntb/status/1727535551753113630,1251374596776845313,bpkp_ntb,2023,2023,11,2023-11-23
1727183208666845397,2023-11-22 11:32:21+07:00,0,"Angka Kemiskinan di Kudus pada tahun 2023 tercatat menurun sebesar 0,17 persen. Poin persentase penduduk miskin di Kota Kretek ini ini menjadi 7,24 persen dari 7,41 persen pada tahun 2022.

https://t.co/gT1piLncbi",1727183208666845397,,,in,,0,0,0,https://x.com/admjurnalpantu1/status/1727183208666845397,930499079875866624,admjurnalpantu1,2023,2023,11,2023-11-22
1726590171129500090,2023-11-21 16:41:27+07:00,0,"@ENJEULL @ganjarpranowo Provinsi di Pulau Jawa termiskin kedua adalah Jawa Tengah dengan persentase penduduk miskin mencapai 10,98 persen pada September 2022. Jumlah ini meningkat dari Maret 2022 yang hanya mencapai 10,93 persen.
Gitu kok mau jd presiden? tambah miskin seluruh rakyat Indonesia!",1726898610078613998,,Nhan4Oposite201,in,,0,6,0,https://x.com/t0d1_cool/status/1726898610078613998,90842269,t0d1_cool,2023,2023,11,2023-11-21
1725703293098246295,2023-11-18 09:31:41+07:00,0,"Bengkulu menjadi provinsi dengan persentase penduduk miskin tertinggi kedua di Sumatera setelah Aceh. Kemiskinan yang semestinya bisa diatasi dengan memanfaatkan potensi perikanan di Bengkulu. #Nusantara #AdadiKompas

https://t.co/9ZHPcvLVt9",1725703293098246295,,,in,,0,0,0,https://x.com/kompasmuda/status/1725703293098246295,79237556,kompasmuda,2023,2023,11,2023-11-18
1725701882675355942,2023-11-18 09:26:05+07:00,0,"Bengkulu menjadi provinsi dengan persentase penduduk miskin tertinggi kedua di Sumatera setelah Aceh. Kemiskinan yang semestinya bisa diatasi dengan memanfaatkan potensi perikanan di Bengkulu. #Nusantara #AdadiKompas

https://t.co/jiVPjJrQ5y",1725701882675355942,,,in,,0,0,0,https://x.com/kompas_urbana/status/1725701882675355942,155456716,kompas_urbana,2023,2023,11,2023-11-18
1725699635983876555,2023-11-18 09:17:09+07:00,0,"Bengkulu menjadi provinsi dengan persentase penduduk miskin tertinggi kedua di Sumatera setelah Aceh. Kemiskinan yang semestinya bisa diatasi dengan memanfaatkan potensi perikanan di Bengkulu. #Nusantara #AdadiKompas 

 https://t.co/8xh1tketWl",1725699635983876555,,,in,,0,0,1,https://x.com/hariankompas/status/1725699635983876555,255866913,hariankompas,2023,2023,11,2023-11-18
1724685921612964136,2023-11-15 14:09:01+07:00,5,"Di tengah berbagai persoalan GEOPOLITIK GLOBAL, bangsa Indonesia masih  menghadapi beberapa PERSOALAN POKOK, di antaranya adalah:   

Pertama, KUALITAS SUMBER DAYA MANUSIA INDONESIA. Struktur tenaga kerja Indonesia  tahun 2022 mayoritas atau 56,33% adalah lulusan SMP ke bawah,",1724685921612964136,,,in,,0,0,1,https://x.com/nitisaputra/status/1724685921612964136,100650681,nitisaputra,2023,2023,11,2023-11-15
1724665352905437620,2023-11-15 12:47:17+07:00,3,"Ketiga, STRUKTUR PEREKONOMIAN nasional dan LINGKUNGAN. Meski persentase penduduk miskin terus berkurang hingga hanya 9,36% dari populasi pada Maret 2023. Namun, JEBAKAN KEMISKINAN masih akan terus MENJERAT PENDUDUK bila TIDAK MEMILIKI KESEMPATAN untuk mengubah hidupnya dengan",1724665352905437620,,,in,,0,1,0,https://x.com/nitisaputra/status/1724665352905437620,100650681,nitisaputra,2023,2023,11,2023-11-15
1724492566102691851,2023-11-15 01:20:41+07:00,3,"Ketiga, struktur perekonomian nasional dan lingkungan. Meski persentase penduduk miskin terus berkurang hingga hanya 9,36% dari populasi pada Maret 2023. Namun, JEBAKAN KEMISKINAN masih akan terus MENJERAT PENDUDUK bila tidak memiliki kesempatan  untuk mengubah hidupnya dengan",1724492566102691851,,,in,,0,0,1,https://x.com/nitisaputra/status/1724492566102691851,100650681,nitisaputra,2023,2023,11,2023-11-15
1724047517988634733,2023-11-13 19:52:14+07:00,229,"Sulit bagi Paijo untuk menjatuhkan pilihan kepada mantan Gubernur Jawa Tengah itu pada pilpres 2024 nanti. Sederhana ukuran Paijo adalah kesejahteraan rakyat yang dipimpinnya.

Pernah di suatu saat dulu Paijo sampai harus berdebat panjang lebar hanya untuk sekedar mencari nilai https://t.co/WclgLDY0NZ",1724047517988634733,https://pbs.twimg.com/media/F-0AJnibEAAS3vi.jpg,,in,,40,318,91,https://x.com/Leonita_Lestari/status/1724047517988634733,1202108075231989760,Leonita_Lestari,2023,2023,11,2023-11-13
1723074069116178569,2023-11-11 03:24:05+07:00,1,"Ganjar Pranowo dan Mahfud MD, calon presiden dan calon wakil presiden yang berkomitmen, menegaskan perhatian mereka terhadap fakir miskin dan anak telantar sebagai prioritas utama pembangunan. 

Dengan target mengurangi persentase penduduk miskin hingga 2,5 persen pada 2029, https://t.co/GoGHmvz734",1723074069116178569,https://pbs.twimg.com/media/F-mWtgBaEAA_UQg.jpg,,in,,0,0,0,https://x.com/DPPBMI/status/1723074069116178569,2883691224,DPPBMI,2023,2023,11,2023-11-11
1722821394030019014,2023-11-10 12:59:33+07:00,0,@txtfromjogja Ngitung penduduk miskin tu pake persentase bkn pake jumlah.,1722856500618760472,,txtfromjogja,in,,0,0,0,https://x.com/mas_aro/status/1722856500618760472,81998798,mas_aro,2023,2023,11,2023-11-10
1720794382440546788,2023-11-04 20:25:26+07:00,0,"Kota Solo menjadi kota dengan persentase penduduk paling miskin terbanyak di Jawa Tengah. Berdasarkan data BPS tahun 2022
https://t.co/hQjf01avtg",1720794382440546788,,,in,,0,0,0,https://x.com/MgmPtmgm/status/1720794382440546788,793427822949769216,MgmPtmgm,2023,2023,11,2023-11-04
1717747015281742119,2023-10-27 10:36:17+07:00,0,"Persentase Penduduk Miskin Kota Madiun mengalami penurunan dari 4,76% dari Maret 2022 menjadi 4,74% pada Maret 2023. https://t.co/b5qLg94F3P",1717747015281742119,https://pbs.twimg.com/ext_tw_video_thumb/1717746335858987008/pu/img/nlaB6TgL1HPkNK1e.jpg,,in,,0,0,0,https://x.com/bpsmadiunkota/status/1717747015281742119,973594587745824769,bpsmadiunkota,2023,2023,10,2023-10-27
1714568401333735481,2023-10-18 16:05:38+07:00,2,"Ini bagian Anies:

Persentase penduduk miskin DKI Jakarta tahun 2016-2022

Sebagai catatan Anies memimpin DKI Jakarta selama 5 tahun. https://t.co/S9GT9CbngA",1714568407918706826,https://pbs.twimg.com/media/F8tdVUDbEAAfVe2.jpg,mawakresna,in,,0,1,0,https://x.com/mawakresna/status/1714568407918706826,871103989,mawakresna,2023,2023,10,2023-10-18
1714568401333735481,2023-10-18 16:05:36+07:00,45,"Contohnya gini:

Data persentase penduduk miskin Jawa Tengah tahun 2013-2022 (Semasa Ganjar menjabat)

Sebagai catatan Ganjar memimpin Jawa Tengah selama 10 tahun

*Data setnya bisa didowload https://t.co/e7XBlkb6UZ",1714568401333735481,https://pbs.twimg.com/media/F8tcsrRbkAAZg-v.jpg,,in,,0,1,8,https://x.com/mawakresna/status/1714568401333735481,871103989,mawakresna,2023,2023,10,2023-10-18
1714268279374786921,2023-10-18 00:51:04+07:00,0,"Selain persentase kemiskinan, jumlah penduduk miskin serta indeks kedalaman dan keparahan kemiskinan juga ikut turun lho… 
Untuk informasi lebih lengkapnya #sobatdata bisa lihat di gambar ya… https://t.co/kEjXVSVWf0",1714338250914218461,https://pbs.twimg.com/media/F8qNhaSbQAAVmu5.jpg,bpskabblora,in,,0,1,0,https://x.com/bpskabblora/status/1714338250914218461,726141170795966464,bpskabblora,2023,2023,10,2023-10-18
1714268279374786921,2023-10-17 20:14:00+07:00,0,"Angka kemiskinan ini bersumber dari Survei Sosial Ekonomi Nasional (Susenas) yang dilaksanakan pada bulan Maret 2023.

Persentase penduduk miskin di Kabupaten Blora tahun 2023 adalah 11,49 persen. Angka ini turun 0,04 persen dari tahun 2022.",1714268523848183963,,bpskabblora,in,,0,1,0,https://x.com/bpskabblora/status/1714268523848183963,726141170795966464,bpskabblora,2023,2023,10,2023-10-17
1713492453289066529,2023-10-15 16:50:10+07:00,0,"Persentase Penduduk Miskin Kota Magelang 6,11% https://t.co/h9jdr7j8sa #beritajogja #jogja #jogjaistimewa https://t.co/J1cr45ZY20",1713492453289066529,https://pbs.twimg.com/media/F8eMTmcbQAAPNlP.jpg,,in,,0,0,0,https://x.com/Harian_Jogja/status/1713492453289066529,118371948,Harian_Jogja,2023,2023,10,2023-10-15
1713034547829539180,2023-10-14 10:30:37+07:00,7,"Di Pulau Jawa, Daerah Istimewa Yogyakarta (DIY) menjadi provinsi dengan persentase penduduk miskin tertinggi, yakni 11,04 persen atau 448.470 jiwa. https://t.co/8Dhjt5BuiG",1713034547829539180,,,in,,0,1,2,https://x.com/kompascom/status/1713034547829539180,23343960,kompascom,2023,2023,10,2023-10-14
1711650668816236868,2023-10-11 10:06:03+07:00,0,"@Miduk17 Apakabar 

Provinsi di Pulau Jawa termiskin kedua adalah Jawa Tengah dengan persentase penduduk miskin mencapai 10,98 persen pada September 2022. Jumlah ini meningkat dari Maret 2022 yang hanya mencapai 10,93 persen.17 Jan 2023

https://t.co/wfWCgWyZjR.",1711941200205467949,,JhonSitorus_18,in,,0,0,0,https://x.com/mySnowyku/status/1711941200205467949,1047664607693697025,mySnowyku,2023,2023,10,2023-10-11
1710507449692967327,2023-10-07 15:37:02+07:00,1,"@yukitawor @DoankWarto Aja dablongan bangzat lah.. 
Adapun pada saat kepemimpinan Ahok-Djarot, persentase penduduk miskin di DKI Jakarta rata-rata berada di angka 3,7%, yakni pada periode 2014 hingga 2017. Sementara itu, persentase penduduk miskin Ibu Kota tercatat sebesar 4,57% pada 2006",1710574944223129813,,yukitawor,in,,0,2,0,https://x.com/Tepo_Saliro/status/1710574944223129813,1606182627702378496,Tepo_Saliro,2023,2023,10,2023-10-07
1708895236318216437,2023-10-03 00:24:48+07:00,0,"@rmol_id Berdasarkan data Badan Pusat Statistik (BPS), persentase penduduk miskin di Kabupaten Kebumen pada tahun 2022 sebesar 16,41 persen 
jauh diatas rata2 nasional 9,5%
dan rata2 pulau jawa 8,6%

warga kebumen kecewa dgn ganjar dan mulai berharap dgn anies .",1708895824288387186,,rmol_id,in,,0,0,0,https://x.com/esp32indonesia/status/1708895824288387186,1615306426330787840,esp32indonesia,2023,2023,10,2023-10-03
1708885078447980578,2023-10-02 23:46:09+07:00,0,"@OposisiCerdas Berdasarkan data Badan Pusat Statistik (BPS), persentase penduduk miskin di Kabupaten Kebumen pada tahun 2022 sebesar 16,41 persen 
jauh diatas rata2 nasional 9,5%
dan rata2 pulau jawa 8,6%

semoga anies membawa perubahan ke warga kebumen https://t.co/VPMgQLM5tT",1708886097240187188,https://pbs.twimg.com/media/F7cu2OUboAAuyjZ.jpg,OposisiCerdas,in,,0,0,0,https://x.com/esp32indonesia/status/1708886097240187188,1615306426330787840,esp32indonesia,2023,2023,10,2023-10-02
1708802433164754995,2023-10-02 23:21:52+07:00,0,"@LANGKAHANIES @aniesbaswedan @bos_sir @AwalilRizky Berdasarkan data Badan Pusat Statistik (BPS), persentase penduduk miskin di Kabupaten Kebumen pada tahun 2022 sebesar 16,41 persen 
jauh diatas rata2 nasional 9,5%
dan rata2 pulau jawa 8,6%

itulah kenapa orang kebumen tidak lagi berharap pada ganjar lagi.. yg terbukti gagal 10th https://t.co/4izuIz6oOP",1708879982909690309,https://pbs.twimg.com/media/F7cpSW4b0AASjRs.jpg,LANGKAHANIES,in,,0,0,0,https://x.com/esp32indonesia/status/1708879982909690309,1615306426330787840,esp32indonesia,2023,2023,10,2023-10-02
1708655498613145692,2023-10-02 09:25:06+07:00,0,"@Lopes89555059 @GunRomli lu ngomong apa? 🤣 Provinsi di Pulau Jawa termiskin kedua adalah Jawa Tengah dengan persentase penduduk miskin mencapai 10,98 persen pada September 2022 &lt;- 1 tahun yg lalu.. Jawa itu brp penduduknya? yg udah 2X Gub aja bahkan gak bisa menaikan significant UMP kok ngomongin buruh",1708669407046799555,,Lopes89555059,in,,0,1,0,https://x.com/OrdinaryIMe/status/1708669407046799555,1636064950366896130,OrdinaryIMe,2023,2023,10,2023-10-02
1707242107793199511,2023-09-28 20:24:55+07:00,0,"@himawan4578 @GunRomli Sebelum pandemi persentase kemiskinan di Jateng dan DKI secara bertahap mulai menurun. Imbas pandemi COVID-19, progres pengentasan kemiskinan di seluruh Indonesia mengalami kemunduran. Angka kemiskinan absolut dan persentase penduduk miskin naik.",1707385904145519088,,himawan4578,in,,0,1,0,https://x.com/WolfgangMathers/status/1707385904145519088,1029369666613866496,WolfgangMathers,2023,2023,9,2023-09-28
1705559422658073021,2023-09-23 19:27:51+07:00,2,Ketidakcukupan konsumsi pangan ialah persentase penduduk yg tdk mampu memenuhi kebutuhan kesehariannya krn tergolong miskin. https://t.co/Tbfi0uq2jH,1705559602702786730,https://pbs.twimg.com/media/F6tdaXQbgAAAYLy.jpg,_palungmariana,in,,0,1,2,https://x.com/_palungmariana/status/1705559602702786730,2943175273,_palungmariana,2023,2023,9,2023-09-23
1704359627260072245,2023-09-20 16:58:52+07:00,1,"@BimoMarselino @RamliRizal Provinsi di Pulau Jawa termiskin kedua adalah Jawa Tengah dengan persentase penduduk miskin mencapai 10,98 persen pada September 2022. Jumlah ini meningkat dari Maret 2022 yang hanya mencapai 10,93 persen.17 Jan 2023",1704434946436465016,,BimoMarselino,in,,0,0,0,https://x.com/PartaiPrbhn/status/1704434946436465016,1570438291727745024,PartaiPrbhn,2023,2023,9,2023-09-20
1704112786396295215,2023-09-20 08:50:14+07:00,1,"@Prihati_utami Apakah mba tahu provinsi Jateng, total penduduk miskin sekitar 3,8 jt, persentase penduduk miskinnya 10,77% diatas rata2 Nasional yg 9,36%.
Tingkat penyelesaian pendidikan SLTA 58,7% dibawah rata Nasional 66,1%.
Tlg jelaskan,jk ngurus Jateng saja payah, gimana mau ngurus negara ?",1704311976175013989,,Jogermodern,in,,0,0,0,https://x.com/adypiliang/status/1704311976175013989,1710148226,adypiliang,2023,2023,9,2023-09-20
1703350199828258866,2023-09-19 21:37:00+07:00,0,"@Bumi_Intanpari @ch_chotimah2 @ganjarpranowo Belum yg ini, Peringkat 2 persentase jumlah penduduk miskin di pulau Jawa. 
Data BPS.
https://t.co/Th71Y6UoUX https://t.co/a7JBUUZUm1",1704142550175518829,https://pbs.twimg.com/media/F6ZUnjmbYAAn9L9.jpg,Bumi_Intanpari,in,,0,0,0,https://x.com/mohsen_lbs/status/1704142550175518829,353461338,mohsen_lbs,2023,2023,9,2023-09-19
1703797049089720544,2023-09-18 22:44:06+07:00,0,Ini 3 Daerah dengan Angka Persentase Penduduk Miskin di Sulut Berdasarkan Data BPS - https://t.co/b9gYJweCjd https://t.co/aMERMXHF0U,1703797049089720544,https://pbs.twimg.com/media/F6UaYlEbgAA_pQF.jpg,,in,,0,0,0,https://x.com/beritamanado/status/1703797049089720544,130420120,beritamanado,2023,2023,9,2023-09-18
1703353517531074881,2023-09-17 19:17:12+07:00,4,"@KompasTV Apakah Nitizen tahu, 3 provinsi dg penduduk miskin terbanya ?
Salah satunya JATENG, 3,8 JT persentase penduduk miskinnya 10,77 % diatas rata2 kemiskinan pddk Indonesia
Pertanyaannya, bgmn logikanya Gub 2 periode ini, 10 th mengubah fakta kemiskinan lambat dan susah payah.",1703382594258346360,,KompasTV,in,,0,1,1,https://x.com/adypiliang/status/1703382594258346360,1710148226,adypiliang,2023,2023,9,2023-09-17
1702475108781367575,2023-09-15 12:44:10+07:00,0,"@txtdrjkt Kalau diconvert jadi persentase versus jumlah penduduknya gimana? Mosok kayak bandingin jumlah orang miskin Indonesia vs Mali. Ya pasti jumlahnya banyakan Indonesia, tp kalau persentase terhadap jumlah penduduk, belum tentu. 

Jadi data itu belum bisa menjadi informasi (DIKW).",1702558908735512973,,txtdrjkt,in,,0,0,0,https://x.com/ram_udeng/status/1702558908735512973,1603629987038343168,ram_udeng,2023,2023,9,2023-09-15
1698877226002059665,2023-09-05 08:54:28+07:00,10,"BPS merilis data per Maret 2023, persentase penduduk miskin di Jateng turun menjadi 10,77%. Artinya Ganjar Pranowo sukses menurunkan angka kemiskinan di Jawa Tengah dan layak memimpin Indonesia berikutnya 

https://t.co/GO7tsbP1ct https://t.co/qijcAVPEj8",1698877226002059665,https://pbs.twimg.com/media/F5Of1UibsAAClnG.jpg,,in,,0,1,8,https://x.com/quintta1217/status/1698877226002059665,898115712044089344,quintta1217,2023,2023,9,2023-09-05
1695630979531264015,2023-09-03 11:31:57+07:00,0,"@Hasbil_Lbs Jangan lupa
Provinsi di Pulau Jawa termiskin kedua adalah Jawa Tengah dengan persentase penduduk miskin mencapai 10,98 persen pada September 2022. Jumlah ini meningkat dari Maret 2022 yang hanya mencapai 10,93 persen",1698192081897070804,,Hasbil_Lbs,in,,0,0,0,https://x.com/ahmadsahlan04/status/1698192081897070804,1625132345459347456,ahmadsahlan04,2023,2023,9,2023-09-03
1698167012483346598,2023-09-03 11:30:33+07:00,0,"@bobalvrs 3 periode aja pak sekalian
Provinsi di Pulau Jawa termiskin kedua adalah Jawa Tengah dengan persentase penduduk miskin mencapai 10,98 persen pada September 2022. Jumlah ini meningkat dari Maret 2022 yang hanya mencapai 10,93 persen",1698191726308172038,,bobalvrs,in,,0,0,0,https://x.com/ahmadsahlan04/status/1698191726308172038,1625132345459347456,ahmadsahlan04,2023,2023,9,2023-09-03
1698166490795819486,2023-09-03 11:25:22+07:00,0,"@Waudira Provinsi di Pulau Jawa termiskin kedua adalah Jawa Tengah dengan persentase penduduk miskin mencapai 10,98 persen pada September 2022. Jumlah ini meningkat dari Maret 2022 yang hanya mencapai 10,93 persen",1698190424173838372,,waudira,in,,0,0,0,https://x.com/ahmadsahlan04/status/1698190424173838372,1625132345459347456,ahmadsahlan04,2023,2023,9,2023-09-03
1696821653429469552,2023-08-31 19:38:40+07:00,0,@KakekHalal Kalau ada yg miskin 4.180.000 dari jumlah penduduk 50.025.605   di banding jumlah penduduk miskin 3.790.000 dgn Total penduduk 37.032.410 banyakan mana persentase orang miskinnya ... gini aja kok susah ngertinya sih,1697227404346007718,,KakekHalal,in,,0,0,0,https://x.com/babegalak02/status/1697227404346007718,1592547762842660865,babegalak02,2023,2023,8,2023-08-31
1695306569901375640,2023-08-30 06:22:00+07:00,25,"@FelixSGL1 @strike_bravo_b @truesight88 @PNS_Ababil Tingkat kemiskinan (= persentase penduduk miskin) Kota Bekasi tidak terlalu tinggi, masih di bawah 5%. Memang di kawasan Jabodetabek, paling rendah Depok &amp; Tangsel. Tapi Kota Bekasi masih lbh rendah drpd DKI &amp; Kota Tangerang. https://t.co/tbpDtvKooB",1696664525716529286,https://pbs.twimg.com/media/F4vDY4-aoAQhS4c.jpg,,in,,3,0,6,https://x.com/alexanderdrspan/status/1696664525716529286,411262420,alexanderdrspan,2023,2023,8,2023-08-30
1693602553324568689,2023-08-21 19:34:52+07:00,0,"Tak hanya itu, angka kemiskinan di provinsi penghasil nikel meningkat di saat angka kemiskinan di provinsi lainnya menurun.

Berdasarkan Survei Sosial Ekonomi Nasional Maret 2023, persentase penduduk miskin terbesar berada di wilayah Pulau Maluku dan Papua. https://t.co/IfbwrHiDYE",1693602567463522377,https://pbs.twimg.com/media/F4DiE-Ga0AAnO8o.png,KATADATAcoid,in,,0,1,1,https://x.com/KATADATAcoid/status/1693602567463522377,552523769,KATADATAcoid,2023,2023,8,2023-08-21
1692905137642336730,2023-08-19 21:23:33+07:00,0,"Capaian itu sejalan dengan pengentasan kemiskinan yang dilakukan oleh Pemprov Jabar. Menurut data BPS, persentase penduduk miskin di Jawa Barat mengalami penurunan pada Maret 2023. Pada bulan tersebut, persentase penduduk miskin di Jabar ada di angka 7,26% atau 3,89 juta orang.",1692905143187210647,,DiskominfoPWK,in,,0,1,0,https://x.com/DiskominfoPWK/status/1692905143187210647,1715572460,DiskominfoPWK,2023,2023,8,2023-08-19
1691868054874202271,2023-08-17 08:28:50+07:00,0,"@JuniorPrangko @AnggiP11430648 @Chynthia_K Ini yg namanya melacurkan diri dengan statistik. Jumlah &amp; persentase org miskinnya sengaja disembunyikan. Jmlh penduduk miskin Jateng 3,6jt (10%) sedangkan Jkt cuma 500rb (5%). Banyakan mana cur?
https://t.co/lrBOj0LBqK",1691985405485408551,,JuniorPrangko,in,,0,1,0,https://x.com/TeguhSudarisman/status/1691985405485408551,41801193,TeguhSudarisman,2023,2023,8,2023-08-17
1691728587588878724,2023-08-16 15:28:20+07:00,0,"Floreseditorial.com- Luar biasa! Persentase Penduduk Miskin di Provinsi NTT turun menjadi 20,44 persen

#17AgustusPromedia  #Promedia
#SOCMEDPRENEUR

https://t.co/hV7QKFlWqL",1691728587588878724,,,in,,0,0,0,https://x.com/news_flores/status/1691728587588878724,82582352,news_flores,2023,2023,8,2023-08-16
1691240801169461248,2023-08-16 03:38:58+07:00,0,@Miduk17 @Aryprasetyo85 @03__nakula @ch_chotimah2 @DrPullmanrogers @FirzaHusainID @ganjarpranowo @GunRomli @seruanhl @Yuliadi_Mr Gak ngerti ya kalo angka kemiskinan itu adalah persentase jumlah orang miskin dibagi dg jumlah penduduk ? Sono gih belajar lagi,1691550068564996174,,JhonSitorus_18,in,,0,0,0,https://x.com/Debus_Banten/status/1691550068564996174,1514936487468404741,Debus_Banten,2023,2023,8,2023-08-16
1691240801169461248,2023-08-15 18:38:33+07:00,0,@kasrulsani9 @Miduk17 @Aryprasetyo85 @03__nakula @ch_chotimah2 @DrPullmanrogers @FirzaHusainID @ganjarpranowo @GunRomli @seruanhl @Yuliadi_Mr Kalau penduduk salah satu provinsi jumlah penduduk miskin nya 700 ribu terus yang miskin 700 ribu orang kalau di bandingkan dgn jateng mana yang provinsi yang paling miskin di lihat persentase nya.,1691414068824035328,,kasrulsani9,in,,0,0,0,https://x.com/agok_habang/status/1691414068824035328,1585466918139756544,agok_habang,2023,2023,8,2023-08-15
1691240801169461248,2023-08-15 18:36:28+07:00,0,@Miduk17 @Aryprasetyo85 @03__nakula @ch_chotimah2 @DrPullmanrogers @FirzaHusainID @ganjarpranowo @GunRomli @seruanhl @Yuliadi_Mr Dasar bungul ko ga tau persentase penduduk... miskin di Jabar 38xxx dari 40jt lebih penduduk... sedangkan Jateng 37xxx dari jumlah penduduk 28jt lebih...dasar otak SD loe ah...😂😂😂,1691413545660153856,,JhonSitorus_18,in,,0,0,0,https://x.com/FBinfauzan/status/1691413545660153856,1663913305113600001,FBinfauzan,2023,2023,8,2023-08-15
1689243599207374849,2023-08-09 18:53:56+07:00,0,"Hal yang sama juga terjadi di provinsi yang kaya akan sumber daya alam kota Maluku Utara. Berdasarkan data BPS, persentase penduduk miskin di Maluku Utara tercatat sebesar 6,77 persen pada 2019 dan 6,78 persen pada 2020.",1689243612540960769,,Bisniscom,in,,0,1,0,https://x.com/Bisniscom/status/1689243612540960769,118646322,Bisniscom,2023,2023,8,2023-08-09
1689243599207374849,2023-08-09 18:53:55+07:00,0,Berdasarkan data BPS pada 2021 sebagian besar kabupaten di Papua memiliki persentase penduduk miskin sebesar 20 hingga 40 persen. Angka tersebut jauh di bawah rata-rata nasional,1689243607239385088,,Bisniscom,in,,0,1,0,https://x.com/Bisniscom/status/1689243607239385088,118646322,Bisniscom,2023,2023,8,2023-08-09
1689243599207374849,2023-08-09 18:53:54+07:00,0,"Tanah Papua mencatatkan persentase penduduk miskin tertinggi di Indonesia per Maret 2023, sebesar 26,03 persen yang setara dengan 915.150 jiwa.",1689243602038521856,,Bisniscom,in,,0,1,0,https://x.com/Bisniscom/status/1689243602038521856,118646322,Bisniscom,2023,2023,8,2023-08-09
1689102024875659264,2023-08-09 11:49:14+07:00,0,"Persentase jumlah penduduk miskin di perdesaan lebih tinggi dibandingkan di perkotaan. Rumah layak, air minum layak, dan bahan bakar memasak menjadi masalah utama kemiskinan multidimensi di perdesaan. ...",1689136734922244096,,theprakarsa,in,,0,1,0,https://x.com/theprakarsa/status/1689136734922244096,268173607,theprakarsa,2023,2023,8,2023-08-09
1686971280279601152,2023-08-03 12:24:30+07:00,1,"Berdasarkan hasil Susenas Maret 2022, tercatat bahwa persentase penduduk miskin di Kab Pati sebesar 9,33 persen atau turun sebesar 0,08 poin dari posisi Maret 2021 sebesar 10,21 persen. Dari sisi jumlah, penduduk miskin per Maret 2022 turun mnjdi 118,04 ribu jiwa. @bpsprovjateng https://t.co/yi9IPNF66b",1686971280279601152,https://pbs.twimg.com/media/F2lTaxRbYAELx5q.jpg,,in,,0,0,0,https://x.com/bpskabpati/status/1686971280279601152,1679386684096651264,bpskabpati,2023,2023,8,2023-08-03
1686609675817721856,2023-08-02 12:27:37+07:00,0,"280,68 Ribu Penduduk di Jambi Masih Miskin, BPS: Persentase Menurun
 https://t.co/CY6y2gR6UW",1686609675817721856,,,in,,0,0,0,https://x.com/suryaa_pratamaa/status/1686609675817721856,775225482,suryaa_pratamaa,2023,2023,8,2023-08-02
1686306649945108481,2023-08-01 16:51:07+07:00,16,"Kendati berstatus wilayah pusat pengolahan nikel dengan pertumbuhan ekonomi yang tinggi, kemiskinan di Sulawesi dan Maluku naik ketika wilayah lain di Indonesia menurun.

Data Profil Kemiskinan di Indonesia Maret 2023 menunjukkan, persentase penduduk miskin di Sulawesi mencapai https://t.co/LNLm58MZ5s",1686313600749854720,https://pbs.twimg.com/media/F2b8w9lbEAAvUBf.jpg,jatamnas,in,,0,2,14,https://x.com/jatamnas/status/1686313600749854720,165334272,jatamnas,2023,2023,8,2023-08-01
1685819798289338368,2023-07-31 08:08:55+07:00,0,"Badan Pusat Statistik Provinsi Bali merilis publikasi ""LAPORAN BULANAN DATA SOSIAL EKONOMI PROVINSI BALI JULI 2023""

Tahukah #SahabatData
Provinsi Bali tercatat sebagai Provinsi dengan persentase penduduk miskin terendah se-Indonesia periode Maret 2023. https://t.co/u7KDyjLmLc",1685819798289338368,https://pbs.twimg.com/media/F2U8BZ6bAAAhEXa.jpg,,in,,0,1,0,https://x.com/bpsprovbali/status/1685819798289338368,554943457,bpsprovbali,2023,2023,7,2023-07-31
1685568353853923328,2023-07-31 00:08:25+07:00,0,"@_zhyme @ganjarpranowo Tegas dan lugas yg mananya?
Cepat apanya?
Jawa Tengah menjadi provinsi termiskin kedua di Jawa, dengan persentase 10,98 persen dan memiliki 3.858.230 penduduk miskin. Pada September 2022, BPS mencatat garis kemiskinan di Indonesia di angka Rp 535.547 per kapita per bulan. Why..?",1685698874646917120,,_zhyme,in,,0,0,0,https://x.com/g_juaranya/status/1685698874646917120,1630977747312087041,g_juaranya,2023,2023,7,2023-07-31
1684491707348582400,2023-07-27 16:11:34+07:00,0,"Data BPS, Kabupaten Pangkep dan Jeneponto Masuk Daerah Termiskin di Sulsel: Badan Pusat Statistik Sulawesi Selatan (BPS Sulsel) mencatat persentase penduduk miskin pada Maret 2023 sebesar 8,70 persen atau… #Sulsel #BPS #KabupatenPangkep #Jeneponto  https://t.co/eavGK4OHbS",1684491707348582400,,,in,,0,0,0,https://x.com/terkinidotid/status/1684491707348582400,123757780,terkinidotid,2023,2023,7,2023-07-27
1684001797114044416,2023-07-26 15:54:48+07:00,0,"Tweetnya https://t.co/mAvTrGNWrF soal cherry picking persentase penduduk miskin (di bawah Rp20.000/day, harusnya Rp50.000/day), DIHAPUS.

Waduh, ditandai tah ini??",1684125103678980096,,ariefalqori,in,,0,0,0,https://x.com/ariefalqori/status/1684125103678980096,3030399008,ariefalqori,2023,2023,7,2023-07-26
1683084277997768707,2023-07-23 18:58:56+07:00,11,"Badan Pusat Statistik telah merilis Profil Kemiskinan di Indonesia edisi Maret 2023. Berdasarkan profil tersebut, persentase penduduk miskin di Indonesia pada Maret 2023 adalah 9,36 persen, menurun 0,21 persen dibandingkan dengan September 2022. https://t.co/a4XX1aJ8y8",1683084277997768707,https://pbs.twimg.com/media/F1uEOkOaQAA4JSf.jpg,,in,,0,0,4,https://x.com/JARING_/status/1683084277997768707,3658229898,JARING_,2023,2023,7,2023-07-23
1681544915371819011,2023-07-19 13:02:04+07:00,0,"Persentase penduduk miskin di Malut naik 6,46 persen  https://t.co/mESj5wVKI6",1681544915371819011,,,in,,0,0,0,https://x.com/antarabiz/status/1681544915371819011,1203876160469266433,antarabiz,2023,2023,7,2023-07-19
1681505324996657155,2023-07-19 10:24:44+07:00,35,"Jumlah penduduk miskin berkurang 1,35 jt org era 2014-Mar 22 lebih sedikit dari 2004-Mar 12 yang 7,65 jt org. Secara persentase, berkurang 5,29% poin berbanding 1,60% poin. Sebelum pandemi (2004-09 dengan 2014-19):  3,62 jt org dan 2,94 jt org, serta 2,51% poin dengan 1,74% poin. https://t.co/pjji8uvNEB",1681505324996657155,https://pbs.twimg.com/media/F1XoLCAaUAEr6Vn.png,,in,,0,3,19,https://x.com/AwalilRizky/status/1681505324996657155,718375892,AwalilRizky,2023,2023,7,2023-07-19
1681484042867449856,2023-07-19 09:00:10+07:00,0,"BPS Kembali Rilis Persentase Penduduk Miskin NTT Per-Maret 2023, Turun menjadi 19,96 Persen https://t.co/QLKPxC7LpW",1681484042867449856,,,in,,0,0,0,https://x.com/marho_maxi/status/1681484042867449856,3998629813,marho_maxi,2023,2023,7,2023-07-19
1681244168994295814,2023-07-18 17:07:00+07:00,78,"Data BPS Maret 2023; kemiskinan masih lebih tinggi dari Pra Pandemi

✅Jumlah Penduduk Miskin pada Maret 2023 sebesar 25,90 juta orang, turun 0,46 juta orang terhadap September 2022 dan turun 0,26 juta orang terhadap Maret 2022.

✅Persentase Penduduk Miskin pada Maret 2023 https://t.co/6Baj0QOoAK",1681244168994295814,https://pbs.twimg.com/media/F1T6nRZacAcV8Uf.jpg,,in,,3,8,39,https://x.com/Munir_Timur/status/1681244168994295814,1244819229578121216,Munir_Timur,2023,2023,7,2023-07-18
1681241145945505794,2023-07-18 16:55:08+07:00,0,"untuk memenuhi kebutuhan dasar makanan dan bukan makanan yang diukur dari sisi pengeluaran. Dengan pendekatan ini, dapat dihitung Headcount Index, yaitu persentase penduduk miskin terhadap total penduduk. https://t.co/2SCfa8kCKU",1681241183933321218,https://pbs.twimg.com/media/F1T38jFaQAA8ryb.jpg,bps_sulbar,in,,0,1,0,https://x.com/bps_sulbar/status/1681241183933321218,452041643,bps_sulbar,2023,2023,7,2023-07-18
1681241145945505794,2023-07-18 16:54:59+07:00,1,"*Pada Maret 2023, Persentase Penduduk Miskin Sulawesi Barat Turun Menjadi 11,49 Persen* 

Hai Sahabat Data!

Persentase penduduk miskin di Provinsi Sulawesi Barat pada Maret 2023 sebesar 11,49 persen atau turun 0,43 persen poin https://t.co/jAxM01REGV",1681241145945505794,https://pbs.twimg.com/media/F1T36XKaUAEvxiR.jpg,,in,,0,1,0,https://x.com/bps_sulbar/status/1681241145945505794,452041643,bps_sulbar,2023,2023,7,2023-07-18
1681229632681676801,2023-07-18 16:09:14+07:00,0,"Badan Pusat Statistik (BPS) mencatat persentase penduduk miskin di Indonesia tercatat sebesar 9,36% atau mencapai 25,9 juta orang. 

Sekretaris Utama BPS Atqo Mardiyanto menyampaikan angka tersebut mengalami penurunan atau lebih rendah bila dibandingkan kondisi September 2022. https://t.co/pha8AyNsLm",1681229632681676801,https://pbs.twimg.com/ext_tw_video_thumb/1681229521532633090/pu/img/pXiXzxSkUMUqOhFe.jpg,,in,,0,1,0,https://x.com/ayovestid/status/1681229632681676801,1565245115148357632,ayovestid,2023,2023,7,2023-07-18
1681189810759950336,2023-07-18 13:31:03+07:00,0,Berikut daftar lengkap 10 provinsi dengan persentase penduduk miskin tertinggi:,1681189822810185730,,Bisniscom,in,,0,1,0,https://x.com/Bisniscom/status/1681189822810185730,118646322,Bisniscom,2023,2023,7,2023-07-18
1681189810759950336,2023-07-18 13:31:01+07:00,0,"Profil Kemiskinan di Indonesia per Maret 2023 dalam rilis BPS persentase penduduk miskin pada Maret 2023 sebesar 9,36 persen, menurun 0,21 persen poin terhadap September 2022 dan menurun 0,18 persen poin terhadap Maret 2022.",1681189814014734338,,Bisniscom,in,,0,1,0,https://x.com/Bisniscom/status/1681189814014734338,118646322,Bisniscom,2023,2023,7,2023-07-18
1681189810759950336,2023-07-18 13:31:00+07:00,0,Badan Pusat Statistik (BPS) melaporkan terdapat 10 provinsi dengan persentase penduduk miskin tertinggi di Indonesia. Wilayah Indonesia Timur tercatat yang mendominasi.,1681189812433465344,,Bisniscom,in,,0,1,0,https://x.com/Bisniscom/status/1681189812433465344,118646322,Bisniscom,2023,2023,7,2023-07-18
1681189810759950336,2023-07-18 13:31:00+07:00,15,"10 Provinsi dengan Persentase Penduduk Miskin Tertinggi di Indonesia

#threadbisniscom https://t.co/FME55yNWu3",1681189810759950336,https://pbs.twimg.com/media/F1THc7xacAE_Gt3.jpg,,in,,0,1,4,https://x.com/Bisniscom/status/1681189810759950336,118646322,Bisniscom,2023,2023,7,2023-07-18
1681153963733962752,2023-07-18 11:08:33+07:00,0,10 Provinsi dengan Persentase Penduduk Miskin Tertinggi #beritajogja #jogja #jogjaistimewa https://t.co/MU4zXBkxxx https://t.co/5eMCoKqnkL,1681153963733962752,https://pbs.twimg.com/media/F1SonxLaAAEYoSx.jpg,,in,,0,0,0,https://x.com/Harian_Jogja/status/1681153963733962752,118371948,Harian_Jogja,2023,2023,7,2023-07-18
1681148884406669312,2023-07-18 10:48:22+07:00,11,"Persentase penduduk miskin pada Maret 2023 sebesar 9,36%, menurun 0,21% poin terhadap September 2022 dan menurun 0,18% poin terhadap Maret 2022.
Garis kemiskinan pada Maret 2023 tercatat sebesar Rp550.458 per kapita (bulan).

#gariskemiskinan #beritaekonomi #pendudukmiskin https://t.co/P42HO294FO",1681148884406669312,https://pbs.twimg.com/media/F1SjxaMaYAES27Q.jpg,,in,,0,4,2,https://x.com/Metro_TV/status/1681148884406669312,57261519,Metro_TV,2023,2023,7,2023-07-18
1681148326874603522,2023-07-18 10:46:10+07:00,0,"Badan Pusat Statistik (BPS) mencatat jumlah dan persentase penduduk miskin di Provinsi Jawa Tengah terus melandai. Namun, penurunan kemiskinan juga dibayangi melebarnya jurang si kaya dan si miskin.

https://t.co/xk4UJ1wlhH",1681148326874603522,,,in,,0,2,1,https://x.com/cnbcindonesia/status/1681148326874603522,847372542830444544,cnbcindonesia,2023,2023,7,2023-07-18
1681146926409080833,2023-07-18 10:40:36+07:00,0,"Wilayah Indonesia Timur Mendominasi, Ini 10 Provinsi dengan Persentase Penduduk Miskin Tertinggi https://t.co/JByMPjWbij",1681146926409080833,,,in,,0,0,0,https://x.com/gokepricom/status/1681146926409080833,2460941724,gokepricom,2023,2023,7,2023-07-18
1681128980341198848,2023-07-18 09:29:17+07:00,0,"Maret 2023, Persentase Penduduk Miskin Sulsel Meningkat Menjadi 8,70 Persen https://t.co/8fQKxE597Y https://t.co/7wzYFbWOF8",1681128980341198848,https://pbs.twimg.com/media/F1SR5jUagAAeLTp.jpg,,in,,0,0,0,https://x.com/LintasTerkini/status/1681128980341198848,297377331,LintasTerkini,2023,2023,7,2023-07-18
1681124798733381632,2023-07-18 09:12:40+07:00,0,"Badan Pusat Statistik (BPS) Aceh mencatat jumlah penduduk miskin di Aceh mengalami penurunan menjadi 806,75 ribu orang atau 14,45%. Persentase itu terendah sejak masa konflik.
https://t.co/Gbc7DR90dE",1681124798733381632,,,in,,0,0,0,https://x.com/acehsatumedia/status/1681124798733381632,4576140566,acehsatumedia,2023,2023,7,2023-07-18
1681112311283728385,2023-07-18 08:23:03+07:00,1,10 Provinsi dengan Persentase Penduduk Miskin Tertinggi di Indonesia https://t.co/wozRRIJaI3,1681112311283728385,,,in,,0,1,0,https://x.com/Bisniscom/status/1681112311283728385,118646322,Bisniscom,2023,2023,7,2023-07-18
1680969476932775936,2023-07-17 22:55:28+07:00,0,"Maret 2023, BPS Catat Persentase Penduduk Miskin di Kalteng 5,11 Persen https://t.co/1qjvRHt8hJ lewat @prokaltengdotco",1680969476932775936,,,in,,0,0,0,https://x.com/prokaltengdotco/status/1680969476932775936,1082029849,prokaltengdotco,2023,2023,7,2023-07-17
1680947352130166784,2023-07-17 21:27:33+07:00,0,Persentase Penduduk Miskin di DIY Masih di Atas Nasional https://t.co/e5UO8qdhIb,1680947352130166784,,,in,,0,0,1,https://x.com/IDNTimesJogja/status/1680947352130166784,1318894199270330369,IDNTimesJogja,2023,2023,7,2023-07-17
1680933311223599104,2023-07-17 20:32:27+07:00,0,"Tahukah #SahabatData
Persentase penduduk miskin di Bali pada Maret 2023 sebesar 4,25%, turun 0,28 persen poin dibandingkan September 2022. https://t.co/l6js5Ndw5t",1680933483584299008,https://pbs.twimg.com/media/F1Pf-owaMAQPaXG.jpg,bpsprovbali,in,,0,1,0,https://x.com/bpsprovbali/status/1680933483584299008,554943457,bpsprovbali,2023,2023,7,2023-07-17
1680931763688984578,2023-07-17 20:25:37+07:00,0,"Badan Pusat Statistik menjelaskan, Bali kembali menjadi provinsi dengan tingkat kemiskinan terendah di Indonesia. Pada Maret 2023 tercatat jumlah penduduk miskin 193,78 ribu orang atau secara persentase sebesar 4,25 persen.

Kereen pak Koster... https://t.co/z67ejGyz9P",1680931763688984578,https://pbs.twimg.com/media/F1Peh_BaUAAkJly.jpg,,in,,0,0,0,https://x.com/depotcepot/status/1680931763688984578,563962606,depotcepot,2023,2023,7,2023-07-17
1680890228922519552,2023-07-17 17:40:34+07:00,0,"Data Terbaru: Persentase Penduduk Miskin di Kalteng Turun Menjadi 5,11 Persen Pada Maret 2023 https://t.co/xwaAajl2G3",1680890228922519552,,,in,,0,0,0,https://x.com/LiputanSbm/status/1680890228922519552,997386763860496385,LiputanSbm,2023,2023,7,2023-07-17
1680876306546982912,2023-07-17 16:45:15+07:00,9,"Tingkat Kemiskinan Maret 2023 Tercatat 9,36 Persen

“Persentase penduduk miskin pada Maret 2023 sebesar 9,36 persen, menurun 0,21 persen poin terhadap September 2022 dan menurun 0,18 persen poin terhadap Maret 2022,” ujar Atqo Mardiyanto, Sekretaris Utama BPS... https://t.co/IoQb2ry83r",1680876306546982912,https://pbs.twimg.com/media/F1Or2w2aMAA5kCx.jpg,,in,,1,2,3,https://x.com/bps_statistics/status/1680876306546982912,3021760068,bps_statistics,2023,2023,7,2023-07-17
1680852800526520320,2023-07-17 15:11:51+07:00,0,"BPS mencatat seluruh pulau di Indonesia mengalami penurunan persentase penduduk miskin, kecuali Sulawesi. https://t.co/js4JiJt3vL",1680852800526520320,,,in,,0,0,0,https://x.com/tempodotco/status/1680852800526520320,18129942,tempodotco,2023,2023,7,2023-07-17
1870356468626829575,2024-12-21 13:31:46+07:00,0,"kayak gini cuma 1 dari sepersekian ribu atau ratusan ribu. faktor hoki. there's a reason why persentase penduduk miskin di indonesia masih 9,03%",1870356468626829575,,,in,,0,0,0,https://x.com/cruisinglewy/status/1870356468626829575,1015189881281130497,cruisinglewy,2024,2024,12,2024-12-21
1869320695056077052,2024-12-18 16:55:59+07:00,1,"Persentase penduduk miskin =&gt; indikator.
DTKS &amp; Regsosek =&gt; database.

Sejauh ini, untuk urusan bantuan sosial, kita masih bergantung sama database yang penyusunannya bergantung pada konsen atau pelaporan kepala satuan setempat. Gak ada urusannya sama World Bank.",1869320698046587211,,nonparametriek,in,,0,1,0,https://x.com/nonparametriek/status/1869320698046587211,1079052462,nonparametriek,2024,2024,12,2024-12-18
1867919826792091783,2024-12-14 20:09:25+07:00,21,"Kepulauan Meranti merupakan kabupaten dengan persentase penduduk miskin tertinggi di Pulau Sumatera, di mana pada tahun 2022 sebesar 23,84% lalu pada tahun 2023 sempat turun menjadi 22,98% dan pada tahun 2024 kembali meningkat menjadi 23,15% https://t.co/l83r9Dq30j",1867919826792091783,https://pbs.twimg.com/media/GewvLpubgAAiQQe.jpg,,in,,0,1,2,https://x.com/maqdisasha/status/1867919826792091783,3017267964,maqdisasha,2024,2024,12,2024-12-14
1862677177940287609,2024-11-30 09:05:05+07:00,0,"Kemisinan di Banten Mengalami Penurunan, mengamati data terkini, Persentase penduduk miskin di Provinsi Banten pada Maret 2024 tercatat sebesar 5,84%, menurun 0,33 persentase dari periode sebelumnya, dibulan Maret 2023 yang mencapai 6,17%
#Ekonomi
#Banten https://t.co/dyZaPxF3v5",1862679212777513473,https://pbs.twimg.com/media/GdmQcNaW4AAL_HT.jpg,mraldy13,in,,0,0,0,https://x.com/mraldy13/status/1862679212777513473,1356456322716286976,mraldy13,2024,2024,11,2024-11-30
1861692538916405335,2024-11-29 06:18:07+07:00,2,"@indrasbitchhere propinsi paling banyak orang miskinnya Jatim,propinsi persentase penduduk miskin terbanyak adl NTT!BUKAN JATENG!elu masih kemakan rethorika anti PDIP dengan ngambil sample Jateng,SBY dari Jatim bukan Jateng,Suharto dari Jogja,Sukarno Surabaya,Gusdur Jatim,Habibi Sulsel!",1862274804981932383,,indrasbitchhere,in,,0,0,1,https://x.com/idoasberger/status/1862274804981932383,1500695994073157634,idoasberger,2024,2024,11,2024-11-29
1861756752783614272,2024-11-28 14:46:56+07:00,5,"@gus_dibyo Coba aja liat statistik nya berapa persen yg berpendidikan tinggi dan rendah, liat juga persentase penduduk miskin nya. Faktor inilah yg dimanfaatkan, coba liat aja pilkada di Tegal sbg salah satu contohnya https://t.co/l5MSkshIIo",1862040462825267502,https://pbs.twimg.com/ext_tw_video_thumb/1862040436312866816/pu/img/S9wQiklvI4vX-U9h.jpg,gus_dibyo,in,,0,1,3,https://x.com/pudin69/status/1862040462825267502,140008012,pudin69,2024,2024,11,2024-11-28
1862018415113936909,2024-11-28 14:00:01+07:00,0,"@tekarok007 Heran aja masih pake stigma ginian buat ngatain Jateng,pdhal provinsi dengan jumlah penduduk miskin terbanyak adalah Jatim, sedangkan kalau berdasarkan persentase penduduk miskin maka nomer satu adl NTT",1862028656979460378,,tekarok007,in,,0,1,1,https://x.com/idoasberger/status/1862028656979460378,1500695994073157634,idoasberger,2024,2024,11,2024-11-28
1860833314602676302,2024-11-25 07:45:57+07:00,101,"@kompascom Pada tahun 2023, persentase penduduk miskin di Bengkulu sebesar 14,04%. Tingkat kemiskinan di Bengkulu hampir sama di pedesaan dan perkotaan. Udahlah provinsi mkskin di Sumatera . Dapat gubernur setan...  Selain bunga bangkai apa sih yg ada di bengkulu
 Ya pejabat kayak bangkee",1860847358592065608,,kompascom,in,,0,5,6,https://x.com/viqhani/status/1860847358592065608,1525319961555525632,viqhani,2024,2024,11,2024-11-25
1859225404395212952,2024-11-20 20:20:54+07:00,0,"Persentase penduduk miskin di Jateng lebih tinggi dibanding kondisi nasional yang sebesar 9,03 persen.

#debatpilgub #pilgubjateng #debatpilgubjateng #ahmadluthfi #kemiskinan #makanmurah #sekolahgratis #kesehatangratis",1859225406437822772,,lensaRTV,in,,0,0,0,https://x.com/lensaRTV/status/1859225406437822772,2393930923,lensaRTV,2024,2024,11,2024-11-20
1854001971570860417,2024-11-06 10:24:50+07:00,0,"[Mabar Asik Ep.34]🎮
Halo #SahabatData
Beberapa Indikator kunci yang dapat menggambarkan pembangunan daerah diantaranya pertumbuhan ekonomi, persentase penduduk miskin, persentase pengangguran, gini rasio, dan Indeks Pembangunan Manusia (IPM).

#MabarAsik yuk! https://t.co/aeyQOarAq2",1854001971570860417,https://pbs.twimg.com/media/Gbq8zA2bMAA4A_V.jpg,,in,,0,0,0,https://x.com/BPS_Kobar/status/1854001971570860417,3032362214,BPS_Kobar,2024,2024,11,2024-11-06
1851430119006679121,2024-10-30 08:05:12+07:00,65,"Berdasarkan data terbaru dari Badan Pusat Statistik (BPS), tingkat kemiskinan di Indonesia menunjukkan penurunan. Pada Maret 2024, persentase penduduk miskin turun menjadi 9,03%, dari 9,36% di tahun sebelumnya (Maret 2023). Secara keseluruhan, jumlah penduduk miskin pada Maret https://t.co/UYeUTmtFdk",1851430119006679121,https://pbs.twimg.com/media/GbGZyY-aEAAcFY4.jpg,,in,,0,121,0,https://x.com/dian_arifiya/status/1851430119006679121,859902793,dian_arifiya,2024,2024,10,2024-10-30
1850753564697932022,2024-10-28 11:16:50+07:00,0,"Berdasarkan data Badan Pusat Statistik (BPS), persentase penduduk miskin pada Maret 2024 sebesar 9,03 persen, menurun 0,33 persen poin terhadap Maret 2023 dan menurun 0,54 persen poin terhadap September 2022. 

Selengkapnya di sini⤵️
https://t.co/YcWkU1UjFI",1850753568195924477,,banten_pemprov,in,,0,0,0,https://x.com/banten_pemprov/status/1850753568195924477,1218018635362402304,banten_pemprov,2024,2024,10,2024-10-28
1850753564697932022,2024-10-28 11:16:49+07:00,0,"Pada periode Maret 2023-Maret 2024, tingkat kemiskinan di Indonesia mengalami penurunan baik dari sisi jumlah maupun persentase. 

Jumlah penduduk miskin di Indonesia pada Maret 2024 mencapai 25,22 juta orang. https://t.co/rUbptTJJ4A",1850753564697932022,https://pbs.twimg.com/media/Ga8yjkVbMAAok9O.jpg,,in,,0,1,0,https://x.com/banten_pemprov/status/1850753564697932022,1218018635362402304,banten_pemprov,2024,2024,10,2024-10-28
1849507449411338727,2024-10-25 06:09:19+07:00,0,"Badan Pusat Statistik Indonesia. (17 Juli 2024). Persentase Penduduk Miskin (P0) Menurut Provinsi dan Daerah. Diakses pada 25 Oktober 2024, dari https://t.co/369NewUbjU",1849589016871698738,,akageyma,in,,0,0,0,https://x.com/akageyma/status/1849589016871698738,1014546514331385858,akageyma,2024,2024,10,2024-10-25
1848913160931250191,2024-10-23 09:23:43+07:00,1,"Kabinet Merah Putih Prabowo Agar Waspada Soal Kondisi Ekonomi, Jangan Terlena 

Ekonom Fakultas Ekonomi dan Bisnis Universitas Indonesia (FEB UI), Teguh Dartanto memberikan  masukan untuk pemerintahan Prabowo Subianto-Gibran Rakabuming Raka untuk  menyiapkan langkah-langkah https://t.co/ZHbdAQvf0X",1848913160931250191,https://pbs.twimg.com/media/GaiolWJakAA7n4W.jpg,,in,,0,0,1,https://x.com/akuratco/status/1848913160931250191,786549338818224128,akuratco,2024,2024,10,2024-10-23
1848226237120151963,2024-10-22 11:23:51+07:00,0,"@JhonSitorus_18 @sayurteron @ganjarpranowo Provinsi gw jumlah penduduk miskin ya dikit, padahal termasuk provinsi miskin, ya karena penduduknya cuma sekelas kabupaten di Jawa. Kalo mau fair harus liat persentase nya donk.",1848581006661672976,,JhonSitorus_18,in,,0,0,0,https://x.com/Shankara_Q/status/1848581006661672976,15862149,Shankara_Q,2024,2024,10,2024-10-22
1846704490365530134,2024-10-17 07:12:43+07:00,0,"Berdasarkan data Badan Pusat Statistik (BPS), sejak 2014 persentase penduduk miskin ekstrem di Indonesia terus mengalami tren penurunan dari 6,18 persen menjadi 0,83 persen atau sekitar 2,3 juta orang per Maret 2024.",1846705867632398732,,economyforum_id,in,,0,1,0,https://x.com/economyforum_id/status/1846705867632398732,1753109805697536000,economyforum_id,2024,2024,10,2024-10-17
1846521481305424118,2024-10-16 19:00:02+07:00,0,"#Foto Persentase penduduk miskin Jakarta pada Maret 2024 sebesar 4,30%. Hal itu berdasarkan data Badan Pusat Statistik (BPS).

&gt;&gt; https://t.co/XdqDWJDtz2

Foto: Ari Saputra/detikFinance

#detikfinance #Kemiskinan #Jakarta https://t.co/4Giqyugtr2",1846521481305424118,https://pbs.twimg.com/media/GZ-6qD4b0AEfO3s.jpg,,in,,0,0,0,https://x.com/detikfinance/status/1846521481305424118,135795460,detikfinance,2024,2024,10,2024-10-16
1845709827806265539,2024-10-14 13:14:49+07:00,0,"Persentase penduduk miskin Jakarta pada Maret 2024 sebesar 4,30%. Hal itu berdasarkan data Badan Pusat Statistik (BPS). https://t.co/xnzllYn6wh",1845709827806265539,,,in,,0,0,0,https://x.com/detikfinance/status/1845709827806265539,135795460,detikfinance,2024,2024,10,2024-10-14
1845126155499982986,2024-10-13 07:59:39+07:00,0,"@huseinheikal Data darimana penduduk miskin Indon 9.03 %? Jgn terima muluk"" standar miskin itu di rendahkan oleh pemerintah, gw yakin lebih itu persentase nya.",1845268127514493370,,,in,,0,0,0,https://x.com/spidyyy26/status/1845268127514493370,1617775599749300229,spidyyy26,2024,2024,10,2024-10-13
1843847026754322477,2024-10-11 06:55:25+07:00,0,"@pousaylova6 @bersuwara Persentase penduduk miskin tertinggi di Jawa-Bali, bahkan lebih tinggi dari Jawa Tengah yg punya populasi 10x lipatnya 😭😭 https://t.co/cdtc4ToXxq",1844527185618759948,https://pbs.twimg.com/media/GZkTsxfaAAMRZUt.jpg,pousaylova6,in,,0,2,0,https://x.com/pisudesu/status/1844527185618759948,259769630,pisudesu,2024,2024,10,2024-10-11
1844317055903731893,2024-10-10 17:00:26+07:00,0,"Persentase penduduk miskin pada Maret 2024 sebesar 9,79 persen, menurun 0,56 persen poin terhadap Maret 2023. Jumlah penduduk miskin pada Maret 2024 sebesar 3,983 juta orang, menurun 0,206 juta orang terhadap Maret 2023. 

Berikut upaya Pemerintahan Jokowi dan hasilnya selama 10 https://t.co/ULccKjYR25",1844317055903731893,https://pbs.twimg.com/media/GZhUlWWXIAcfoRM.jpg,,in,,0,0,0,https://x.com/VIVAcoid/status/1844317055903731893,41730943,VIVAcoid,2024,2024,10,2024-10-10
1843072471395954706,2024-10-07 06:34:54+07:00,0,"Persentase penduduk miskin pada 2024 sebanyak 7,2 persen atau turun 0,3 persen dibandingkan 2023 yang saat itu 7,5 persen... https://t.co/c7CAqbNA9J",1843072471395954706,,,in,,0,0,0,https://x.com/antmegapolitan/status/1843072471395954706,3177962862,antmegapolitan,2024,2024,10,2024-10-07
1842835283685044660,2024-10-06 14:52:24+07:00,0,"Berdasarkan data BPS Solok Selatan, persentase penduduk miskin terus menurun setiap tahunnya sejak tahun 2019 lalu 

#solsel #solokselatan #sumbar https://t.co/UwLXgpwBCo",1842835283685044660,https://pbs.twimg.com/media/GZMQ6xVa4AAMAXT.jpg,,in,,0,0,1,https://x.com/solokselatankab/status/1842835283685044660,1455887049077112834,solokselatankab,2024,2024,10,2024-10-06
1840743819522023742,2024-09-30 20:21:40+07:00,0,"Persentase Penduduk Miskin di Paser 2024 Turun #BNetwork 
https://t.co/WzMrsGoOxm",1840743819522023742,,,in,,0,0,0,https://x.com/Beritasatu/status/1840743819522023742,154102750,Beritasatu,2024,2024,9,2024-09-30
1838865756135821566,2024-09-25 15:58:58+07:00,2,"Sulteng kaya akan sumber daya alam seperti emas, nikel, dan gas, justru menghadapi ironi besar. Berdasarkan data BPS, persentase penduduk miskin di provinsi ini pada Maret 2023 mencapai 12,41 persen, meningkat dari 12,3 persen pada September 2022. https://t.co/DHarGJ9ZQ3",1838865768861114686,https://pbs.twimg.com/media/GYT2q4vbQAAfkHk.jpg,misterdetektif,in,,0,1,0,https://x.com/misterdetektif/status/1838865768861114686,889895805611409408,misterdetektif,2024,2024,9,2024-09-25
1838821532547846511,2024-09-25 13:03:11+07:00,2,"Ekonom: Jokowi Gagal Capai Target Pengentasan Kemiskinan Selama Dua Periode

Tingkat kemiskinan atau persentase penduduk miskin diproyeksikan menurun tiap tahun pada Rencana Pembangunan Jangka Menengah Nasional (RPJMN) 2015-2019, yang ditetapkan Jokowi pada awal pemerintahannya. https://t.co/omgdmARvG0",1838821532547846511,https://pbs.twimg.com/media/GYTOavSbAAAwbBx.jpg,,in,,0,0,1,https://x.com/akuratco/status/1838821532547846511,786549338818224128,akuratco,2024,2024,9,2024-09-25
1838131321551610279,2024-09-23 15:20:32+07:00,48,"Daerah Istimewa Yogyakarta (DIY) diketahui menjadi provinsi dengan persentase penduduk miskin terbanyak di Pulau Jawa menurut data Badan Pusat Statistik (BPS) per Maret 2024 yaitu sebesar 10,83%. Meski demikian, salah satu kota yang ada di DIY, Kota Yogyakarta, ternyata memiliki https://t.co/0tAUYPbNlq",1838131321551610279,https://pbs.twimg.com/media/GYJasINagAAaYyo.jpg,,in,,4,13,19,https://x.com/merapi_uncover/status/1838131321551610279,1279804428724211712,merapi_uncover,2024,2024,9,2024-09-23
1838043608114769984,2024-09-23 09:32:00+07:00,0,"Data menunjukkan bahwa persentase penduduk miskin di Lampung mengalami penurunan dari tahun 2022 hingga 2024. Pada tahun 2022, persentase penduduk miskin tercatat sebesar 11,57%, menurun menjadi 11,11% pada tahun 2023, dan terus menurun menjadi 10,69% pada tahun 2024.

#cintadata https://t.co/teB3CW47Jn",1838043608114769984,https://pbs.twimg.com/media/GYIKsCGaEAAwv7n.jpg,,in,,0,0,0,https://x.com/bpsprovlampung/status/1838043608114769984,1338130651,bpsprovlampung,2024,2024,9,2024-09-23
1837749398924939676,2024-09-22 17:58:21+07:00,1,"@merapi_uncover Ketika jakarta menempati posisi paling bawah persentase penduduk miskin nya, saya kaget 😅",1837808648577503605,,merapi_uncover,in,,0,0,0,https://x.com/Goncek/status/1837808648577503605,490369116,Goncek,2024,2024,9,2024-09-22
1837749398924939676,2024-09-22 14:02:55+07:00,694,"Jogja istimewa (?) 🤔

YouTuber IShowSpeed mendapatkan sambutan yang tidak kondusif dan cenderung rusuh dari masyarakat saat berkunjung ke Provinsi Daerah Istimewa Yogyakarta (DIY) pada Sabtu (21/9/2024). Bahkan, dikabarkan ada beberapa pedagang yang harus mengalami kerusakan https://t.co/oKkn3wBCgL",1837749398924939676,https://pbs.twimg.com/media/GYD_VixbQAAg8vp.jpg,,in,,34,119,98,https://x.com/merapi_uncover/status/1837749398924939676,1279804428724211712,merapi_uncover,2024,2024,9,2024-09-22
1836252538393497737,2024-09-18 10:54:55+07:00,0,"Persentase penduduk miskin di Kabupaten Trenggalek juga mengalami penurunan dari 10,63 persen pada bulan Maret 2023 menjadi sebesar 10,50 persen pada bulan Maret 2024.

https://t.co/zh5Y4Tuti6",1836252538393497737,,,in,,0,0,0,https://x.com/SuaraTrenggalek/status/1836252538393497737,1831931576034455555,SuaraTrenggalek,2024,2024,9,2024-09-18
1835439764360819114,2024-09-16 05:05:15+07:00,1,dan perkembangan penduduk miskin di Indonesia Indikatorindikator tersebut antara lain jumlah dan persentase penduduk miskin serta berbagai karakteristik kemiskinan lainnya yang terbanding antar waktu dan antar wilayah,1835439764360819114,,,in,,0,0,0,https://x.com/hendriansyahbn2/status/1835439764360819114,1627923336801157120,hendriansyahbn2,2024,2024,9,2024-09-16
1834915168737771615,2024-09-14 18:20:41+07:00,6,"Dari tahun 2004 hingga 2024, persentase penduduk miskin di Indonesia menunjukkan tren penurunan yg signifikan.

Gimana, apa kamu optimis tingkat kemiskinan di Indonesia bakal terus turun ke depannya?

#goodstats #literasidata #tingkatkemiskinan #kemiskinan #indonesia https://t.co/YbNPxTLbAU",1834915168737771615,https://pbs.twimg.com/media/GXbtnWZbwAMljA5.jpg,,in,,0,2,3,https://x.com/GoodStatsid/status/1834915168737771615,1455891922300456968,GoodStatsid,2024,2024,9,2024-09-14
1834539062465646939,2024-09-13 17:34:50+07:00,49,"Faktanya, Gunung Kidul merupakan salah satu daerah termiskin di Indonesia. Tingkat kemiskinan berkisar 15-17 persen atau hampir dua kali lipat dibanding persentase penduduk miskin secara nasional yang kini berkutat di angka 9 persen.",1834541240836403269,,creepylogy_,in,,0,1,1,https://x.com/creepylogy_/status/1834541240836403269,1435352562123763719,creepylogy_,2024,2024,9,2024-09-13
1834154288962306378,2024-09-12 15:57:14+07:00,0,"Persentase penduduk miskin Kabupaten Wonogiri pada Maret 2024 sebesar 10,71 persen, mengalami penurunan, yaitu 0,23 persen poin dibanding Maret 2023. https://t.co/CWsaXwr4cc",1834154288962306378,https://pbs.twimg.com/media/GXQ5gSubgAISW6V.jpg,,in,,0,1,0,https://x.com/bpskabwonogiri/status/1834154288962306378,969474609962561536,bpskabwonogiri,2024,2024,9,2024-09-12
1834141114632388640,2024-09-12 15:04:53+07:00,0,"#Sedulursalatiga, Indikator Data Kemiskinan Tahun 2024 tlh rilis. Dg nilai Presentase Penduduk Miskin sebesar 4,57% menjadikan Kota Salatiga menjadi kota dg persentase penduduk miskin kedua terendah di Jateng.

Informasi lengkap jangan lupa kunjungi https://t.co/NOvicekqGT https://t.co/fGthypSFQD",1834141114632388640,https://pbs.twimg.com/media/GXQq0gkbgAAxF9p.jpg,,in,,0,0,0,https://x.com/PemkotSalatiga/status/1834141114632388640,825945728858021889,PemkotSalatiga,2024,2024,9,2024-09-12
1834076181668176316,2024-09-12 10:46:51+07:00,0,"Tingkat kemiskinan di Bali terus mengalami penurunan signifikan. Berdasarkan data Badan Pusat Statistik (BPS) Provinsi Bali, persentase penduduk miskin di Bali pada Maret 2024 tercatat sebesar 4,00 persen.
https://t.co/3r0UcXp4Cl",1834076181668176316,,,in,,0,0,0,https://x.com/nusabalicom/status/1834076181668176316,2655442453,nusabalicom,2024,2024,9,2024-09-12
1829134405861880075,2024-08-29 19:30:00+07:00,0,"Badan Pusat Statistik mencatat persentase penduduk miskin ekstrem paling banyak merupakan orang dengan status bekerja. BPS memberikan rekomendasi kebijakan agar bisa meningkatkan kualitas pekerjaan, skala usaha, hingga penyesuaian upah buruh. https://t.co/ns6OyEQkD6 https://t.co/LVzmUnY0es",1829134405861880075,https://pbs.twimg.com/amplify_video_thumb/1828330916445663233/img/NCTXbttWS0wzvhRL.jpg,,in,,1,0,0,https://x.com/CNNIDdaily/status/1829134405861880075,3306771829,CNNIDdaily,2024,2024,8,2024-08-29
1829065629133091012,2024-08-29 14:56:43+07:00,0,"#Repost @semarangpemkot
・・・
Halo Sedulur Semarang!

Perlu kita ketahui bahwa Kota Semarang berhasil menjadi kota dengan persentase penduduk kategori miskin terendah se-Jawa Tengah dengan nilai 4,03% pada tahun 2024 ini.  Nah jika kita bandingkan dengan tahun 2023, Persentase https://t.co/ZMKnbxOihc",1829065629133091012,https://pbs.twimg.com/media/GWIle56WgAAL9tu.jpg,,in,,0,1,0,https://x.com/kecsmgutara/status/1829065629133091012,987151956043952128,kecsmgutara,2024,2024,8,2024-08-29
1828336663426388154,2024-08-27 14:40:04+07:00,0,"Hallo #SahabatData

Mari kita simak Profil kemiskinan di Kabupaten Mamasa Tahun 2024.  Melalui infografis di atas, sahabat data dapat mengetahui gambaran mengenai perubahan garis kemiskinan, persentase dan jumlah penduduk miskin di wilayah tersebut.

#7603 #bpsmamasa #kemiskinan https://t.co/OgnLw4qRF9",1828336663426388154,https://pbs.twimg.com/media/GV-OgRDaoAI_BVp.jpg,,in,,0,0,0,https://x.com/bps7603mamasa/status/1828336663426388154,1719136839813287936,bps7603mamasa,2024,2024,8,2024-08-27
1824712605484847439,2024-08-17 14:41:03+07:00,0,"Persentase penduduk miskin turun dari 10,77% pada Maret 2023, menjadi 10,47% pada Maret 2024. Angka kemiskinan ekstrem juga turun, dari 1,97% di tahun 2022 menjadi 1,11% pada 2023. https://t.co/rL0nLR2HSP",1824713032037175808,https://pbs.twimg.com/media/GVKu1Lzb0AA7z_q.jpg,komdigi_jateng,in,,0,1,0,https://x.com/komdigi_jateng/status/1824713032037175808,819065767463292928,komdigi_jateng,2024,2024,8,2024-08-17
1823968514937684041,2024-08-15 13:22:36+07:00,0,"Luar biasa. Sementara itu, ""Persentase penduduk miskin ekstrem Indonesia pada Maret 2024 sebesar 0,83 persen, berhasil turun 0,29 persen poin terhadap Maret 2023 sebesar 1,12 persen.""
https://t.co/NDJdBAoUrj.",1823968514937684041,,,in,,0,0,0,https://x.com/J_a2y0/status/1823968514937684041,239712409,J_a2y0,2024,2024,8,2024-08-15
1823334158611169378,2024-08-13 19:21:54+07:00,0,"mereka tu apa² bayar... bukan iri jg ya, tpi feedback yg didapet tuh apa? kaga ada anjir, yg ada semua makin naik... mereka makin terdesak. setauku ada berita/data yg menyebutkan bahwa persentase penduduk miskin nya naik kan? banyak org menengah yang turun kelas.",1823334161328861458,,kmjeongsgf,in,,0,0,0,https://x.com/kmjeongsgf/status/1823334161328861458,1553693089512194049,kmjeongsgf,2024,2024,8,2024-08-13
1822889170743804346,2024-08-12 13:53:40+07:00,1,"Badan Pusat Statistik Kota Surakarta telah merilis Berita Resmi Statistik Kemiskinan Kota Surakarta Tahun 2024. Persentase penduduk miskin tahun 2024 sebesar 8,31 persen, turun 0,13 persen dibandingkan tahun 2023. Jumlah penduduk miskin tahun 2024 sebanyak 43,28 ribu orang. https://t.co/Eiri6u4NEK",1822889170743804346,https://pbs.twimg.com/media/GUwz2iKaIAAtsiU.jpg,,in,,0,1,1,https://x.com/PEMKOT_SOLO/status/1822889170743804346,3347793914,PEMKOT_SOLO,2024,2024,8,2024-08-12
1821820673083519191,2024-08-09 15:07:50+07:00,4,"BPS Kab. Deli Serdang merilis data kemiskinan 2024. Persentase penduduk miskin sebesar 3,44% Tahun 2024. Meski menurun, kemiskinan tetap jadi perhatian utama. Upaya peningkatan kesejahteraan harus terus ditingkatkan dengan kerjasama semua pihak. Bersama menuju masa depan cerah 🌞 https://t.co/Xplp1ACTNF",1821820673083519191,https://pbs.twimg.com/media/GUhoGrZaEAAWF1N.png,,in,,0,1,0,https://x.com/bps_deliserdang/status/1821820673083519191,1042228474151362560,bps_deliserdang,2024,2024,8,2024-08-09
1820380761037656437,2024-08-05 15:46:16+07:00,0,"Ditambahkan, berdasarkan data Badan Pusat Statistik (BPS) Jawa Tengah, persentase penduduk miskin di Jawa Tengah pada Maret 2024 mencapai 10,47%, atau sebanyak 3,70 juta orang. Angka itu turun 0,30% dibanding periode sebelumnya pada Maret 2023, yang sebanyak 3,79 juta orang. https://t.co/MQh8aVRpd9",1820380790015856768,https://pbs.twimg.com/media/GUNKrGRWoAACo_8.jpg,komdigi_jateng,in,,0,1,0,https://x.com/komdigi_jateng/status/1820380790015856768,819065767463292928,komdigi_jateng,2024,2024,8,2024-08-05
1820380770873315727,2024-08-05 15:46:11+07:00,2,"Berdasarkan data dari BPS, Maret 2024, Persentase Penduduk Miskin Provinsi Kepulauan Bangka Belitung peringkat ke-4 Terendah Nasional, setelah Provinsi Bali, Kalimantan Selatan dan DKI Jakarta.

#babelsemakincakapdigital https://t.co/sb0y3g0GQc",1820380770873315727,https://pbs.twimg.com/media/GUNKqK5asAAGkqS.jpg,,in,,0,0,0,https://x.com/pemprovkepbabel/status/1820380770873315727,844168182864592896,pemprovkepbabel,2024,2024,8,2024-08-05
1820079143830331694,2024-08-04 19:47:37+07:00,1,"Halo #SahabatStatistik..
Tanggal 31 Juli 2024 BPS Kabupaten Pati telah merilis angka kemiskinan Kab Pati tahun 2024.

Pada Maret 2024, tercatat bahwa persentase penduduk miskin di Kab Pati sebesar 9,17 persen atau turun sebesar 0,14 poin dari posisi Maret 2023 sebesar 9,31 persen https://t.co/f5fiytX7uh",1820079143830331694,https://pbs.twimg.com/ext_tw_video_thumb/1820078981971914752/pu/img/86jnSmGSVJGQqBi8.jpg,,in,,0,0,0,https://x.com/bpskabpati/status/1820079143830331694,1679386684096651264,bpskabpati,2024,2024,8,2024-08-04
1818953344926502914,2024-08-01 17:14:06+07:00,0,Persentase Penduduk Miskin di Solo Lebih Rendah Ketimbang Jawa Tengah https://t.co/OCHxXYBxp4 https://t.co/Nv67F4TaS0,1818953344926502914,https://pbs.twimg.com/media/GT44bbwaIAA0D7M.jpg,,in,,0,0,0,https://x.com/soloposdotcom/status/1818953344926502914,155169715,soloposdotcom,2024,2024,8,2024-08-01
1818894458244809014,2024-08-01 13:20:06+07:00,0,"Jumlah penduduk miskin per-Maret 2024 sebesar 8,40 persen (ekuivalen dengan 33,49 ribu jiwa). Kondisi itu menunjukan menurun 0,5 poin, dibandingkan persentase jumlah penduduk miskin per-Maret 2023 sebesar 8,90 persen.
#merangin
#jambi https://t.co/b22ddm0y2W",1818894458244809014,https://pbs.twimg.com/ext_tw_video_thumb/1818894285883723776/pu/img/LyWmZ70rxPyul3K1.jpg,,in,,0,0,0,https://x.com/kominfomerangin/status/1818894458244809014,1216916262208409600,kominfomerangin,2024,2024,8,2024-08-01
1817918486007718370,2024-07-29 20:46:58+07:00,0,"Persentase penduduk miskin pada Maret 2024 sebesar 14,02 persen, mengalami penurunan 0,15 persen poin dibanding Maret 2023.

Pada Tahun 2024, Jumlah penduduk miskin Jawa Tengah berkurang 87,17 ribu orang dan angka kemiskinannya turun 0,30 persen poin.",1817919752066703610,,bps_kab_rembang,in,,0,0,0,https://x.com/bps_kab_rembang/status/1817919752066703610,852677804516753409,bps_kab_rembang,2024,2024,7,2024-07-29
1817214377680138295,2024-07-27 22:04:04+07:00,0,"Persentase penduduk miskin di wilayah Kabupaten Lumajang turun, dari 8,93 persen pada Maret 2023 menjadi 8,65 persen pada Maret 2024. https://t.co/nsTAV2XNJu #Lumajang",1817214377680138295,,,in,,0,0,0,https://x.com/ngopibareng_id/status/1817214377680138295,1291246080269545472,ngopibareng_id,2024,2024,7,2024-07-27
1817016145112949200,2024-07-27 08:56:22+07:00,1,"Pemerintah Kota Palembang masih menyimpan banyak pekerjaan rumah dalam mengentaskan angka kemiskinan. Apalagi pemerintah pusat menarget setiap wilayah harus menekan persentase warga miskin hingga 1% dari jumlah total penduduk daerah.

#IDNTimesSumsel

https://t.co/OekepkMNnd https://t.co/bWXvdM2Smz",1817016145112949200,https://pbs.twimg.com/media/GTdWjMpaAAAvlTx.jpg,,in,,0,0,1,https://x.com/IDNTimesSumsel/status/1817016145112949200,1318860486759182336,IDNTimesSumsel,2024,2024,7,2024-07-27
1816355439447269875,2024-07-25 13:11:25+07:00,0,"Kabupaten Rembang mencatatkan  persentase penduduk miskin atau yang biasa disebut Angka Kemiskinan Maret 2024 sebesar 14,02 persen, turun sebesar 0,15 persen poin dari semula 14,17 persen.",1816355556313198595,,bps_kab_rembang,in,,0,0,0,https://x.com/bps_kab_rembang/status/1816355556313198595,852677804516753409,bps_kab_rembang,2024,2024,7,2024-07-25
1816302985074598291,2024-07-25 09:42:31+07:00,0,"Persentase penduduk miskin kabupaten Lombok Timur berdasarkan data BPS pada Maret 2024 turun signifikan 1,12% menjadi 14,51%. Tahun 2023 lalu angka kemiskinan Lotim 15,63%.
https://t.co/k2u2PnN4Bf",1816302985074598291,,,in,,0,0,0,https://x.com/humasprolotim/status/1816302985074598291,1059251534070919168,humasprolotim,2024,2024,7,2024-07-25
1816041557583356195,2024-07-24 16:23:42+07:00,0,"Dari hasil Survei Sosial Ekonomi Nasional (Susenas) Maret 2024, jumlah penduduk miskin di Kabupaten Semarang sebanyak 76,87 ribu jiwa. 
Persentase penduduk miskin pada periode ini tercatat sebesar 6,96 persen, menurun 0,21 persen poin jika dibandingkan Maret 2023. https://t.co/7oI9EFFqoL",1816041557583356195,https://pbs.twimg.com/media/GTPgKyzakAApQdQ.jpg,,in,,0,0,0,https://x.com/BpsSemarang/status/1816041557583356195,1023792919830966272,BpsSemarang,2024,2024,7,2024-07-24
1815924847635226682,2024-07-24 08:39:56+07:00,0,"Sahabat Data,

Persentase penduduk miskin Kota Magelang di tahun 2024 (Maret) sebesar 5,94% turun 0,17 persen poin dibandingkan angka di tahun 2023 yang berada di 6,11%. Dengan capaian ini Kota Magelang merupakan wilayah dengan penduduk miskin terendah ke-3 di Jateng. https://t.co/G7JePRwYRz",1815924847635226682,https://pbs.twimg.com/media/GTN13ZvbMAA9lKu.jpg,,in,,0,0,0,https://x.com/datagodatago/status/1815924847635226682,3866735772,datagodatago,2024,2024,7,2024-07-24
1815292306444202069,2024-07-22 14:46:27+07:00,0,"BERHASIL TURUNKAN ANGKA KEMISIKINAN MENCAPAI 1 DIGIT DI TAHUN 2024, BUPATI TARGETKAN HILANGKAN PERSENTASE PENDUDUK MISKIN EKSTREM https://t.co/1szEoLCokB",1815292306444202069,https://pbs.twimg.com/media/GTE2urvasAAxg14.jpg,,in,,0,0,0,https://x.com/PemkabOKUS/status/1815292306444202069,1161996953229516800,PemkabOKUS,2024,2024,7,2024-07-22
1814549137687523559,2024-07-20 17:34:08+07:00,0,"@LokalPendaki WAH WAH WAH  tingkat kepuasan ke pemerintahan 75% ,persentase penduduk miskin pada menurun 9,03 persen pada 2024 , Gini ratio masih 0,379

Rakyat pasti Sejahtera donggg ,ga mungkin terjadi ini",1814609729651630179,,LokalPendaki,in,,0,0,0,https://x.com/xdharmawigunax/status/1814609729651630179,235048794,xdharmawigunax,2024,2024,7,2024-07-20
1814472596425265597,2024-07-20 08:29:12+07:00,1,"Halo #SahabatData,

Tahukah kalian apa makna persentase penduduk miskin Kabupaten Rembang tahun 2023 sebesar 14,17%? Darimanakah angka persentase penduduk niskin didapatkan?
Nah lewat videografi kali ini, https://t.co/wCc2SkdEZM",1814472596425265597,https://pbs.twimg.com/ext_tw_video_thumb/1814472336860688384/pu/img/vWxgGWz2cQvIXrXy.jpg,,in,,0,4,0,https://x.com/bps_kab_rembang/status/1814472596425265597,852677804516753409,bps_kab_rembang,2024,2024,7,2024-07-20
1814110129018822779,2024-07-19 08:28:53+07:00,1,"Persentase penduduk miskin di Jateng mulai menunjukan angka penurunan. Tercatat, Maret 2023-Maret 2024 turun sebanyak 0,30%. Hal ini karena berbagai upaya yang sudah dilakukan Pemprov Jateng dalam penanggulangan kemiskinan. 

Kira-kira apa aja ya upaya nya? 🤔

#jawatengah https://t.co/9wCSdP9DCk",1814110129018822779,https://pbs.twimg.com/ext_tw_video_thumb/1814109512288325632/pu/img/JuzwHqSdmAfd__An.jpg,,in,,0,0,0,https://x.com/humasjateng/status/1814110129018822779,2276246437,humasjateng,2024,2024,7,2024-07-19
1813569142886486138,2024-07-17 20:39:54+07:00,0,"Okeeeyy, jadi dari hasil pendataan Susenas Maret 2024 persentase penduduk miskin Kabupaten Mojokerto 2024 ialah sebesar 9,37 persen lho, angka ini menunjukkan penurunan kemiskinan dibandingkan 2023 yang sebesar 9,8 persen...",1813569318594163149,,bpsmojokerto,in,,0,1,0,https://x.com/bpsmojokerto/status/1813569318594163149,1041505586808991744,bpsmojokerto,2024,2024,7,2024-07-17
1813130690919342184,2024-07-16 15:36:58+07:00,2,"Kemiskinan di Banten masih menjadi masalah serius. Pada Maret 2024, persentase penduduk miskin mencapai 5,84%, meskipun ada penurunan dari tahun sebelumnya. Sebagian besar penduduk miskin Banten berada di perkotaan dengan 5,69% dan di perdesaan 6,44%. 

https://t.co/SmocuI78pm",1813130693222015245,,bung_madin,in,,0,1,2,https://x.com/bung_madin/status/1813130693222015245,1632328794228011009,bung_madin,2024,2024,7,2024-07-16
1812741720012120344,2024-07-15 22:37:40+07:00,1,"@reezalIl @ObiWan_Catnobi (ki): sumbu Y-nya sebelah kiri = populasi penduduk miskin dan rentan dalam satuan juta jiwa di tiap tahunnya
(ka): sumbu Y-nya sebelah kanan = persentase proporsi penduduk miskin dan rentan tiap tahunnya",1812874177017422122,,reezalIl,in,,0,1,1,https://x.com/qaz88mlp/status/1812874177017422122,1228246483138297857,qaz88mlp,2024,2024,7,2024-07-15
1811268614798069979,2024-07-11 12:17:44+07:00,0,"Riau Urutan Ketujuh Persentase Jumlah Penduduk Miskin Terbanyak se Sumatera, Kalah dengan Sumbar https://t.co/Csc2wCKihs https://t.co/H5oj72vpGB",1811268614798069979,https://pbs.twimg.com/media/GSLrNQFagAA2o4D.jpg,,in,,0,0,0,https://x.com/_ilc_Ramli/status/1811268614798069979,1386482892,_ilc_Ramli,2024,2024,7,2024-07-11
1810935066102747513,2024-07-10 14:12:19+07:00,0,"Halo Sedulur, ada Kabar Baik untuk Warga D.I. Yogyakarta!

Persentase penduduk miskin di D.I. Yogyakarta pada Maret 2024 turun menjadi 10,83%. Turun 0,21 poin persen dibanding Maret 2023, dan 0,66 poin persen dibanding September 2022. https://t.co/cav7zVCaFU",1810935066102747513,https://pbs.twimg.com/media/GSG6-AZaUAUe3sp.jpg,,in,,0,1,0,https://x.com/kominfodiy/status/1810935066102747513,755673247660650497,kominfodiy,2024,2024,7,2024-07-10
1810890581092225416,2024-07-10 11:15:33+07:00,0,"Untuk pertama kalinya Persentase Penduduk Miskin Provinsi Gorontalo dibawah 15%! Secara persentase, angkanya terus berkurang setiap tahunnya. Pada Maret 2024 ini, persentase penduduk miskin di Gorontalo sebesar 14,57%, yang turun 0,58% dari Maret 2023.

#CintaData
#BPSGorontalo https://t.co/rb9pJQwpFr",1810890581092225416,https://pbs.twimg.com/media/GSGTYZzaYAAKUnp.jpg,,in,,0,0,0,https://x.com/bps_gorontalo/status/1810890581092225416,1755092087052316672,bps_gorontalo,2024,2024,7,2024-07-10
1809921781291209051,2024-07-07 19:05:54+07:00,0,"Inilah 10 Provinsi dengan Persentase Penduduk Miskin Terbanyak di  Indonesia, NTT Menempati Juara ke 4 https://t.co/SIK750D2Gd",1809921781291209051,,,in,,0,0,0,https://x.com/GNafanu/status/1809921781291209051,1584100692083773440,GNafanu,2024,2024,7,2024-07-07
1808865593233395874,2024-07-04 21:08:59+07:00,0,"Persentase jumlah penduduk miskin di Aceh menurun

 #KemiskinandiAceh #pendudukmiskindiAceh #popularitascom
https://t.co/oh5EXTpSgs",1808865593233395874,,,in,,0,0,0,https://x.com/Popularitascom/status/1808865593233395874,854747465202806784,Popularitascom,2024,2024,7,2024-07-04
1808852802585965048,2024-07-04 20:18:09+07:00,1,"BPS catat persentase penduduk miskin di Provinsi Gorontalo pada bulan Maret 2024 yaitu 14,57 persen, menurun 0,58 persen dari bulan Maret 2023.

https://t.co/PksrFCRmyy",1808852802585965048,,,in,,0,0,0,https://x.com/antaranews/status/1808852802585965048,18071520,antaranews,2024,2024,7,2024-07-04
1808746961081880654,2024-07-04 13:17:35+07:00,0,"Berdasarkan data Susenas Maret 2024, persentase angka penduduk miskin di Sulawesi Utara adalah 7,25 persen, lebih kecil dari angka nasional yang mencapai 9,03 persen. #publisherstory #manadobacirita https://t.co/1ETZLh80xF",1808746961081880654,,,in,,0,1,0,https://x.com/kumparan/status/1808746961081880654,759692754985242625,kumparan,2024,2024,7,2024-07-04
1808412512905580827,2024-07-03 15:08:36+07:00,0,"Persentase Penduduk Miskin DIY Paling Tinggi di Pulau Jawa, Ini Penjelasan Pemda dan DPRD https://t.co/1PhQ7LNzU5 #beritajogja #jogja #jogjaistimewa https://t.co/Shly1p8E9e",1808412512905580827,https://pbs.twimg.com/media/GRjFmO-b0AMelU2.jpg,,in,,0,0,0,https://x.com/Harian_Jogja/status/1808412512905580827,118371948,Harian_Jogja,2024,2024,7,2024-07-03
1808359979214426297,2024-07-03 11:39:51+07:00,0,Data Sebaran Persentase Penduduk Miskin di Indonesia pada Maret 2024 https://t.co/DryAtd1xzK https://t.co/fiptrCNUpL,1808359979214426297,https://pbs.twimg.com/media/GRiV0Mab0AECZEy.png,,in,,0,0,0,https://x.com/DataindonesiaId/status/1808359979214426297,1405348002101792772,DataindonesiaId,2024,2024,7,2024-07-03
1808111514584600836,2024-07-02 19:28:16+07:00,0,"Sementara itu, persentase penduduk miskin Jawa Tengah pada Maret 2024 sebesar 10,47 persen, turun 0,30 persen dibanding Maret 2023. 

Rilis Indikator Strategis Provinsi Jawa Tengah kali ini istimewa karena dihadiri langsung oleh Penjabat (Pj) Gubernur Jawa Tengah, Nana Sudjana.",1808115471964950975,,bpsprovjateng,in,,0,1,0,https://x.com/bpsprovjateng/status/1808115471964950975,700923330681909249,bpsprovjateng,2024,2024,7,2024-07-02
1808111514584600836,2024-07-02 19:28:03+07:00,0,"Sementara itu, persentase penduduk miskin Jawa Tengah pada Maret 2024 sebesar 10,47 persen, turun 0,30 persen dibanding Maret 2023. 

Rilis Indikator Strategis Provinsi Jawa Tengah kali ini istimewa karena dihadiri langsung oleh Penjabat (Pj) Gubernur Jawa Tengah, Nana Sudjana.",1808115417871000063,,bpsprovjateng,in,,0,1,0,https://x.com/bpsprovjateng/status/1808115417871000063,700923330681909249,bpsprovjateng,2024,2024,7,2024-07-02
1808108869811687735,2024-07-02 19:02:02+07:00,0,"Berdasarkan rilis yang dikeluarkan Badan Pusat Statistik (BPS), persentase penduduk miskin di Sulbar 2024 mengalami penurunan dibandingkan tahun sebelumnya. #bps #pendudukmiskin #sulbar  
 https://t.co/gvPGf2dOeA",1808108869811687735,,,in,,0,0,0,https://x.com/heralddotID/status/1808108869811687735,1698580133068865536,heralddotID,2024,2024,7,2024-07-02
1808073655299235871,2024-07-02 16:42:06+07:00,0,"Persentase Penduduk Miskin Sulsel Tahun ini Harus di Bawah 8%, Begini Strateginya https://t.co/rpDa9LkKUd https://t.co/it4MjF6utF",1808073655299235871,https://pbs.twimg.com/media/GReRaIvb0AA5RKl.jpg,,in,,0,2,0,https://x.com/Bisniscom/status/1808073655299235871,118646322,Bisniscom,2024,2024,7,2024-07-02
1807995595061449131,2024-07-02 11:31:55+07:00,0,"Badan Pusat  Statistik (BPS) mengumumkan tingkat kemiskinan di Indonesia menurun  menjadi 9,03 persen atau setara dengan 25,22 juta orang pada Maret 2024.

Jumlah  penduduk miskin pada Maret 2024 menurun 0,68 juta orang dibandingkan  Maret 2023, dan menurun 1,14 juta orang https://t.co/8LETHu7fcb",1807995595061449131,https://pbs.twimg.com/media/GRdKSiIb0AArqRb.png,,in,,0,0,0,https://x.com/akuratco/status/1807995595061449131,786549338818224128,akuratco,2024,2024,7,2024-07-02
1807957054273081755,2024-07-02 08:58:46+07:00,0,"Data BPS, Persentase Penduduk Miskin Menurun di Jabar https://t.co/ZHLcHFtENt",1807957054273081755,,,in,,0,0,0,https://x.com/Rhakkan09/status/1807957054273081755,600041975,Rhakkan09,2024,2024,7,2024-07-02
1869178597963169833,2024-12-18 07:31:20+07:00,0,"Indonesia standar/garis kemiskinannya aja kalah dan gak update demi data yang bagus
Orang yang hanya mampu ngeluarin duit 20k sehari udah nggak dianggap miskin di Indonesia

https://t.co/TA1mu3ieGu 

https://t.co/Ck2EWdQnQj https://t.co/5S1Xvg0zuH",1869178597963169833,https://pbs.twimg.com/media/GfCoBDFbkAAiIau.jpg,,in,,0,1,0,https://x.com/ashaabull/status/1869178597963169833,1073866854899212288,ashaabull,2024,2024,12,2024-12-18
1866333903029768465,2024-12-10 12:23:43+07:00,35,"@anshory72 Angka Garis Kemiskinan Indonesia 2024 Rp 582.932 Mas

Angka di gambar yg Mas shared unt thn 2017

https://t.co/1ZHwvpdI5J",1866353077412049217,,anshory72,in,,1,3,1,https://x.com/MaliminRinaldi/status/1866353077412049217,4597496354,MaliminRinaldi,2024,2024,12,2024-12-10
1861778550648635759,2024-11-28 17:16:24+07:00,0,"@dusrimulya Tahun 2024 malah naik peringkat ke 4.
Sumber: https://t.co/LWxgE8Quce https://t.co/tqP4oMgmF1",1862078080342458770,https://pbs.twimg.com/media/GdduBoDaYAEhOAu.png,fiansyah1_fian,in,,0,0,0,https://x.com/fiansyah1_fian/status/1862078080342458770,567850598,fiansyah1_fian,2024,2024,11,2024-11-28
1861952569540858124,2024-11-28 14:14:54+07:00,1,"@wiariutami @Piyusaja2 ya dari BPS

https://t.co/LWxgE8Quce",1862032402790613286,,wiariutami,in,,0,0,0,https://x.com/fiansyah1_fian/status/1862032402790613286,567850598,fiansyah1_fian,2024,2024,11,2024-11-28
1745085507208421828,2024-01-10 21:09:41+07:00,12,"persentase penduduk miskin mencapai sebesar 9,36% atau mencapai 25,9 juta orang(CNBC). Berarti masih bantak rakyat yang membutuhkan bansos tersebut...minimal kasih usulan yang masuk akal lah
#CapresAntiBansos https://t.co/IOFKugti9a",1745085507208421828,https://pbs.twimg.com/ext_tw_video_thumb/1745085431102767104/pu/img/7Kr8exEFQ0ZifH8X.jpg,,in,,0,5,0,https://x.com/zahradara98/status/1745085507208421828,445719162,zahradara98,2024,2024,1,2024-01-10
1744792267209257464,2024-01-10 01:44:27+07:00,0,"Cara Anies Entaskan Miskin Ekstrem

""Penyumbang terbesar kemiskinan adalah masyarakat yang berada di desa - desa pesisir. Bagaimana cara Anies Baswedan entaskan kemiskinan ekstrem berdasarkan pengalaman Gubernur DKI Jakarta ?."" @aniesbaswedan

Penulis: Rusdianto Samawa, FOURBES",1744792267209257464,,,in,,0,0,0,https://x.com/FrontNelayan/status/1744792267209257464,1155129834172907521,FrontNelayan,2024,2024,1,2024-01-10
1742410545259536615,2024-01-03 12:00:21+07:00,0,"Menurut data Badan Pusat Statistik (BPS), persentase anak-anak lebih tinggi dalam struktur penduduk miskin Indonesia pada 2022.

https://t.co/8n58ivD3Wq

#Kemiskinan #Miskin #PendudukMiskin #BPS #Databoks https://t.co/Nv16rDZ4lx",1742410545259536615,https://pbs.twimg.com/media/GC5JKGGXgAE0AB3.jpg,,in,,0,0,2,https://x.com/databoksid/status/1742410545259536615,1316329680396451841,databoksid,2024,2024,1,2024-01-03
2001952576129151385,2025-12-19 16:48:15+07:00,0,"Menteri Dalam Negeri Muhammad Tito Karnavian menegaskan persentase kemiskinan Papua tergolong sangat tinggi meski jumlah penduduk miskin bukan yang terbesar nasional. 

#PembangunanPapua #Mendagri #Yukgasss",2001952713052164535,,alineadotid,in,,0,1,0,https://x.com/alineadotid/status/2001952713052164535,354168059,alineadotid,2025,2025,12,2025-12-19
1999694885801328837,2025-12-13 11:16:27+07:00,0,"Program Makan Bergizi Gratis Jadi Investasi Strategis SDM Menuju Indonesia Emas 2045

Program Makan Bergizi Gratis (MBG) yang dicanangkan pemerintah ditegaskan sebagai investasi jangka panjang untuk menyiapkan kualitas sumber daya manusia Indonesia menuju Indonesia Emas 2045. https://t.co/3PwSZHHkb0",1999694885801328837,https://pbs.twimg.com/media/G8BX3OsasAAs-Ov.jpg,,in,,0,0,0,https://x.com/RadioElshinta/status/1999694885801328837,121640063,RadioElshinta,2025,2025,12,2025-12-13
1998422704722973177,2025-12-09 23:01:16+07:00,0,Top 5 provinsi dengan persentase penduduk miskin terendah di Indonesia menurut data BPS 2025 https://t.co/9sUwRkZPUl,1998422704722973177,,,in,,0,0,0,https://x.com/IndonesiaCrowd/status/1998422704722973177,1303115408,IndonesiaCrowd,2025,2025,12,2025-12-09
1996916559068254333,2025-12-06 17:33:22+07:00,1,"@rommybrother @pakmurdian @pepengnursery @rahmatsn masnya liat saya pake bahasa kasar? masnya bisa nyusun argumen, silakan saya baca, saya hargai. lagipula saya ga bilang world bank pake standar atau indikator yg mana, saya hanya ngutip versi persentase angka penduduk miskin di Indonesia menurut world bank.",1997253022196625799,,rommybrother,in,,0,0,0,https://x.com/yangbikinrb/status/1997253022196625799,1492942521491591168,yangbikinrb,2025,2025,12,2025-12-06
1996929105808535849,2025-12-05 20:06:14+07:00,1,"Gini Mamas, konsepnya itu sederhana. 
Daerah dgn hasil kaya tetapi penduduknya seperti dimiskinkan. Mereka itu uhm, mungkin bukan sombong tetapi lebih ingin menegaskan, provinsinya sebenarnya kaya. Jadi semacam, ingin menunjukan pride dan bahkan (mungkin), merasa dianak",1996929105808535849,,,in,,0,0,0,https://x.com/ImaginarySteady/status/1996929105808535849,2556873745,ImaginarySteady,2025,2025,12,2025-12-05
1996409427428278435,2025-12-04 09:41:13+07:00,0,"Pemerintah Provinsi (Pemprov) Lampung meraih penghargaan dari Kementerian Dalam Negeri (Kemendagri) sebagai Provinsi dengan Penanggulangan Kemiskinan Terbaik untuk kategori fiskal tinggi. Lampung berhasil mencatat penurunan persentase penduduk miskin sebesar 0,69 persen, https://t.co/tTNCbrfBpr",1996409427428278435,https://pbs.twimg.com/media/G7SrwNQboAAIOpN.jpg,,in,,0,1,0,https://x.com/Harian_Pilar/status/1996409427428278435,1196672424088985600,Harian_Pilar,2025,2025,12,2025-12-04
1992519698815271037,2025-11-23 23:13:00+07:00,0,@O5Bravo bagaimana dengan data persentase penduduk miskin dan hdi disana?🤔,1992627454243201084,,O5Bravo,in,,0,0,0,https://x.com/jusapluka/status/1992627454243201084,1559805940005646336,jusapluka,2025,2025,11,2025-11-23
1991767376170262544,2025-11-21 14:15:22+07:00,0,"BPS Madiun mencatat persentase miskin turun, namun jumlah penduduk miskin naik akibat populasi meningkat. Garis kemiskinan juga ikut naik. https://t.co/hdPG6pHw5K",1991767376170262544,,,in,,0,0,0,https://x.com/radarmadiunweb/status/1991767376170262544,1404018642,radarmadiunweb,2025,2025,11,2025-11-21
1989155917292793898,2025-11-14 09:22:27+07:00,0,"Menurutnya, model percepatan itu terbukti efektif. Berdasarkan data Badan Pusat Statistik (BPS) Jateng, persentase penduduk miskin di provinsi ini turun dari 9,58 persen pada September 2024, menjadi 9,48 persen pada Maret 2025, atau turun 0,10 persen.",1989156944737927670,,komdigi_jateng,in,,0,1,0,https://x.com/komdigi_jateng/status/1989156944737927670,819065767463292928,komdigi_jateng,2025,2025,11,2025-11-14
1988860606791786531,2025-11-13 13:44:54+07:00,0,"Angka tak pernah bohong.
Dalam dua dekade, persentase penduduk miskin turun dari sekitar 60% menjadi di bawah 15%. Sebuah lompatan luar biasa di masa kepemimpinan Soeharto.
https://t.co/fm253a3Srq",1988860606791786531,,,in,,0,0,0,https://x.com/babagajah46/status/1988860606791786531,1985936814616809472,babagajah46,2025,2025,11,2025-11-13
1987878368394809751,2025-11-10 20:41:50+07:00,0,"Di Indonesia saat ini, tantangan kemiskinan masih nyata meski dalam tren penurunan. Berdasarkan data Badan Pusat Statistik (BPS), persentase penduduk miskin pada Maret 2025 tercatat sebesar 8,47 % atau setara dengan 23,85 juta orang. 

Lebih lanjut, kemiskinan ekstrem tercatat https://t.co/WpJieHf7Fn",1987878368394809751,https://pbs.twimg.com/media/G5Zc1U7bAAAa6CW.jpg,,in,,0,0,0,https://x.com/indozonemedia/status/1987878368394809751,350668803,indozonemedia,2025,2025,11,2025-11-10
1987763102964666797,2025-11-10 13:03:49+07:00,0,Persentase penduduk miskin menurun drastis selama periode Orde Baru itu adalah Jasa Pak Harto yang sangat berdampak pada rakyat kecil Pahlawan Juga Manusia https://t.co/CU0SAXHhWM,1987763102964666797,https://pbs.twimg.com/media/G5X0AggW0AAJXNH.jpg,,in,,0,1,0,https://x.com/bettwerg/status/1987763102964666797,1751473910896328704,bettwerg,2025,2025,11,2025-11-10
1986607157777973394,2025-11-07 08:30:30+07:00,0,"Persentase penduduk miskin pada Maret 2025 sebesar 9,59 persen, mengalami penurunan, yaitu 1,12 persen poin dibanding Maret 2024. Garis Kemiskinan pada Maret 2025 tercatat sebesar Rp479.566/kapita/bulan meningkat 8,12 persen dibanding Maret 2024. https://t.co/WY5sWZrM1Z",1986607157777973394,https://pbs.twimg.com/media/G5HWW67bIAUwjSF.jpg,,in,,0,1,0,https://x.com/bpskabwonogiri/status/1986607157777973394,969474609962561536,bpskabwonogiri,2025,2025,11,2025-11-07
1982634401998758079,2025-10-27 09:24:13+07:00,0,"Tren positif di Ponorogo ini sejalan dengan kondisi Provinsi Jawa Timur yang juga mengalami penurunan kemiskinan. Berdasarkan data BPS Jawa Timur, pada Maret 2025 persentase penduduk miskin di provinsi ini mencapai 9,5 persen, turun dari 9,56 persen pada Maret 2024.",1982634410001432983,,PonorogoKab,in,,0,1,0,https://x.com/PonorogoKab/status/1982634410001432983,818667167952551936,PonorogoKab,2025,2025,10,2025-10-27
1982634401998758079,2025-10-27 09:24:13+07:00,0,"Berdasarkan persentase penduduk miskin di Kabupaten Ponorogo dalam rentang waktu satu tahun, persentasenya menurun 0,25 persen poin, dari 9,11 persen pada Maret 2024 menjadi 8,86 persen pada Maret 2025.",1982634408093106453,,PonorogoKab,in,,0,1,0,https://x.com/PonorogoKab/status/1982634408093106453,818667167952551936,PonorogoKab,2025,2025,10,2025-10-27
1970297106276728954,2025-09-23 08:20:11+07:00,0,"Telah Terbit 📌
Berita Resmi Statistik Profil Kemiskinan Kabupaten Mojokerto Maret 2025

Akhirnya yang ditunggu-tunggu telah rilis, persentase penduduk miskin pada Maret 2025 sebesar 8,79 persen atau menurun 0,58 persen poin terhadap Maret 2024.
Selengkapnya dapat dilihat...",1970297106276728954,,,in,,0,1,0,https://x.com/bpsmojokerto/status/1970297106276728954,1041505586808991744,bpsmojokerto,2025,2025,9,2025-09-23
1970280523806470237,2025-09-23 07:15:39+07:00,0,"Persentase Penduduk miskin (Po) Kab Mojokerto 2025 sebesar 8,79 persen mengalami penurunan dibanding 2024 yang sebesar 9,37persen.

Adapun jumlah penduduk miskin 2025 tercatat sebesar 102,67 ribu jiwa, mengalami penurunan dibandingkan tahun 2024 yang sebesar 108,72 ribu jiwa.",1970280866661441742,,bpsmojokerto,in,,0,1,0,https://x.com/bpsmojokerto/status/1970280866661441742,1041505586808991744,bpsmojokerto,2025,2025,9,2025-09-23
1958034862109065548,2025-08-20 12:14:24+07:00,1,"Kurang bangsat apa, data per org dijadikan per kapita.

Akrobat data yg semakin memalukan stlh data kemiskinan Indonesia dipermalukan oleh data Bank Dunia sbg negara dgn persentase penduduk miskin terbesar ke-2 stlh Zimbabwe.",1958034862109065548,,,in,,0,0,1,https://x.com/Om_HME/status/1958034862109065548,1098015609499971584,Om_HME,2025,2025,8,2025-08-20
1958003575709438073,2025-08-20 12:14:19+07:00,7,"@hipohan Kurang bangsat apa, data per org dijadikan per kapita.

Akrobat data yg semakin memalukan stlh data kemiskinan Indonesia dipermalukan oleh data Bank Dunia sbg negara dgn persentase penduduk miskin terbesar ke-2 stlh Zimbabwe.",1958034841917939814,,hipohan,in,,0,0,1,https://x.com/Om_HME/status/1958034841917939814,1098015609499971584,Om_HME,2025,2025,8,2025-08-20
1958031238763360495,2025-08-20 12:00:00+07:00,15,"Terdapat 15 aspek lain perbandingan Indonesia tahun 1945 dengan 2025 seperti: Angka kelahiran penduduk, rata-rata lama sekolah, pengangguran terbuka, rasio gini, persentase penduduk miskin, dll. 

Perbandingan antara Indonesia tahun 1945 dan 2025 sangat penting karena https://t.co/kbX6YipEre",1958031238763360495,https://pbs.twimg.com/media/GyuYJgJa0AAts5K.jpg,,in,,1,0,6,https://x.com/GNFI/status/1958031238763360495,39677695,GNFI,2025,2025,8,2025-08-20
1955434603281518692,2025-08-14 11:16:49+07:00,0,"@truthcoldback 5.1. selain pendekatan CBN (Cost of Basic Needs; i.e. pengeluaran per kapita), BPS juga menggunakan beberapa indikator lain untuk mengukur kemiskinan, termasuk Persentase Penduduk Miskin (P0), Indeks Kedalaman Kemiskinan (P1), dan Indeks Keparahan Kemiskinan (P2)",1955846045214368025,,egiitaaa,in,,0,1,0,https://x.com/egiitaaa/status/1955846045214368025,41801180,egiitaaa,2025,2025,8,2025-08-14
1954105378305970558,2025-08-10 06:08:50+07:00,0,@ARSIPAJA kalo data persentase penduduk miskin juga bisa engga sih? apa karena perbedaan persepsi standar batas miskin jadi valid valid aja?,1954318987929760208,,ARSIPAJA,in,,0,1,0,https://x.com/asyouwishweh/status/1954318987929760208,1766096502806790144,asyouwishweh,2025,2025,8,2025-08-10
1953746801028477097,2025-08-08 16:15:10+07:00,1,"Garis Kemiskinan Aceh Singkil Terus Naik, Pengeluaran Per Kapita Rp 609.322/ Bulan

Jika dibandingkan empat tahun terakhir, maka persentase penduduk miskin Aceh Singkil, mengalami penurunan. 

https://t.co/6mDnHZ1kVd",1953746801028477097,,,in,,0,0,1,https://x.com/serambinews/status/1953746801028477097,64635651,serambinews,2025,2025,8,2025-08-08
1953299743704269222,2025-08-07 10:38:44+07:00,1,"Lampung masih masuk 10 besar jumlah penduduk miskin di Indonesia!

Menurut data BPS RI dalam rilis Profil Kemiskinan pada Maret 2025, jumlah penduduk miskin di Provinsi Lampung tercatat 887,02 ribu jiwa, menjadikannya provinsi dengan jumlah penduduk miskin terbanyak ke-7 https://t.co/tonIgWExf8",1953299743704269222,https://pbs.twimg.com/amplify_video_thumb/1953299664289316865/img/0hI2UREdmBzq0wPi.jpg,,in,,0,0,0,https://x.com/lampunggehh/status/1953299743704269222,364003504,lampunggehh,2025,2025,8,2025-08-07
1952610519892046196,2025-08-05 13:00:00+07:00,0,"Angka Kemiskinan Turun, Data BPS Dinilai Sudah Usang, Penduduk Miskin Kota Malah Meningkat!

Data terbaru dari Badan Pusat Statistik (BPS) pada Maret 2025 menunjukkan adanya fenomena menarik sekaligus mengkhawatirkan terkait angka kemiskinan di Indonesia.

Dimana persentase https://t.co/qd1l2FeJKL",1952610519892046196,https://pbs.twimg.com/media/Gxj0nEWa0AAtJLq.jpg,,in,,0,0,0,https://x.com/akuratco/status/1952610519892046196,786549338818224128,akuratco,2025,2025,8,2025-08-05
1951112735447720079,2025-08-01 17:36:06+07:00,4,"@elisa_jkt Standar kemiskinan mau direvisi (dimanipulasi) bagaimana pun, sdh tdk bs menutupi fakta bahwa Indonesia adlh negara dgn persentase penduduk miskin terbanyak ke-2 stlh Zimbabwe.

Dan itu adalah legasi pemerintahan boneka JKW, yg LBP merupakan pemegang remote-nya.

Bangsat..",1951230452507046221,,elisa_jkt,in,,0,0,0,https://x.com/Om_HME/status/1951230452507046221,1098015609499971584,Om_HME,2025,2025,8,2025-08-01
1950751973118034148,2025-07-31 09:54:48+07:00,0,"📉 Tingkat Kemiskinan di Jawa Barat Turun Lagi!

Pada Maret 2025, persentase penduduk miskin di Jawa Barat turun menjadi 7,02%, menurun 0,06 poin dari September 2024. Jumlah penduduk miskin juga berkurang sebanyak 13,61 ribu orang. 👏 https://t.co/XOknTZRmgq",1950751973118034148,https://pbs.twimg.com/media/GxJ2hC9agAAsp-N.jpg,,in,,0,10,0,https://x.com/bappedajabar/status/1950751973118034148,2777886164,bappedajabar,2025,2025,7,2025-07-31
1950715195871072286,2025-07-31 07:28:39+07:00,0,"Fenomena rombongan jarang beli (Rojali) dan rombongan hanya tanya (Rohana) di mal dan pusat perbelanjaan banyak dikaitkan dengan kemiskinan di perkotaan. Rojali dan Rohana dianggap mencerminkan pelemahan daya beli karena masyarakat mengerem belanja.

Namun, analisis itu ditepis https://t.co/aCs5kqDvro",1950715195871072286,https://pbs.twimg.com/media/GxJVIHXb0AAVp88.jpg,,in,,0,0,0,https://x.com/beritaKBR/status/1950715195871072286,124390203,beritaKBR,2025,2025,7,2025-07-31
1950408248055779707,2025-07-30 11:11:36+07:00,0,"Badan Pusat Statistik (BPS) melaporkan bahwa per Maret 2025, 
persentase penduduk miskin turun menjadi 8.47% (sekitar 23.85 juta jiwa), 
dari sebelumnya 8.57% pada September 2024 (sekitar 24 juta jiwa).

https://t.co/g2xlcoDMXz",1950408915310825600,,txtangkringan,in,,0,1,0,https://x.com/txtangkringan/status/1950408915310825600,1489658156989190144,txtangkringan,2025,2025,7,2025-07-30
1950032371517915625,2025-07-29 10:15:21+07:00,0,"Ekonom Sebut Persentase Penurunan Penduduk Miskin DIY Relatif Lambat, Ini Penyebabnya https://t.co/HBMtQlSZaP https://t.co/PhOudH1tvK",1950032371517915625,https://pbs.twimg.com/media/Gw_oG6nXwAAlvqb.jpg,,in,,0,0,0,https://x.com/Harian_Jogja/status/1950032371517915625,118371948,Harian_Jogja,2025,2025,7,2025-07-29
1950019631160467843,2025-07-29 09:24:44+07:00,1,"10 Provinsi dengan Tingkat Kemiskinan Tertinggi 2025, Pulau Jawa Mendominasi

Badan Pusat Statistik (BPS) merilis daftar provinsi dengan tingkat kemiskinan tertinggi pada 2025, baik dari segi jumlah maupun persentase.  

Berdasarkan laporan BPS, Jumat (25/7/2025), persentase https://t.co/uu7suhLhR1",1950019631160467843,https://pbs.twimg.com/amplify_video_thumb/1950018164018069504/img/MZN4cVonMNlQEuHS.jpg,,in,,0,1,0,https://x.com/kompascom/status/1950019631160467843,23343960,kompascom,2025,2025,7,2025-07-29
1949957426066624969,2025-07-29 05:17:33+07:00,0,"Data BPS Maret 2025 menunjukkan, persentase dan jumlah penduduk miskin turun, demikian pula kemiskinan ekstrem dan ketimpangan. Benarkah itu dirasakan masyarakat? #Tajuk #AdadiKompas

https://t.co/1Lhm7T8IaV",1949957426066624969,,,in,,0,0,0,https://x.com/KompasData/status/1949957426066624969,771030588,KompasData,2025,2025,7,2025-07-29
1949956670701912133,2025-07-29 05:14:33+07:00,2,"Data BPS Maret 2025 menunjukkan, persentase dan jumlah penduduk miskin turun, demikian pula kemiskinan ekstrem dan ketimpangan. Benarkah itu dirasakan masyarakat? #Tajuk #AdadiKompas

https://t.co/5z6Vl9HP1Y",1949956670701912133,,,in,,1,0,0,https://x.com/hariankompas/status/1949956670701912133,255866913,hariankompas,2025,2025,7,2025-07-29
1949820310967976144,2025-07-28 20:12:53+07:00,0,"Secara absolut, terdapat 425,82 ribu penduduk miskin. Persentase penduduk miskin di perkotaan sebesar 10,16 persen, sedangkan di perdesaan sebesar 11,46 persen.

Garis kemiskinan pada Maret 2025 tercatat sebesar Rp 626.363/kapita/bulan. https://t.co/stLfrzSfiY",1949820357021663656,https://pbs.twimg.com/media/Gw8nRGVbIAAZ-Fb.jpg,bpsprovdiy,in,,0,1,0,https://x.com/bpsprovdiy/status/1949820357021663656,1818211529143324672,bpsprovdiy,2025,2025,7,2025-07-28
1949820310967976144,2025-07-28 20:12:42+07:00,0,"Persentase Penduduk Miskin dan Ketimpangan Pengeluaran DIY Maret 2025 Turun 

#Sahabatdata, BPS mencatat persentase penduduk miskin DIY pada Maret 2025 sebesar 10,23 persen, atau turun 0,17 persen poin dibandingkan September 2024. https://t.co/mYvAO0a2Vq",1949820310967976144,https://pbs.twimg.com/media/Gw8nPBWaIAAt7-3.jpg,,in,,0,1,0,https://x.com/bpsprovdiy/status/1949820310967976144,1818211529143324672,bpsprovdiy,2025,2025,7,2025-07-28
1949786916368646183,2025-07-28 18:26:18+07:00,0,"@tempodotco Tolong buat berdasarkan jumlah penduduk miskin terbanyak per provinsi, bukan berdasarkan persentase",1949793532337938460,,tempodotco,in,,0,1,0,https://x.com/guesihya/status/1949793532337938460,1175214437596221440,guesihya,2025,2025,7,2025-07-28
1949750800756187341,2025-07-28 15:36:30+07:00,0,10 Provinsi dengan Persentase Penduduk Miskin Tertinggi https://t.co/8IpRhAXQhR,1949750800756187341,,,in,,0,0,0,https://x.com/detikkalimantan/status/1949750800756187341,1902243031878922240,detikkalimantan,2025,2025,7,2025-07-28
1949742319827300539,2025-07-28 15:02:48+07:00,0,"BPS: Persentase Penduduk Miskin Turun jadi 8,47 Persen pada Maret 2025
https://t.co/dQJryHqrVr",1949742319827300539,,,in,,0,0,0,https://x.com/radarsumbarcom/status/1949742319827300539,1406534413240786947,radarsumbarcom,2025,2025,7,2025-07-28
1949726517849985170,2025-07-28 14:00:00+07:00,3,"BPS mengumumkan bahwa jumlah penduduk miskin di Indonesia pada Maret 2025 mencapai 23,85 juta orang. Angka ini menunjukkan penurunan tipis dibandingkan periode sebelumnya dan merupakan yang terendah dalam dua dekade terakhir. Persentase penduduk miskin terhadap total populasi https://t.co/sEjElwCTjH",1949726517849985170,https://pbs.twimg.com/amplify_video_thumb/1949716767909294080/img/atNUbuFdRb0WRBsb.jpg,,in,,0,0,1,https://x.com/Metro_TV/status/1949726517849985170,57261519,Metro_TV,2025,2025,7,2025-07-28
1949470597068779773,2025-07-27 21:03:08+07:00,0,"RIlis dilaksanakan secara daring melalui kanal Youtube BPS Provinsi Jawa Tengah.

Persentase penduduk miskin pada Maret 2025 sebesar 9,48 persen, mengalami penurunan, yaitu 0,10 persen poin dibanding September 2024 dan 0,99 persen poin dibanding Maret 2024. https://t.co/5Q0JrkpoyK",1949470613695062452,https://pbs.twimg.com/media/Gw3pL0DbEAAxAv1.jpg,bpsprovjateng,in,,0,1,0,https://x.com/bpsprovjateng/status/1949470613695062452,700923330681909249,bpsprovjateng,2025,2025,7,2025-07-27
1949470597068779773,2025-07-27 21:03:04+07:00,0,"Persentase Penduduk Miskin Maret 2025 Sebesar 9,48 Persen

BPS Provinsi Jawa Tengah menyelenggarakan Rilis Berita Resmi Statistik Indikator Strategis pada Jumat, 25 Juli 2025 yang disampaikan oleh Plt. Kepala BPS Provinsi Jawa Tengah, Endang Tri Wahyuningsih. https://t.co/PQ6dV3uYGz",1949470597068779773,https://pbs.twimg.com/media/Gw3pK6ZbQAEfyPo.jpg,,in,,0,1,0,https://x.com/bpsprovjateng/status/1949470597068779773,700923330681909249,bpsprovjateng,2025,2025,7,2025-07-27
1949318831350124785,2025-07-27 19:20:39+07:00,0,"@ARSIPAJA Standar kemiskinan mau direvisi (dimanipulasi) bagaimana pun, sdh tdk bs menutupi fakta bahwa Indonesia adlh negara dgn persentase penduduk miskin terbanyak ke-2 stlh Zimbabwe.

Dan itu adalah legasi pemerintahan boneka JKW, yg LBP merupakan pemegang remote-nya.

Bangsat..",1949444822433255886,,ARSIPAJA,in,,0,0,0,https://x.com/Om_HME/status/1949444822433255886,1098015609499971584,Om_HME,2025,2025,7,2025-07-27
1949343120472129856,2025-07-27 12:36:31+07:00,0,"Cici 
Benarkah Jumlah Penduduk miskin Indonesia turun? Berikut ini persentase nya. https://t.co/BuIYAiRj3X",1949343120472129856,https://pbs.twimg.com/ext_tw_video_thumb/1949343084346826752/pu/img/LIBjSd13H8n1XLPU.jpg,,in,,0,0,0,https://x.com/Badika_/status/1949343120472129856,2456608914,Badika_,2025,2025,7,2025-07-27
1949323701545251103,2025-07-27 11:19:21+07:00,29,"Persentase Penduduk miskin ekstrem Indonesia pada 2024 standar US$3,00/orang/hari(2021 PPP) sebanyak 5,44%. Telah mencapai 0%: China (2021), Malaysia (2021), Thailand (2023). Mongolia: 0,44% (2022). Vietnam: 1,6% (2022). Indonesia targetkan 0% pada 2024, diubah lagi pada 2026. https://t.co/BIYfchMJ5U",1949323701545251103,https://pbs.twimg.com/media/Gw1jkOVbIAAoxY6.jpg,,in,,0,0,14,https://x.com/AwalilRizky/status/1949323701545251103,718375892,AwalilRizky,2025,2025,7,2025-07-27
1949079585334743101,2025-07-27 01:26:06+07:00,0,"@hnirankara 20rb kebawah miskin. Klo pas 20rb itu gembel sih. Strata gembel versi bps lebih tinggi dr pada miskin. Versi bps penduduk miskin skrg 8.47% bank dunia di 60%an.
Anggap aja 51,63% versi bps dr persentase bank dunia itu namanya Gembel.",1949174406020042864,,Hnirankara,in,,0,0,1,https://x.com/cp_ino75218/status/1949174406020042864,1901615828824735744,cp_ino75218,2025,2025,7,2025-07-27
1949118651292119136,2025-07-26 21:44:33+07:00,26,"Kalau menurut Justforstev24, Kalimantan Barat jauh lebih sejahtera dari Sarawak, persentase penduduk miskin lebih rendah.😂",1949118651292119136,,,in,,0,3,0,https://x.com/FuzaFirdaus/status/1949118651292119136,900999973075996672,FuzaFirdaus,2025,2025,7,2025-07-26
1949064560855679223,2025-07-26 18:09:37+07:00,14,"Persentase penduduk miskin atas total penduduk di wilayahnya per Maret 2025: perkotaan (6,73%) dan perdesaan (11,03%). Selama setahun, perkotaan turun 0,36% poin dan perdesaan turun 0,76% poin. Laju penurunan di perkotaan lebih lambat, dan masih belum kembali ke era pra covid. https://t.co/RorWVm1T2Q",1949064560855679223,https://pbs.twimg.com/media/Gwx34PUaIAE6ntD.jpg,,in,,0,1,9,https://x.com/AwalilRizky/status/1949064560855679223,718375892,AwalilRizky,2025,2025,7,2025-07-26
1949050451049201994,2025-07-26 17:13:33+07:00,0,"Badan Pusat Statistik (BPS) melaporkan bahwa tingkat kemiskinan di Indonesia mengalami penurunan. Pada Maret 2025, jumlah penduduk miskin tercatat sebanyak 23,85 juta orang. Jumlah penduduk miskin turun lebih dari 200 ribu orang dibandingkan dengan kondisi pada September 2024, https://t.co/dXjBB4AQaa",1949050451049201994,https://pbs.twimg.com/media/GwxrC5daQAE91vq.jpg,,in,,0,0,0,https://x.com/IDNTimes/status/1949050451049201994,388190238,IDNTimes,2025,2025,7,2025-07-26
1949002488994058734,2025-07-26 14:02:58+07:00,0,"BPS Aceh mencatat jumlah penduduk miskin turun 14.264 orang pada Maret 2025 menjadi 704.690, namun persentase angka kemiskinannya masih paling tinggi di Sumatera.

Selalu update di https://t.co/KR6X4XL0d4 &amp; Youtube BeritaSatu!

#Aceh #Sumatera #AngkaKemiskinan #BeritaSatu https://t.co/D3xcalYzlB",1949002488994058734,https://pbs.twimg.com/media/Gww_XHtXQAAqerj.jpg,,in,,0,0,0,https://x.com/Beritasatu/status/1949002488994058734,154102750,Beritasatu,2025,2025,7,2025-07-26
1948995092418887785,2025-07-26 13:33:35+07:00,7,"Kepala Badan Pusat Statistik (BPS) Jakarta, Nurul Hasanudin, menyebut tingkat kemiskinan di ibu kota meningkat pada Maret 2025. 

Nurul menyampaikan, persentase penduduk miskin Jakarta mencapai 4,28 persen, meningkat 0,14 persen poin dibandingkan September 2024 yang sebesar 4,14 https://t.co/YZ4SVpOnRR",1948995092418887785,https://pbs.twimg.com/media/Gww4s6ybgAAMI4m.jpg,,in,,0,5,7,https://x.com/tvOneNews/status/1948995092418887785,55507370,tvOneNews,2025,2025,7,2025-07-26
1948991492191912024,2025-07-26 13:19:16+07:00,30,"Jumlah penduduk miskin per Maret 2025 sebanyak 23,85 juta orang, berkurang 1,37 juta. Persentase penduduk miskin atas total penduduk sebesar 8,47%, turun 0,56% poin. Keduanya cenderung berkurang, namun lajunya melandai. Wajar jika penurunan signifikan tahun ini mengundang tanya. https://t.co/qmasMe34mW",1948991492191912024,https://pbs.twimg.com/media/Gww1bCEaIAAE--l.jpg,,in,,0,1,13,https://x.com/AwalilRizky/status/1948991492191912024,718375892,AwalilRizky,2025,2025,7,2025-07-26
1948985289449636117,2025-07-26 12:54:38+07:00,0,"BPS : Persentase Penduduk Miskin Gorontalo Maret 2025 Capai 13,24 Persen 

https://t.co/tZszEkuBgu",1948985289449636117,,,in,,0,0,0,https://x.com/pojok6indonesia/status/1948985289449636117,991846687902580736,pojok6indonesia,2025,2025,7,2025-07-26
1948984629106753795,2025-07-26 12:52:00+07:00,0,"Persentase Penduduk Miskin Gorontalo Capai 13,24 Persen, Wahyudin Katili : Angka Kemiskinan Menurun Konsisten 

https://t.co/vFnPmKtk9i

#gorontalomajudansejahtera",1948984629106753795,,,in,,0,0,0,https://x.com/pojok6indonesia/status/1948984629106753795,991846687902580736,pojok6indonesia,2025,2025,7,2025-07-26
1948929629764682067,2025-07-26 12:30:09+07:00,1,"@kafiradikalis Standar kemiskinan mau direvisi (dimanipulasi) bagaimana pun, sdh tdk bs menutupi fakta bahwa Indonesia adlh negara dgn persentase penduduk miskin terbanyak ke-2 stlh Zimbabwe.

Dan itu adalah legasi pemerintahan boneka JKW, yg LBP merupakan pemegang remote-nya.

Bangsat..",1948979128331632891,,kafiradikalis,in,,0,0,0,https://x.com/Om_HME/status/1948979128331632891,1098015609499971584,Om_HME,2025,2025,7,2025-07-26
1948896050225270944,2025-07-26 12:30:03+07:00,0,"@ARSIPAJA Standar kemiskinan mau direvisi (dimanipulasi) bagaimana pun, sdh tdk bs menutupi fakta bahwa Indonesia adlh negara dgn persentase penduduk miskin terbanyak ke-2 stlh Zimbabwe.

Dan itu adalah legasi pemerintahan boneka JKW, yg LBP merupakan pemegang remote-nya.

Bangsat..",1948979105061634091,,ARSIPAJA,in,,0,0,0,https://x.com/Om_HME/status/1948979105061634091,1098015609499971584,Om_HME,2025,2025,7,2025-07-26
1948959560829489652,2025-07-26 11:12:23+07:00,0,"BPS catat, pada Maret 2025 jumlah penduduk miskin di Indonesia capai 23,85 juta orang, atau turun 200 ribu orang dibandingdengan September 2024. BPS sampaikan, angka kemiskinan Maret 2025 merupakan terendah sejak 20 tahun terakhir. Persentase penduduk miskin Maret 2025 itu turun",1948959560829489652,,,in,,0,0,0,https://x.com/pasfm/status/1948959560829489652,145121986,pasfm,2025,2025,7,2025-07-26
1948950159104061508,2025-07-26 10:35:02+07:00,3,"Badan Pusat Statistik (BPS) mencatat jumlah penduduk miskin di Indonesia mengalami penurunan pada Maret 2025. Deputi Bidang Statistik Sosial BPS, Ateng Hartono, menjelaskan bahwa garis kemiskinan nasional pada Maret 2025 ditetapkan sebesar Rp609.160 per kapita per bulan, atau https://t.co/ntomgwkd0y",1948950159104061508,https://pbs.twimg.com/media/GwwP1jpbgAAHMvf.jpg,,in,,1,3,0,https://x.com/pikiran_rakyat/status/1948950159104061508,58880688,pikiran_rakyat,2025,2025,7,2025-07-26
1948698378109681899,2025-07-25 22:52:01+07:00,0,"@CNNIndonesia Standar kemiskinan mau direvisi (dimanipulasi) bagaimana pun, sdh tdk bs menutupi fakta bahwa Indonesia adlh negara dgn persentase penduduk miskin terbanyak ke-2 stlh Zimbabwe.

Dan itu adalah legasi pemerintahan boneka JKW, yg LBP merupakan pemegang remote-nya.

Bangsat..",1948773239079272787,,CNNIndonesia,in,,0,0,0,https://x.com/Om_HME/status/1948773239079272787,1098015609499971584,Om_HME,2025,2025,7,2025-07-25
1948769159166525762,2025-07-25 22:35:49+07:00,0,"BPS mencatat persentase penduduk miskin nasional turun ke 8,47% (Maret 2025). Namun, di perkotaan, jumlah penduduk miskin bertambah 220.000 orang, dari 6,66% menjadi 6,73%. Sebuah anomali yang perlu dicermati lebih dalam.",1948769162236756403,,txtdarillm,in,,0,2,1,https://x.com/txtdarillm/status/1948769162236756403,1795100176639815680,txtdarillm,2025,2025,7,2025-07-25
1948764564482654404,2025-07-25 22:17:33+07:00,0,"Badan Pusat Statistik (BPS) mencatat persentase penduduk miskin pada Maret 2025 menurun 0,10 persen terhadap September 2024, menjadi 8,47 persen. Jumlah penduduk miskin berkurang 210.000 orang pada periode sama. Meski secara keseluruhan jumlah penduduk miskin menurun, BPS https://t.co/YyVT0AuCCk",1948764564482654404,https://pbs.twimg.com/media/GwtnCJ_bgAMnVKj.jpg,,in,,0,0,0,https://x.com/RadioElshinta/status/1948764564482654404,121640063,RadioElshinta,2025,2025,7,2025-07-25
1948730442146087158,2025-07-25 20:01:57+07:00,0,"Tingkat Kemiskinan di Provinsi Bali Mengalami Penurunan Pada Maret 2025. 

Persentase penduduk miskin di Provinsi Bali pada Maret 2025 tercatat sebesar 3,72 persen, turun 0,08 persen poin terhadap September 2024 dan turun 0,28 persen poin terhadap Maret 2024. https://t.co/AaLh0r8bk3",1948730442146087158,https://pbs.twimg.com/media/GwtHzMbbAAAr9qp.jpg,,in,,0,1,0,https://x.com/bpsprovbali/status/1948730442146087158,554943457,bpsprovbali,2025,2025,7,2025-07-25
1948697765166678333,2025-07-25 17:52:06+07:00,4,"Jumlah penduduk miskin di Indonesia terus menunjukkan tren penurunan. Namun, data terbaru Badan Pusat Statistik (BPS) mencatat bahwa kemiskinan di wilayah perkotaan justru mengalami kenaikan. 

Per Maret 2025, jumlah penduduk miskin nasional tercatat sebanyak 23,85 juta jiwa, https://t.co/eQw9eY0eIH",1948697765166678333,https://pbs.twimg.com/media/GwsqQlJbgAU_gJQ.jpg,,in,,0,0,0,https://x.com/nu_online/status/1948697765166678333,214818815,nu_online,2025,2025,7,2025-07-25
1948687314458476675,2025-07-25 17:10:35+07:00,2,"Persentase penduduk miskin di Jawa Tengah pada Maret 2025 tercatat sebesar 9,48 persen. | #Kemiskinan #Jateng 

https://t.co/A3RwDM0RL6",1948687314458476675,,,in,,0,1,0,https://x.com/kompascom/status/1948687314458476675,23343960,kompascom,2025,2025,7,2025-07-25
1948667634544697828,2025-07-25 15:52:23+07:00,8,"Badan Pusat Statistik (BPS) mencatat jumlah penduduk miskin di Indonesia pada Maret 2025 sebanyak 23,85 juta orang.

Jumlah ini turun 0,2 juta orang dibandingkan dengan kondisi September 2024. Dalam persentase, tingkat kemiskinan nasional berada di angka 8,47 persen, turun 0,1 https://t.co/4QcQONGjUz",1948667634544697828,https://pbs.twimg.com/media/GwsO4PgacAAI0sZ.jpg,,in,,0,50,0,https://x.com/tvOneNews/status/1948667634544697828,55507370,tvOneNews,2025,2025,7,2025-07-25
1948640014356586524,2025-07-25 14:02:38+07:00,6,"Badan Pusat Statistik (BPS) mencatat jumlah penduduk miskin Indonesia pada Maret 2025 mencapai 23,85 juta orang, turun 0,2 juta dari September 2024. Persentase kemiskinan nasional juga turun menjadi 8,47 persen. Penurunan ini mencerminkan pemulihan ekonomi dan stabilitas harga. https://t.co/d8Mn9K2VyB",1948640014356586524,https://pbs.twimg.com/media/Gwr1pQrW4AATnls.jpg,,in,,1,39,3,https://x.com/liputan6dotcom/status/1948640014356586524,47596019,liputan6dotcom,2025,2025,7,2025-07-25
1948612586813202868,2025-07-25 12:13:42+07:00,0,"Kendati begitu, Prabowo tidak merinci besaran angka penurunan pada kemiskinan dan pengangguran.  Menurut data BPS per 15 Januari 2025, persentase penduduk miskin pada September 2024 sebesar 8,57%, menurun 0,46% terhadap Maret 2024 dan menurun 0,79% terhadap Maret 2023.",1948612602889970099,,dimas_satura,in,,0,1,0,https://x.com/dimas_satura/status/1948612602889970099,1622939323036475393,dimas_satura,2025,2025,7,2025-07-25
1948609158351389144,2025-07-25 12:00:01+07:00,0,"Badan Pusat Statistik (BPS) melaporkan tingkat kemiskinan Indonesia dari segi persentase jumlah penduduk miskin terhadap total populasi dari laporan pada Maret 2025. Deputi Bidang Statistik Sosial BPS, Ateng Hartono menjelaskan, persentase penduduk miskin pada Maret 2025 turun https://t.co/f1Cz832I4J",1948609158351389144,https://pbs.twimg.com/media/GwrFkoIbgAIn9fZ.jpg,,in,,0,0,0,https://x.com/officialinews_/status/1948609158351389144,132078023,officialinews_,2025,2025,7,2025-07-25
1948600846553677892,2025-07-25 11:26:59+07:00,0,"Badan Pusat Statistik mencatat terdapat 23,85 juta penduduk miskin di Indonesia per Maret 2025. Angka ini mengalami penurunan 0,2 juta orang di bandingkan September 2024. BPS mengatakan angka ini merupakan 8,47% terhadap populasi di Indonesia. Persentase ini mengalami penurunan",1948600846553677892,,,in,,0,0,0,https://x.com/pasfm/status/1948600846553677892,145121986,pasfm,2025,2025,7,2025-07-25
1948598220776767832,2025-07-25 11:16:33+07:00,0,"Badan Pusat Statistik (BPS) mengungkap angka kemiskinan turun menjadi 23,85 juta orang per Maret 2025.
Saat ini penduduk miskin setara 8,47 persen dari total populasi Indonesia. Persentase itu turun 0,1 persen dibandingkan September lalu.
https://t.co/x2BhLkQqv0.",1948598220776767832,,,in,,0,0,0,https://x.com/FrankyTts/status/1948598220776767832,106247388,FrankyTts,2025,2025,7,2025-07-25
1948585273572614244,2025-07-25 10:25:06+07:00,0,"Persentase Penduduk Miskin Maret 2025 Turun Jadi 8,47%, Perubahan Signifikan di Perkotaan dan Perdesaan https://t.co/3FTPvQuG9A",1948585273572614244,,,in,,0,0,0,https://x.com/garudatvnews/status/1948585273572614244,502140136,garudatvnews,2025,2025,7,2025-07-25
1947841847751282809,2025-07-24 08:53:21+07:00,0,"@abu_waras persentase penduduk miskin pada September 2024 tercatat sebesar 8,57 persen. Angka ini memang menurun 0,46 persen poin dibanding Maret 2024, dan turun 0,79 persen poin dibanding Maret 2023. ini berdasarkan pada prosentase ya, bukan jumlah",1948199792997523597,,abu_waras,in,,0,0,0,https://x.com/FatiahEriska11/status/1948199792997523597,1681863237460193281,FatiahEriska11,2025,2025,7,2025-07-24
1945020821568668065,2025-07-15 14:21:15+07:00,0,"Tingkat pengangguran &amp; ketimpangan berada dlm tren menurun, sementara persentase penduduk miskin berada di bawah tingkat nasional. Kinerja positif tersebut tidak terlepas dari aktivitas produksi &amp; bauran kebijakan pemerintah terhadap pertumbuhan ekonomi &amp; kesejahteraan masyarakat https://t.co/X4ld8b11WZ",1945020824668246317,https://pbs.twimg.com/media/Gv4Z3VJXAAAzhlY.jpg,djpbsulut,in,,0,1,0,https://x.com/djpbsulut/status/1945020824668246317,841995198552985601,djpbsulut,2025,2025,7,2025-07-15
1944769059083760069,2025-07-14 21:40:50+07:00,1,"Kata siapa?

Yg pasti itu, Indonesia negara ke-2 di dunia dgn persentase penduduk miskin terbanyak setelah Zimbabwe menurut Bank Dunia.

Amsiong..",1944769059083760069,,,in,,0,0,2,https://x.com/Om_HME/status/1944769059083760069,1098015609499971584,Om_HME,2025,2025,7,2025-07-14
1944749146365427760,2025-07-14 21:40:45+07:00,0,"@CNNIndonesia Kata siapa?

Yg pasti itu, Indonesia negara ke-2 di dunia dgn persentase penduduk miskin terbanyak setelah Zimbabwe menurut Bank Dunia.

Amsiong..",1944769040272285960,,CNNIndonesia,in,,0,0,0,https://x.com/Om_HME/status/1944769040272285960,1098015609499971584,Om_HME,2025,2025,7,2025-07-14
1944573234764292232,2025-07-14 08:42:42+07:00,0,"Negara tanpa penegakkan hukum, pemberantasan korupsi dan makin bertambahnya persentase penduduk miskin, Indonesia mau tampil di forum PBB. Indonesia mirip India, besar kepala tak sadar diri. Bagai kucing berhalusinasi jadi macan.",1944573234764292232,,,in,,0,0,0,https://x.com/amien_xkw/status/1944573234764292232,725941830,amien_xkw,2025,2025,7,2025-07-14
1939641078619255179,2025-06-30 20:54:31+07:00,49,"@kompascom Indonesia masuk peringkat 4 negara dengan persentase penduduk miskin tertinggi di dunia tahun 2024, mencapai 60,3%. https://t.co/IzBzbq8on5",1939683973405540698,https://pbs.twimg.com/media/GuskSFOW8AA_WEQ.jpg,kompascom,in,,3,8,15,https://x.com/Iqbal_langdon/status/1939683973405540698,54842143,Iqbal_langdon,2025,2025,6,2025-06-30
1937101569348268502,2025-06-23 17:52:58+07:00,29,"Bank Dunia mengolah data serupa (Susenas) dengan BPS. Persentase penduduk miskin Indonesia 2024 garis kemiskinan Upper Middle Income Bank Dunia yang $6,85 (2017 PPP) sebesar 60,3% (168,41 juta); dan $8,3 (2021 PPP) sebesar 68,3% (190,75 juta). Ukuran BPS hanya 9,03% (25,22 juta). https://t.co/OcfuZMgezS",1937101569348268502,https://pbs.twimg.com/media/GuH3mb5XQAAltdx.jpg,,in,,1,4,20,https://x.com/AwalilRizky/status/1937101569348268502,718375892,AwalilRizky,2025,2025,6,2025-06-23
1937075040757190836,2025-06-23 16:07:33+07:00,63,"Bank Dunia mengolah data serupa BPS (Susenas). Persentase penduduk miskin Indonesia 2024 garis kemiskinan Lower Middle Income Bank Dunia yang $3,65 (2017 PPP) sebesar 15,6% (43,57 juta); yang $4,20 (2021 PPP) sebesar 19,99% (55,83 juta). Ukuran BPS hanya 9,03% (25,22 juta org). https://t.co/TY4CKe2e2D",1937075040757190836,https://pbs.twimg.com/media/GuHfefjWQAESuhV.jpg,,in,,2,3,37,https://x.com/AwalilRizky/status/1937075040757190836,718375892,AwalilRizky,2025,2025,6,2025-06-23
1934474988792447233,2025-06-16 11:55:52+07:00,19,"Komisi XI DPR FPKS Anis Byarwati Usulkan Pemerintah Perlu Revisi Garis Kemiskinan Nasional 

Anggota Komisi XI DPR RI dari Fraksi PKS, Anis Byarwati, menyambut baik usulan DEN untuk merevisi garis kemiskinan nasional sebesar Rp595.242 per orang per bulan.

Menurutnya, standar https://t.co/M5eMQgaRHC",1934474988792447233,https://pbs.twimg.com/media/Gtiiv3oagAALDuV.jpg,,in,,0,2,4,https://x.com/FPKSDPRRI/status/1934474988792447233,91255162,FPKSDPRRI,2025,2025,6,2025-06-16
1934072544493277626,2025-06-16 08:55:43+07:00,0,"@Aceh @prabowo @DPDRI @DPR_RI @DPR_Aceh @humasaceh @KemenATRPBN @CNNIndonesia @serambinews @KoranRakyatAceh Dengan data ini, maka sumut akan bisa kelola pulau itu dgn maksimal.

Persentase Penduduk Miskin (P0) Menurut Provinsi dan Daerah - Tabel Statistik - Badan Pusat Statistik Indonesia.

https://t.co/17lY5ldy0m",1934429649834262932,,Aceh,in,,0,0,0,https://x.com/gembelsuci/status/1934429649834262932,1021678650226176001,gembelsuci,2025,2025,6,2025-06-16
1933419065760231854,2025-06-13 19:22:16+07:00,20,"@tempodotco Standar kemiskinan mau direvisi (dimanipulasi) bagaimana pun, sdh tdk bs menutupi fakta bahwa Indonesia adlh negara dgn persentase penduduk miskin terbanyak ke-2 stlh Zimbabwe.

Dan itu adalah legasi pemerintahan boneka JKW, yg LBP merupakan pemegang remote-nya.

Bangsat..",1933500163374657705,,tempodotco,in,,0,0,7,https://x.com/Om_HME/status/1933500163374657705,1098015609499971584,Om_HME,2025,2025,6,2025-06-13
1933389207273419198,2025-06-13 12:01:22+07:00,3,"Standar kemiskinan mau direvisi (dimanipulasi) bagaimana pun, sdh tdk bs menutupi fakta bahwa Indonesia adlh negara dgn persentase penduduk miskin terbanyak ke-2 stlh Zimbabwe.

Dan itu adalah legasi pemerintahan boneka JKW, yg LBP merupakan pemegang remote-nya.

Bangsat..",1933389207273419198,,,in,,0,1,1,https://x.com/Om_HME/status/1933389207273419198,1098015609499971584,Om_HME,2025,2025,6,2025-06-13
1933299324139811121,2025-06-13 12:01:10+07:00,1,"@alisyarief @mardigu024 Standar kemiskinan mau direvisi (dimanipulasi) bagaimana pun, sdh tdk bs menutupi fakta bahwa Indonesia adlh negara dgn persentase penduduk miskin terbanyak ke-2 stlh Zimbabwe.

Dan itu adalah legasi pemerintahan boneka JKW, yg LBP merupakan pemegang remote-nya.

Bangsat..",1933389159177335022,,alisyarief,in,,0,1,0,https://x.com/Om_HME/status/1933389159177335022,1098015609499971584,Om_HME,2025,2025,6,2025-06-13
1933350681823551866,2025-06-13 09:28:17+07:00,20,"4 Mei 202510 negara dengan persentase penduduk miskin tertinggi, Indonesia posisi 4

Data Bank Dunia

#TitoPemecahBangsa 
#TitoPemecahBangsa https://t.co/Oes0WVt7cO",1933350681823551866,https://pbs.twimg.com/media/GtSkMeebMAIz5cA.jpg,,in,,0,3,13,https://x.com/ArtaN7707/status/1933350681823551866,1604064608913723394,ArtaN7707,2025,2025,6,2025-06-13
1932743858582139036,2025-06-12 09:29:24+07:00,17,"@kompascom Skrng jadi negara dengan persentase jumlah penduduk miskin no 2 di dunia wok @prabowo, hebat kan? Omon2 mulu cook",1932988576293400628,,kompascom,in,,0,0,0,https://x.com/Jin_KohXi/status/1932988576293400628,1521630891226791936,Jin_KohXi,2025,2025,6,2025-06-12
1932792394178871712,2025-06-11 20:29:53+07:00,0,"Dengan standar baru ini, Bank Dunia melaporkan bahwa persentase penduduk miskin di Indonesia melonjak menjadi 68,25% dari total populasi atau sekitar 194,6 juta jiwa.",1932792405960618353,,voxindonesia_id,in,,0,1,0,https://x.com/voxindonesia_id/status/1932792405960618353,1429497035510583298,voxindonesia_id,2025,2025,6,2025-06-11
1932050689376792626,2025-06-10 19:15:09+07:00,0,"@BB_Rauna @mkoen13 @Franken_blues Kalo datanya bener justru Indonesia parah banget, itu kan yg ditulis persentase bukan jumlah satuannya. Berarti dengan jumlah penduduk yg besar, orang miskin di Indonesia sangat banyak.. semoga datanya salah..",1932411211087540682,,BB_Rauna,in,,0,0,0,https://x.com/LuqamChopin/status/1932411211087540682,1427414054692286469,LuqamChopin,2025,2025,6,2025-06-10
1931908817153077267,2025-06-10 17:40:30+07:00,0,"@gg_02022020 @March3n2312 @txtdrjkt Bahkan kalau pakai persentase penduduk miskin &lt;$6,85/hari (PPP 2017) versi World Bank, Indonesia ≈ 61,8%. Banyak negara di atas kita—Nigeria, Kongo, Madagaskar tembus 90%—kita bahkan gak masuk 10 besar.",1932387388439122001,,fx_raptor,in,,0,0,0,https://x.com/fx_raptor/status/1932387388439122001,482871306,fx_raptor,2025,2025,6,2025-06-10
1932154949397516360,2025-06-10 02:16:52+07:00,1,"Indonesia sbg negara termiskin ke2 di dunia tdk didukung oleh data yg kredibel.Peringkat kemiskinan biasanya berdasar PDB per kapita,dan Indonesia jauh dari posisi terbawah. Klaim ini berasal dari interpretasi keliru ttg  persentase penduduk miskin berdasarkan standar Bank Dunia https://t.co/kLyTvNGI2L",1932154949397516360,https://pbs.twimg.com/media/GtBkrnwacAAYssg.jpg,,in,,0,1,0,https://x.com/Samuder53291026/status/1932154949397516360,1605568555680137216,Samuder53291026,2025,2025,6,2025-06-10
1932016456293814722,2025-06-09 17:06:32+07:00,1,"APAKAH INDONESIA TERMASUK NEGARA MISKIN?

Menurut data Bank Dunia, pada 2024 sekitar 60,3 % atau setara dengan 171 juta warga Indonesia hidup di bawah ambang kemiskinan negara berpendapatan menengah‑atas (US$ 6,85 per hari). Ini menempatkan Indonesia sebagai negara dengan",1932016456293814722,,,in,,0,0,0,https://x.com/anneserlo/status/1932016456293814722,1719885887662874624,anneserlo,2025,2025,6,2025-06-09
1931908817153077267,2025-06-09 12:17:45+07:00,0,"@txtdrjkt Bener juga kata Wowo, kita ini bangsa yang besar! Iya, besar persentase penduduk miskin terbanyak di dunia.",1931943778266517552,,txtdrjkt,in,,0,0,0,https://x.com/gwathrenin/status/1931943778266517552,1061581838697750529,gwathrenin,2025,2025,6,2025-06-09
1931934304969621564,2025-06-09 11:40:06+07:00,0,"Indonesia sama Brazil emang ya saudaraan, sama2 di 10 negara penduduk terbanyak, sama2 di 10 negara dengan persentase penduduk miskin terbanyak 
🙂",1931934304969621564,,,in,,1,1,0,https://x.com/limlimbam/status/1931934304969621564,382649765,limlimbam,2025,2025,6,2025-06-09
1931786358294827329,2025-06-09 01:52:13+07:00,1,"4 Mei 202510 negara dengan persentase penduduk miskin tertinggi, Indonesia posisi 4

#2025JokowiGibranTamat 
#AdaAguanDiRajaAmpat 
#AdaAguanDiRajaAmpat https://t.co/iDfqYIY2OY",1931786358294827329,https://pbs.twimg.com/media/Gs8Vc2MaIAApxnL.jpg,,in,,0,0,1,https://x.com/ArtaN7707/status/1931786358294827329,1604064608913723394,ArtaN7707,2025,2025,6,2025-06-09
1927756722078158879,2025-05-29 22:47:56+07:00,0,"@grok @moluccas97 @wisnudinarko @Sentjoko @DedynurPalakka @jokowi Terkait hasil untuk pemasukan negara, selama 10 tahun kepemimpinan Jokowi, pendapatan negara dari sektor pajak memang naik, dengan tax ratio (pendapatan pajak terhadap PDB) mencapai 11,8% di akhir 2024, meski masih relatif rendah dibanding negara tetangga. 

Utang pemerintah naik",1928116104062197799,,grok,in,,0,0,0,https://x.com/AskPerplexity/status/1928116104062197799,1882198073168080896,AskPerplexity,2025,2025,5,2025-05-29
1926190486710104069,2025-05-24 15:16:13+07:00,1,"Tak habis pikir mengapa Indonesia yg memiliki SDA cukup besar tak dapat memberikan kesejahteraan bagi rakyatnya, terbelakang dibandingkan dgn negara-negara tetangga, bahkan terjerumus ke dlm jurang kemiskinan dgn jumlah persentase penduduk miskin tertinggi di antara negara ASEAN. https://t.co/s6gipcyYZq",1926190486710104069,https://pbs.twimg.com/media/Grsz942X0AA2Ghc.jpg,,in,,0,0,0,https://x.com/qentrunx/status/1926190486710104069,1603594126884474881,qentrunx,2025,2025,5,2025-05-24
1925864173256249639,2025-05-23 17:39:34+07:00,1,"Indonesia menempati peringkat keempat dunia dalam daftar negara dengan persentase penduduk miskin terbanyak selama 2024, yakni mencapai 60,3 persen. Data ini dirilis Bank Dunia dalam laporan Macro Poverty Outlook edisi April 2025. https://t.co/ndlUWXppoV",1925864173256249639,https://pbs.twimg.com/media/GroLQdJXgAAuZLS.jpg,,in,,0,0,0,https://x.com/atipsthahir/status/1925864173256249639,1468143509454557188,atipsthahir,2025,2025,5,2025-05-23
1925809880855613549,2025-05-23 14:03:50+07:00,1,"MINGGIR LU BANGSA MISKIN!

Hallo @prabowo

Menurut laporan Macro Poverty Outlook Bank Dunia (April 2025), Indonesia menempati posisi ke-4 dunia dalam hal persentase penduduk miskin, dengan angka 60,3%. Standar kemiskinan yang digunakan adalah penghasilan di bawah $6,85 https://t.co/9RcF8n2ILI",1925809880855613549,https://pbs.twimg.com/media/GrnZ4TFXcAAvPZb.jpg,,in,,0,0,1,https://x.com/coachaddie_off/status/1925809880855613549,224119217,coachaddie_off,2025,2025,5,2025-05-23
1924672095990255884,2025-05-20 10:42:48+07:00,0,"[13] persentase penduduk miskin pada September 2024 adalah sebesar 8,57 %, menurun sebesar 0,46 persen terhadap Maret 2024, dan menurun sebesar 0,79 persen terhadap Maret 2023.",1924672128554811821,,pajakkotabumi,in,,0,1,0,https://x.com/pajakkotabumi/status/1924672128554811821,3178030501,pajakkotabumi,2025,2025,5,2025-05-20
1924672095990255884,2025-05-20 10:42:48+07:00,0,"[12] Salah satu bukti kontribusi penerimaan negara yang berdampak pada kesejahteraan bangsa tereeksi pada turunnya persentase jumlah penduduk miskin pada tahun 2024. Dilansir dari data Badan Pusat Statistik tanggal 15 Januari 2025, ...",1924672126126280809,,pajakkotabumi,in,,0,1,0,https://x.com/pajakkotabumi/status/1924672126126280809,3178030501,pajakkotabumi,2025,2025,5,2025-05-20
1924647114795364480,2025-05-20 09:04:10+07:00,0,"Meski diklaim dalam data BPS, kemiskinan di @kota_santri_  ini selalu turun, namun dibandingkan dengan kabupaten/kota lain di Jawa  Tengah, Kabupaten Pekalongan berada di urutan 22 dari 35 kabupaten/kota  dalam hal persentase penduduk miskin.",1924647304327528471,,warta_desa,in,,0,1,0,https://x.com/warta_desa/status/1924647304327528471,786446699057127424,warta_desa,2025,2025,5,2025-05-20
2019861175325061574,2026-02-07 02:50:06+07:00,0,Persentase Penduduk Miskin Provinsi Gorontalo Menurun via @darilautID https://t.co/PyLJ1ePZ5i,2019861175325061574,,,in,,0,0,0,https://x.com/verrianto_m/status/2019861175325061574,285553204,verrianto_m,2026,2026,2,2026-02-07
2019709736938012941,2026-02-06 16:48:20+07:00,0,"Persentase penduduk miskin di Jakarta turun menjadi 4,03 persen pada September 2025. Namun, standar biaya hidup minimal atau Garis Kemiskinan melonjak 5,28 persen. #Metropolitan #AdadiKompas

https://t.co/K2DVAkCmW5",2019709736938012941,,,in,,0,0,0,https://x.com/hariankompas/status/2019709736938012941,255866913,hariankompas,2026,2026,2,2026-02-06
2019709012686540855,2026-02-06 16:45:27+07:00,0,"Persentase penduduk miskin di Jakarta turun menjadi 4,03 persen pada September 2025. Namun, standar biaya hidup minimal atau Garis Kemiskinan melonjak 5,28 persen. #Metropolitan #AdadiKompas

https://t.co/iYKhxze1h6",2019709012686540855,,,in,,0,0,1,https://x.com/kompasmuda/status/2019709012686540855,79237556,kompasmuda,2026,2026,2,2026-02-06
2019606829022720234,2026-02-06 09:59:25+07:00,2,"lah kan emang programnya pemerenta..
MBG ini salah satu langkah untuk mengurangi kemiskinan dengan memberantas rakyat miskin itu sendiri.. 💁🏻

ingat, persentase rakyat miskin = jumlah rakyat miskin/jumlah total penduduk. kalo rakyat miskinnya diberantas, persetase turun, paman",2019606829022720234,,,in,,0,0,0,https://x.com/itsme_freyaa/status/2019606829022720234,357308656,itsme_freyaa,2026,2026,2,2026-02-06
2019455464409555007,2026-02-05 23:57:57+07:00,0,"Ekonomi Banten Menguat. Kerja Terserap. Kemiskinan Menurun

Indikator sosial ekonomi Provinsi Banten tahun 2025 menunjukkan tren positif. Data BPS mencatat kemiskinan menurun, penyerapan tenaga kerja meningkat, dan ekonomi daerah tumbuh stabil.

Persentase penduduk miskin turun https://t.co/ECNwjFoT1t",2019455464409555007,https://pbs.twimg.com/media/HAaMCsKacAMTXXz.jpg,,in,,0,0,0,https://x.com/banten_pemprov/status/2019455464409555007,1218018635362402304,banten_pemprov,2026,2026,2,2026-02-05
2019375796427846124,2026-02-05 18:43:03+07:00,0,"Persentase penduduk miskin turun menjadi 3,42 persen pada September 2025 atau sekitar 160,09 ribu orang. Meskipun demikian, Indeks Kedalaman Kemiskinan (P1) tercatat meningkat menjadi 0,579 dan Indeks Keparahan Kemiskinan (P2) meningkat menjadi 0,134. https://t.co/1vwO5xepKi",2019376219159138774,https://pbs.twimg.com/media/HAZD9SnacAAlm-2.jpg,bpsprovbali,in,,0,1,0,https://x.com/bpsprovbali/status/2019376219159138774,554943457,bpsprovbali,2026,2026,2,2026-02-05
2019346810826027087,2026-02-05 16:46:40+07:00,0,"Kemiskinan Terus Menurun: Persentase penduduk miskin Jawa Tengah pada September 2025 tercatat 9,39%, turun 0,09 persen poin dibanding Maret 2025 dan 0,19 persen poin dibanding September 2024. https://t.co/wuC8yMi8rZ",2019346930313380149,https://pbs.twimg.com/media/HAYpUxTacAMAnrs.jpg,bpsprovjateng,in,,0,1,0,https://x.com/bpsprovjateng/status/2019346930313380149,700923330681909249,bpsprovjateng,2026,2026,2,2026-02-05
2019340662555177058,2026-02-05 16:21:46+07:00,0,"Sampurasun Wargi Sosial
Kabar baik untuk Jawa Barat

Per September 2025, persentase penduduk miskin turun menjadi 6,78% atau setara dengan 3,55 juta jiwa. Kolaborasi pemerintah, masyarakat, dan berbagai pihak ini harus terus dilanjutkan dan tentunya ikhtiar bersama https://t.co/DzaFMXXh8M",2019340662555177058,https://pbs.twimg.com/media/HAYjnYVacAUabt3.jpg,,in,,0,3,0,https://x.com/dinsosjabar/status/2019340662555177058,1448034451,dinsosjabar,2026,2026,2,2026-02-05
2019153002758828192,2026-02-05 03:56:04+07:00,144,"“Sudah ada Sekolah Rakyat”

Persentase penduduk miskin nasional 2025 (BPS): 8,47%
Jumlah anak usia sekolah (5-19) 2025 (BPS): 66jt
Asumsi jumlah anak di keluarga miskin: 5,59jt

Jumlah sekolah rakyat yg sudah diresmikan (semua jenjang): 166
Jumlah siswa sekolah rakyat: 15.954 https://t.co/D1rxE94OVw",2019153002758828192,https://pbs.twimg.com/media/HAV48nVasAAQvhT.jpg,,in,,4,1,33,https://x.com/lhogabahayatahh/status/2019153002758828192,79162151,lhogabahayatahh,2026,2026,2,2026-02-05
2016006490247856473,2026-01-27 17:37:49+07:00,0,"@davidsunarna Memang dirancang tetap bodoh dan miskin, coba liat persentase penduduk miskinnya kan di sekitar 60%. Tau lah persentase segitu berguna buat event apa dan siapa aja kan 🤭",2016098311145717967,,davidsunarna,in,,0,1,0,https://x.com/SMandasia/status/2016098311145717967,3695397318,SMandasia,2026,2026,1,2026-01-27
2014493379028254822,2026-01-23 08:19:12+07:00,3,@KangManto123 Kata World Bank 2025 menunjukkan Indonesia berada di peringkat ke2 atau ke4 dunia dalam jumlah penduduk miskin terbanyak (bukan negara termiskin secara total PDB) berdasarkan standar garis kemiskinan internasional dengan persentase populasi signifikan yang masuk kategoris mis,2014508178176971099,,KangManto123,in,,0,0,0,https://x.com/abdulah_se33672/status/2014508178176971099,1749092485396336640,abdulah_se33672,2026,2026,1,2026-01-23
2014135546592010302,2026-01-22 14:06:15+07:00,1,"@O5Bravo Entah siapa yang buat dengan standar apa data itu yang pasti tidak relevan, lebih baik dihitung daya beli dengan gaji baru pas, ada belasan atau puluhan negara di afrika sana jauh lebih miskin dari penduduk indonesia dan secara persentase juga",2014233131604410581,,O5Bravo,in,,0,0,1,https://x.com/XRenSteve/status/2014233131604410581,1678416832523386881,XRenSteve,2026,2026,1,2026-01-22
2013071531346477455,2026-01-21 08:48:15+07:00,0,"@SecretFanz05 @Catatan_ali7 @grok Lah, Lo yang goblok!!!
Data itu bukan data daftar negara2 miskin.
Data itu menunjukkan persentasi rakyat miskin di berbagai negara.
China 11.9% Thailand 7.1% itu persentase jumlah penduduk miskin.
Paham lol?!",2013790714870518216,,SecretFanz05,in,,0,0,0,https://x.com/chimex_1/status/2013790714870518216,33842736,chimex_1,2026,2026,1,2026-01-21
2013064518927307197,2026-01-19 08:42:36+07:00,1,"Standar kemiskinan mau direvisi (dimanipulasi) bagaimana pun, sdh tdk bs menutupi fakta bahwa Indonesia adlh negara dgn persentase penduduk miskin terbanyak ke-2 stlh Zimbabwe.

Dan itu adalah legasi pemerintahan boneka JKW, yg LBP merupakan pemegang remote-nya.

Bangsat.. https://t.co/wBe0ZcrCU0",2013064518927307197,https://pbs.twimg.com/media/G-_XgvaWgAAiW-3.jpg,,in,,0,2,1,https://x.com/Om_HME/status/2013064518927307197,1098015609499971584,Om_HME,2026,2026,1,2026-01-19
2012842764460061028,2026-01-19 08:42:29+07:00,0,"@RagilSemar Standar kemiskinan mau direvisi (dimanipulasi) bagaimana pun, sdh tdk bs menutupi fakta bahwa Indonesia adlh negara dgn persentase penduduk miskin terbanyak ke-2 stlh Zimbabwe.

Dan itu adalah legasi pemerintahan boneka JKW, yg LBP merupakan pemegang remote-nya.

Bangsat.. https://t.co/005pncHWOz",2013064487784612137,https://pbs.twimg.com/media/G-_Xe5ZWMAABC5o.jpg,RagilSemar,in,,0,0,0,https://x.com/Om_HME/status/2013064487784612137,1098015609499971584,Om_HME,2026,2026,1,2026-01-19
2012358117808579018,2026-01-18 22:02:41+07:00,0,@NiskalaWas95621 @KangManto123 10 Negara dengan Persentase Penduduk Miskin Terbanyak Versi Bank Dunia | https://t.co/t5i4Ef2Sbd https://t.co/Xbz8xjBtb8 https://t.co/RmNXBcdtUZ,2012903478411338182,https://pbs.twimg.com/media/G-9FC9wWYAEGW7J.jpg,NiskalaWas95621,in,,0,0,0,https://x.com/iamnotexistyet/status/2012903478411338182,1016821596407787520,iamnotexistyet,2026,2026,1,2026-01-18
2012119351332356166,2026-01-16 20:28:54+07:00,0,"@SarjanaEksu Afrika akan segera menjadi wilayah yang maju, saat ini tinggal menyisakan Zimbabwe sebagai negara dengan persentase penduduk miskin lebih tinggi dari Indonesia
https://t.co/mlILqxN5YG",2012155099771290049,,SarjanaEksu,in,,0,0,0,https://x.com/ArifLabMed/status/2012155099771290049,1305649773706317825,ArifLabMed,2026,2026,1,2026-01-16
2011693358889255078,2026-01-16 13:08:46+07:00,0,@Uzzzzz222 @grok apakah indonesia lebih banyak penduduk miskinnya dari daripada Argentina? atau Argentina yang lebih banyak penduduk miskinnya daripada Indonesia? atau apakah persentase penduduk miskin Indonesia lebih besar dibanding Argentina? atau sebaliknya?,2012044338138923242,,Lost_Ataraxia,in,,0,2,0,https://x.com/patrick07467143/status/2012044338138923242,1729984720661012480,patrick07467143,2026,2026,1,2026-01-16
2010744078582038862,2026-01-16 10:23:11+07:00,2,"@NasbiHasan KEGOBLOGAN SI CABUL HASAN NASBI DATUK RAJO ANGEK BOOL KAMBING

Ilmu Ekonomi

Sy sdh berkali2 memposting tulisan ini, tapi akan sy tuliskan lagi dgn konteks baru ini. Biar kita sama2 paham tentang 'ilmu ekonomi'.

Singapura adalah negara kaya. Penduduknya kaya raya. Di sana, https://t.co/2k0ovXS3jK",2012002667435081738,https://pbs.twimg.com/media/G-wRwx5aoAAE-UK.jpg,NasbiHasan,in,,0,0,2,https://x.com/RamaAdamfaathir/status/2012002667435081738,1794155659078041600,RamaAdamfaathir,2026,2026,1,2026-01-16
2011627742249566246,2026-01-16 07:02:33+07:00,0,@KangManto123 @grok berapa jumlah penduduk miskin Indonesia yang katanya 60% tersebut dibanding jumlah penduduk Zimbabwe. Kenapa hitungannya persentase bukan jumlah? Jelaskan secara psikologis politik,2011952175673721291,,KangManto123,in,,0,1,0,https://x.com/GamefaqsIDN/status/2011952175673721291,1962315346893021184,GamefaqsIDN,2026,2026,1,2026-01-16
2050839939961819148,2026-05-03 18:42:16+07:00,13,"@indepenSumatera Lebih adil kalau PERSENTASE penduduk miskin tertinggi. Sebab, 10 kabupaten di atas adalah 10 Kabupaten dengan jumlah penduduk yang sangat banyak. Paling simetris adalah berdasarkan persentase. Bukan jumlah ruang, karena jumlah penduduk per kabupaten kota pasti berbeda",2050903767806103721,,indepenSumatera,in,,0,0,0,https://x.com/ajiedharma57/status/2050903767806103721,1898524753063034880,ajiedharma57,2026,2026,5,2026-05-03
2050839939961819148,2026-05-03 18:19:12+07:00,0,"@rahkainiskala @indepenSumatera Krn berdasarkan jumlah. Kabupaten Bogor punya penduduk 5,68 juta. Sedangkan penduduk miskin di sana 400rb. Itu artinya persentase penduduk miskin di sana hanya 10%.",2050897963304779830,,rahkainiskala,in,,0,0,0,https://x.com/pp_prayoga/status/2050897963304779830,521157429,pp_prayoga,2026,2026,5,2026-05-03
2040722873011335512,2026-04-05 16:27:21+07:00,0,"2025:

Jumlah penduduk miskin di Jakarta sekitar 439 ribu orang (persentase 4,03%).

Ini turun dari Maret 2025 yang mencapai 464,87 ribu orang (4,28%). Jadi ada penurunan, tapi angkanya masih signifikan untuk ibu kota.",2040722953600647282,,Impulsicivity3,in,,0,0,0,https://x.com/Impulsicivity3/status/2040722953600647282,1395677354714828802,Impulsicivity3,2026,2026,4,2026-04-05
2040399901729886288,2026-04-04 21:57:18+07:00,0,"@tempat_umum @id_def_report @maqdisasha tapi parahan bogor. itu dinasti yasin kakak adek yg jadi bupati tertangkap  korup di bogor. sedangkan depok itu kota dengan persentase kemiskinan terendah di jawa barat, bahkan di jabodetabek yakni sekitar 2.31 %
https://t.co/gLZgRfGsOS",2040443599503151185,,tempat_umum,in,,0,0,0,https://x.com/nairebiss/status/2040443599503151185,1219888733060624385,nairebiss,2026,2026,4,2026-04-04
2037873326518161918,2026-03-29 07:42:04+07:00,5,"@JunaidiZane @MoehB21154 Penduduk miskin di jawa banyak karena penduduknya emang banyak. 

Tapi kalo diliat dari persentase, yang 10 terbesar itu tetap di luar jawa. https://t.co/A8Alv6bHxq",2038054046892986600,https://pbs.twimg.com/media/HEifWD5bYAErqqp.jpg,JunaidiZane,in,,0,1,0,https://x.com/BGSTRYP/status/2038054046892986600,1503930081689104384,BGSTRYP,2026,2026,3,2026-03-29
2035123975844765983,2026-03-21 07:00:54+07:00,0,"Kesenjangan ekonomi antara wilayah kepulauan dgn daratan jg masih menjadi isu pembangunan, belum optimalnya WM, KI, KEK, dan DPP dalam mempercepat penurunan persentase penduduk miskin di wilayah Sulawesi.",2035144581424324914,,iyas_muzani,in,,0,1,0,https://x.com/iyas_muzani/status/2035144581424324914,728104536,iyas_muzani,2026,2026,3,2026-03-21
2030953823414673674,2026-03-09 17:28:19+07:00,0,"Berdasarkan data Badan Pusat Statistik, persentase penduduk miskin di Indonesia pada September 2025 tercatat sebesar 8,25 persen. Angka ini menurun dibandingkan Maret 2025 maupun September 2024. https://t.co/KcztJSGCgv",2030953823414673674,https://pbs.twimg.com/media/HC9lvAZboAA_NvC.jpg,,in,,0,1,1,https://x.com/BPTaskinRI/status/2030953823414673674,1859059251756625920,BPTaskinRI,2026,2026,3,2026-03-09
2023908764479520806,2026-02-18 06:53:46+07:00,0,The real menurunkan persentase penduduk miskin 💀,2023908764479520806,,,in,,0,0,0,https://x.com/apoteler/status/2023908764479520806,96377441,apoteler,2026,2026,2,2026-02-18
2022646976198906076,2026-02-17 12:06:16+07:00,0,"@IrwanIs36647816 @Saha_namina_ @Mdy_Asmara1701 Lah, data BPS yg bicara, dibawah 10 persen rakyat Indonesia yg miskin, Artinya 90 persen lebih kaya dan mampu,
https://t.co/7ptQcDHzlq",2023625020551942546,,IrwanIs36647816,in,,0,1,0,https://x.com/IwanGur/status/2023625020551942546,181092953,IwanGur,2026,2026,2,2026-02-17
2023234264670831039,2026-02-16 10:13:33+07:00,0,"Penduduk miskin Indonesia menurut bps 7% lah.. pasti terdiri dari kakek nenek2 bapak2 ibu2 anak2 dll
Jumlah anak sekolah miskin pasti kurang dari itu , berapa jumlah penerima manfaat mbg?  Hmmm
https://t.co/C2dfFDVPoZ",2023234264670831039,,,in,,0,0,0,https://x.com/Blasttotheair/status/2023234264670831039,1476857989973774336,Blasttotheair,2026,2026,2,2026-02-16
2022529351909294147,2026-02-15 04:24:56+07:00,0,"@MiskinTV_ Perbandingan menyesatkan. 2 persentase yg berbeda kok dijumlahkan.

9% orang miskin itu dari total penduduk indonesia.

100% penerima MBG itu dari apa? Ga mungkin kan terhadap total penduduk Indonesia.

Masa dijumlahkan..

Bukan berarti saya setuju MBG. Ini program emang sampah",2022784145118937450,,MiskinTV_,in,,0,2,0,https://x.com/Tomigun89/status/2022784145118937450,1518281080947998721,Tomigun89,2026,2026,2,2026-02-15
2021592524511424647,2026-02-11 22:42:11+07:00,0,"@tahuisilontong_ 11,22% Penduduk di Kabupaten Ngada Masuk Kategori Miskin. Statistik Persentase Penduduk Miskin di Kabupaten Ngada 2016-2025
https://t.co/fYmAxnQeXE https://t.co/oJEd7mfLiT",2021610726536904828,https://pbs.twimg.com/media/HA40LgAaUAARp8s.jpg,tahuisilontong_,in,,0,0,0,https://x.com/OrangUluBorneo/status/2021610726536904828,1598532655011680256,OrangUluBorneo,2026,2026,2,2026-02-11
2021202640936501525,2026-02-10 19:40:36+07:00,0,"...Kepala BPS RI, Amalia Adininggar Widyasanti (10/2). Indikator tersebut menggunakan pendekatan berkeadilan wilayah, seperti jumlah dan persentase penduduk miskin, indeks kedalaman kemiskinan, gini ratio, dan jumlah keluarga yang tinggal di Rumah Tidak Layak Huni (RTLH).",2021202643436306718,,bps_statistics,in,,0,2,0,https://x.com/bps_statistics/status/2021202643436306718,3021760068,bps_statistics,2026,2026,2,2026-02-10
2020996246060581333,2026-02-10 06:00:28+07:00,0,"Angka Kemiskinan Bulukumba Menurun Drastis

https://t.co/Zz4If5OviL  
BULUKUMBA, BKM — Angka kemiskinan di Kabupaten Bulukumba terus menunjukkan tren penurunan yang konsisten. Berdasarkan data Badan Pusat Statistik Kabupaten Bulukumba, persentase penduduk miskin Bulukumba pada …",2020996246060581333,,,in,,0,0,0,https://x.com/BeritaKotaMKS/status/2020996246060581333,2810878578,BeritaKotaMKS,2026,2026,2,2026-02-10
2020853190808207393,2026-02-09 20:32:00+07:00,0,"Badan Pusat Statistik (BPS) mencatat persentase penduduk miskin di Indonesia pada September 2025 turun menjadi 8,25 persen dari total penduduk.
https://t.co/wcltBdA3pe",2020853190808207393,,,in,,0,0,0,https://x.com/radarbangsa_com/status/2020853190808207393,738702302110834689,radarbangsa_com,2026,2026,2,2026-02-09
2020739912925081719,2026-02-09 18:08:32+07:00,2,"@FerryNLangelo Berat saudara2. Hal yang tak manfaatnya bagi kemajuan bangsa.

Tengoklah ! Bergelimang emas tapi menderita.
Menurut data BPS, pada Maret 2024, persentase penduduk miskin di Papua adalah 17,26%, dan pada September 2024 naik menjadi 18,09%.",2020817083223638385,,FerryNLangelo,in,,0,0,0,https://x.com/Matahari_tmr/status/2020817083223638385,1605882119636803584,Matahari_tmr,2026,2026,2,2026-02-09
2020664719393349988,2026-02-09 08:03:07+07:00,1,"(60,78%) dari sisi pengeluaran. Secara y-on-y, ekonomi Triwulan IV-2025 tumbuh 5,85 persen.

👥 Dari sisi kesejahteraan, persentase penduduk miskin Jawa Timur September 2025 tercatat 9,30 persen, menurun dibanding Maret 2025. Garis Kemiskinan meningkat menjadi Rp585.020 per https://t.co/SwKlDsR942",2020664724351066117,https://pbs.twimg.com/media/HArX2jEagAEhdCT.jpg,bpskabnganjuk,in,,0,1,0,https://x.com/bpskabnganjuk/status/2020664724351066117,1221991764866715648,bpskabnganjuk,2026,2026,2,2026-02-09
2019967603033194864,2026-02-07 09:53:00+07:00,1,Persentase Penduduk Miskin Provinsi Gorontalo Menurun - https://t.co/QPwTn7CN6p,2019967603033194864,,,in,,0,0,0,https://x.com/darilautID/status/2019967603033194864,1014415663404728320,darilautID,2026,2026,2,2026-02-07
2011822612784300221,2026-01-15 22:27:43+07:00,0,"Data yang ditampilkan dalam gambar tersebut tidak benar secara keseluruhan, meskipun persentase yang dicantumkan mendekati atau sesuai dengan tingkat kemiskinan berdasarkan garis kemiskinan Bank Dunia sebesar $6.85/hari (untuk negara berpenghasilan menengah atas, disesuaikan",2011822612784300221,,,in,,0,0,0,https://x.com/klawumunyuk/status/2011822612784300221,1858731521668247554,klawumunyuk,2026,2026,1,2026-01-15
2008823181692559366,2026-01-07 15:49:45+07:00,0,"Rabu, 7 Januari 2026, BPS Kabupaten Semarang hadir di Dialog SERASI untuk mengulik kemiskinan Kabupaten Semarang secara santai, informatif, dan berbasis data. Mulai dari jumlah dan persentase penduduk miskin, garis kemiskinan, hingga gambaran kondisi sosial ekonomi masyarakat",2008823358864117863,,BpsSemarang,in,,0,1,0,https://x.com/BpsSemarang/status/2008823358864117863,1023792919830966272,BpsSemarang,2026,2026,1,2026-01-07
