tweet_id,timestamp,year,month,date,username,text,text_clean,like,retweet,reply,quote,sentiment,confidence,score_positive,score_neutral,score_negative
1347846244408782848,2021-01-09 17:02:41+07:00,2021,1,2021-01-09,DidikMukrianto,"3. Persentase penduduk miskin Jawa Timur th 2020 sebesar 11,09 %, naik dari tahun sebelumnya (10,37 %). Di wilayah eks-Karesidenan Bojonegoro (Bojonegoro, Tuban, Lamongan), persentase penduduk miskin Kab Tuban yg tertinggi.",". persentase penduduk miskin jawa timur th sebesar , , naik dari tahun sebelumnya , . di wilayah eks karesidenan bojonegoro bojonegoro, tuban, lamongan , persentase penduduk miskin kab tuban yg tertinggi.",6,5,0,0,neutral,0.8494018912315369,0.0,0.8494018912315369,0.0
1347845687862468615,2021-01-09 17:00:28+07:00,2021,1,2021-01-09,DidikMukrianto,"2. Persentase penduduk miskin Kabupaten Tuban (15,91 persen) pada tahun 2020 berada di peringkat 5 (lima) tertinggi dari 38 kabupaten/kota se-Provinsi Jawa Timur. Yang tertinggi adalah Kabupaten Sampang (22,78 persen), sedangkan yang terendah adalah Kota Batu (3,89 persen). https://t.co/p2rqKMSPZe",". persentase penduduk miskin kabupaten tuban , persen pada tahun berada di peringkat lima tertinggi dari kabupaten kota se provinsi jawa timur. yang tertinggi adalah kabupaten sampang , persen , sedangkan yang terendah adalah kota batu , persen .",10,6,0,0,neutral,0.9104856848716736,0.0,0.9104856848716736,0.0
1346446960643854337,2021-01-05 20:22:25+07:00,2021,1,2021-01-05,moesa_jp02,"Persentase Penduduk Miskin Maret 2020 naik menjadi 9,78 persen
-Badan Pusat Statistik -https://t.co/nqFoj7D6fo. 
via @bps_statistics","persentase penduduk miskin maret naik menjadi , persen badan pusat statistik via",0,0,0,0,neutral,0.9971523284912109,0.0,0.9971523284912109,0.0
1346256388641619969,2021-01-05 07:45:09+07:00,2021,1,2021-01-05,NKRIndonesia79,"Jumlah dan persentase penduduk miskin terbanyak per Maret 2020:

1. JaTim 4,42 juta jiwa (11,09℅)

2. JaTeng 3,98 juta jiwa (11,41℅)

3. Ja Bar 3,92 juta jiwa (7,9%)

4. Sumatera Utara 1,28 juta jiwa (8,75%)

5. NTT 1,15 juta jiwa (20,90 persen).
https://t.co/OxN2L9vARc","jumlah dan persentase penduduk miskin terbanyak per maret . jatim , juta jiwa , . jateng , juta jiwa , . ja bar , juta jiwa , . sumatera utara , juta jiwa , . ntt , juta jiwa , persen .",1,0,0,0,neutral,0.9404548406600952,0.0,0.9404548406600952,0.0
1346118870986231809,2021-01-04 22:38:43+07:00,2021,1,2021-01-04,muhtar_fuat,"@MahaD3w4 Ini Mensos khusus DKI yaa...??? salut DKI punya Mensos sendiri....Jatim sama Jateng yg persentase penduduk miskin yg tertinggi 
 ngapain blusukan di DKI itu tuna wisma kader pdi yaa kok merah semua.",ini mensos khusus dki yaa... salut dki punya mensos sendiri....jatim sama jateng yg persentase penduduk miskin yg tertinggi ngapain blusukan di dki itu tuna wisma kader pdi yaa kok merah semua.,1,0,0,0,negative,0.9941011071205139,0.0,0.0,0.9941011071205139
1345263208311914496,2021-01-02 13:58:37+07:00,2021,1,2021-01-02,ermawan51004797,@GeiszChalifah bang itu ngitungnya persentase terhadap apa .. jumlah penduduk daerah terkait atau terhadap total penduduk yg miskin seluruh indonesia 🙏?,bang itu ngitungnya persentase terhadap apa .. jumlah penduduk daerah terkait atau terhadap total penduduk yg miskin seluruh indonesia,0,0,0,0,negative,0.8854272961616516,0.0,0.0,0.8854272961616516
1362673921888309248,2021-02-19 15:02:34+07:00,2021,2,2021-02-19,JRKAceh,"Foto: Kepala BPS Aceh dan Sulthan Alfaraby usai berdiskusiLINTAS ATJEH | BANDA ACEH - Penduduk miskin di Aceh meningkat 19 ribu orang pada September 2020. Secara persentase, angka kemiskinan di Serambi Mekah sebesar 15,43% atau tertinggi di Sumatera. Dat… https://t.co/GHWsYIExgP","foto kepala bps aceh dan sulthan alfaraby usai berdiskusilintas atjeh banda aceh penduduk miskin di aceh meningkat ribu orang pada september . secara persentase, angka kemiskinan di serambi mekah sebesar , atau tertinggi di sumatera. dat",0,0,0,0,neutral,0.9675332307815552,0.0,0.9675332307815552,0.0
1362614624290369538,2021-02-19 11:06:57+07:00,2021,2,2021-02-19,endjah_hamami,"Persentase tertinggi Penduduk Miskin ada di Papua 26,8% dan Papua Barat 21,7% BUKAN DI ACEH seperti yang dituduhkan oleh @Dennysiregar7 https://t.co/JiFm1woBBH","persentase tertinggi penduduk miskin ada di papua , dan papua barat , bukan di aceh seperti yang dituduhkan oleh",1,0,0,0,negative,0.9644588232040405,0.0,0.0,0.9644588232040405
1362504969383936001,2021-02-19 03:51:13+07:00,2021,2,2021-02-19,_812ez4_P4hl3v1,"Orang Miskin di Jawa Timur itu hampir 5.5 kali lipat dibanding Aceh. 
Coba lihat jumlah orang miskin penduduk Aceh dan kemudian bandingkan dengan Jawa Timur dan Jawa Tengah kemudian coba persentase kan‼️ https://t.co/Iz8DIQfgqM",orang miskin di jawa timur itu hampir . kali lipat dibanding aceh. coba lihat jumlah orang miskin penduduk aceh dan kemudian bandingkan dengan jawa timur dan jawa tengah kemudian coba persentase kan,50,18,2,0,negative,0.9826841950416565,0.0,0.0,0.9826841950416565
1362249630352744452,2021-02-18 10:56:35+07:00,2021,2,2021-02-18,OPINI_id,"Salah satu karangan bunga bertuliskan,""Terima Kasih Pak Gubernur. Telah mempersembahkan prestasi juara termiskin se-sumatera.""  Persentase penduduk miskin provinsi Aceh pada tahun 2019 juga yang paling tinggi se-Sumatera yakni 15,01 persen.","salah satu karangan bunga bertuliskan, terima kasih pak gubernur. telah mempersembahkan prestasi juara termiskin se sumatera. persentase penduduk miskin provinsi aceh pada tahun juga yang paling tinggi se sumatera yakni , persen.",0,0,0,0,positive,0.5401450991630554,0.5401450991630554,0.0,0.0
1362217195246288896,2021-02-18 08:47:42+07:00,2021,2,2021-02-18,alimanshur,"Persentase penduduk miskin di beberapa propinsi tahun 2020: Jabar 8,43%, Jateng 11,84%, Aceh 15,43%, NTT 21,21%, Papua 26,8%.","persentase penduduk miskin di beberapa propinsi tahun jabar , , jateng , , aceh , , ntt , , papua , .",0,0,0,0,neutral,0.9952606558799744,0.0,0.9952606558799744,0.0
1361955136629731331,2021-02-17 15:26:23+07:00,2021,2,2021-02-17,NarasiNewsroom,"Pandemi ini bikin jumlah penduduk miskin bertambah. Laporan Badan Pusat Statistik (BPS), persentase penduduk miskin di Indonesia pada September 2020 meningkat sebesar 10,19 persen atau bertambah 1,13 juta orang menjadi 27,55 juta orang. 

#NarasiNewsroom https://t.co/et91J4UqDm","pandemi ini bikin jumlah penduduk miskin bertambah. laporan badan pusat statistik bps , persentase penduduk miskin di indonesia pada september meningkat sebesar , persen atau bertambah , juta orang menjadi , juta orang. narasinewsroom",11,1,1,0,neutral,0.8994008302688599,0.0,0.8994008302688599,0.0
1361943865607950338,2021-02-17 14:41:35+07:00,2021,2,2021-02-17,bpskotamagelang,"Persentase penduduk miskin September 2020 naik 0,43 persen poin dibanding Maret 2020. https://t.co/nklTOCfQfE","persentase penduduk miskin september naik , persen poin dibanding maret .",0,0,1,0,neutral,0.9949919581413269,0.0,0.9949919581413269,0.0
1361941311234793473,2021-02-17 14:31:26+07:00,2021,2,2021-02-17,GusTigaKilogram,"""10 provinsi dengan persentase penduduk miskin tertinggi:
-Papua 26,8%
-Papua Barat 21,7%
-NTT 21,21%
-Maluku 17,99%
-Gorontalo 15,59%
-Aceh 15,43%
-Bengkulu 15,30%
-NTB 14,23%
-Sulawesi Tengah 13,06%
-Sumatera Selatan 12,56%""

cc-in siapa ya?

https://t.co/dlkZK5Qxmi https://t.co/Q0JCovZvH4","provinsi dengan persentase penduduk miskin tertinggi papua , papua barat , ntt , maluku , gorontalo , aceh , bengkulu , ntb , sulawesi tengah , sumatera selatan , cc in siapa ya",1,0,2,0,neutral,0.9210480451583862,0.0,0.9210480451583862,0.0
1361917726910898177,2021-02-17 12:57:43+07:00,2021,2,2021-02-17,nepafarming,"Persentase Penduduk Miskin Di NTT Bertambah Menjadi 21,21 Persen https://t.co/4C50nAXWhC","persentase penduduk miskin di ntt bertambah menjadi , persen",0,0,0,0,neutral,0.8266353607177734,0.0,0.8266353607177734,0.0
1361857960868253698,2021-02-17 09:00:14+07:00,2021,2,2021-02-17,PemprovPapua,"BPS : Persentase Penduduk Miskin Perkotaan Meningkat 0,12 Persen https://t.co/5EyvbRZlep https://t.co/glG0uOYTCe","bps persentase penduduk miskin perkotaan meningkat , persen",0,3,0,0,neutral,0.9722501039505005,0.0,0.9722501039505005,0.0
1361831383082012672,2021-02-17 07:14:37+07:00,2021,2,2021-02-17,progjo,"Bukan Jakarta, Persentase Penduduk Miskin Terendah Ada di Bali https://t.co/yyyLf98BjE","bukan jakarta, persentase penduduk miskin terendah ada di bali",0,0,0,0,neutral,0.8523135185241699,0.0,0.8523135185241699,0.0
1361828969830514689,2021-02-17 07:05:02+07:00,2021,2,2021-02-17,KompasTV,"Bukan Jakarta, Persentase Penduduk Miskin Terendah Ada di Bali https://t.co/DWp76Fqg0z https://t.co/oSSZ8peiXL","bukan jakarta, persentase penduduk miskin terendah ada di bali",13,1,1,1,neutral,0.8523135185241699,0.0,0.8523135185241699,0.0
1361717883726929920,2021-02-16 23:43:37+07:00,2021,2,2021-02-16,detikfinance,Berikut daftar 10 provinsi di dengan persentase penduduk miskin tertinggi di Indonesia. https://t.co/JDGUrqBKQQ,berikut daftar provinsi di dengan persentase penduduk miskin tertinggi di indonesia.,12,6,0,1,neutral,0.8562224507331848,0.0,0.8562224507331848,0.0
1361663276929724419,2021-02-16 20:06:38+07:00,2021,2,2021-02-16,detikfinance,"#mostpop Penduduk miskin di Aceh meningkat 19 ribu orang pada September 2020. Secara persentase, angka kemiskinan di Aceh sebesar 15,43% atau tertinggi di Sumatera. https://t.co/TW1a1Zd9P9","mostpop penduduk miskin di aceh meningkat ribu orang pada september . secara persentase, angka kemiskinan di aceh sebesar , atau tertinggi di sumatera.",5,4,1,0,neutral,0.9659676551818848,0.0,0.9659676551818848,0.0
1361336499388567552,2021-02-15 22:28:08+07:00,2021,2,2021-02-15,mediaindonesia,Persentase penduduk miskin di Provinsi Sulawesi Selatan  pada September 2020 tercatat 800.240 orang atau bertambah 23.410 orang dibandingkan Maret 2020 yang hanya 776.830 orang.  https://t.co/w2KVMe3Kfs,persentase penduduk miskin di provinsi sulawesi selatan pada september tercatat . orang atau bertambah . orang dibandingkan maret yang hanya . orang.,1,1,0,0,neutral,0.9692437648773193,0.0,0.9692437648773193,0.0
1376519313478320129,2021-03-29 19:59:13+07:00,2021,3,2021-03-29,arjuna16sp,"Sasaran Program Pembangunan Daerah Tertinggal
1. Mengentaskan daerah tertinggal.
2. Meningkatkan Indeks Pembangunan Manusia (IPM)
3. Menurunkan persentase penduduk miskin
@jokowi 
@Kiyai_MarufAmin 
@halimiskandarnu 
@budimuni98 
@tppkemendes 
@kemendespdtt 
#SDGsDesa 
#DesaBisa https://t.co/iDNRfs5joP",sasaran program pembangunan daerah tertinggal . mengentaskan daerah tertinggal. . meningkatkan indeks pembangunan manusia ipm . menurunkan persentase penduduk miskin sdgsdesa desabisa,8,1,0,0,neutral,0.9346617460250854,0.0,0.9346617460250854,0.0
1376470579394478082,2021-03-29 16:45:34+07:00,2021,3,2021-03-29,PemkabPemalang,"8. Adapun utk persentase penduduk miskin Kab. Pml pada tahun 2019 sebesar 15,41 persen mengalami peningkatan menjadi sebesar 16,02 persen di tahun 2020. Angka kemiskinan Provinsi Jawa Tengah sebesar 11,41 persen, sedangkan angka kemiskinan nasional sebesar 9,78 persen.",". adapun utk persentase penduduk miskin kab. pml pada tahun sebesar , persen mengalami peningkatan menjadi sebesar , persen di tahun . angka kemiskinan provinsi jawa tengah sebesar , persen, sedangkan angka kemiskinan nasional sebesar , persen.",0,1,1,1,neutral,0.9547461867332458,0.0,0.9547461867332458,0.0
1375004513090764805,2021-03-25 15:39:56+07:00,2021,3,2021-03-25,DinaNurAlifiah,"Persentase penduduk miskin meningkat sebesar 10,19% pada september 2020.
#IDEKatadata2021","persentase penduduk miskin meningkat sebesar , pada september . idekatadata2021",0,0,0,0,neutral,0.9931221604347229,0.0,0.9931221604347229,0.0
1374254636635320325,2021-03-23 14:00:12+07:00,2021,3,2021-03-23,jawapos,"Terdampak Pandemi, Persentase Penduduk Miskin Naik https://t.co/xATxGm8bED","terdampak pandemi, persentase penduduk miskin naik",1,0,0,0,neutral,0.9242848753929138,0.0,0.9242848753929138,0.0
1374250546937303040,2021-03-23 13:43:57+07:00,2021,3,2021-03-23,boanerges__,"Otsus telah berhasil menurunkan angka kemiskinan di Papua. Perubahan yg signifikan tercermin pada penurunan persentase penduduk miskin, dari 54,75 persen pada Maret 1999 menjadi 26,55 persen pada September 2019.

#OtsusPapuaLanjutDidukung https://t.co/F9FyhSnQ2S","otsus telah berhasil menurunkan angka kemiskinan di papua. perubahan yg signifikan tercermin pada penurunan persentase penduduk miskin, dari , persen pada maret menjadi , persen pada september . otsuspapualanjutdidukung",1,1,0,0,neutral,0.9109002351760864,0.0,0.9109002351760864,0.0
1374147916001026052,2021-03-23 06:56:08+07:00,2021,3,2021-03-23,pinkyyxx2,"Otsus telah berhasil menurunkan angka kemiskinan di Papua. Perubahan yang signifikan tercermin pada penurunan persentase penduduk miskin, dari 54,75 persen pada Maret 1999 menjadi 26,55 persen pada September 2019 #FaktaDiPapua Kemajuan Ditanah Cenderawasih https://t.co/Iq70YqLdOg","otsus telah berhasil menurunkan angka kemiskinan di papua. perubahan yang signifikan tercermin pada penurunan persentase penduduk miskin, dari , persen pada maret menjadi , persen pada september faktadipapua kemajuan ditanah cenderawasih",0,0,0,0,neutral,0.96358722448349,0.0,0.96358722448349,0.0
1373468879339450368,2021-03-21 09:57:53+07:00,2021,3,2021-03-21,boanerges__,"selain itu, Otsus juga berhasil menurunkan angka kemiskinan di Papua. Perubahan yg signifikan tercermin pada penurunan persentase penduduk miskin, dari 54,75% pd Maret 1999 menjadi 26,55% pd September 2019.

#TNIPolriHadirDiPapua https://t.co/1pIbkQuylN","selain itu, otsus juga berhasil menurunkan angka kemiskinan di papua. perubahan yg signifikan tercermin pada penurunan persentase penduduk miskin, dari , pd maret menjadi , pd september . tnipolrihadirdipapua",2,2,1,0,neutral,0.9804046750068665,0.0,0.9804046750068665,0.0
1370902552447946754,2021-03-14 08:00:13+07:00,2021,3,2021-03-14,yayasanmadani,"Meskipun kaya akan sawit, masyarakat di provinsi dengan tutupan sawit terbesar belum sejahtera. Empat dari sepuluh provinsi kaya sawit memiliki persentase penduduk miskin lebih tinggi dari rata-rata nasional.

#Sawit #PetaniSawit #UntukmuBumiku

https://t.co/pjRpfjRpzn","meskipun kaya akan sawit, masyarakat di provinsi dengan tutupan sawit terbesar belum sejahtera. empat dari sepuluh provinsi kaya sawit memiliki persentase penduduk miskin lebih tinggi dari rata rata nasional. sawit petanisawit untukmubumiku",1,0,0,0,negative,0.8168534636497498,0.0,0.0,0.8168534636497498
1367422066438332418,2021-03-04 17:30:00+07:00,2021,3,2021-03-04,jp_radarkudus,"Persentase penduduk miskin di Grobogan mengalami penurunan satu persen sejak Bupati @SumarniGrobogan  menjabat. 

https://t.co/eI4jh0mlWh",persentase penduduk miskin di grobogan mengalami penurunan satu persen sejak bupati menjabat.,0,0,0,0,neutral,0.9701045751571655,0.0,0.9701045751571655,0.0
1388073536854532099,2021-04-30 17:11:35+07:00,2021,4,2021-04-30,merdekadotcom,UNDP: Separuh Penduduk Myanmar Bakal Jatuh Miskin Pada 2022: Jumlah orang yang hidup di bawah garis kemiskinan diperkirakan meningkat 11 poin persentase karena efek sosial ekonomi pandemi. https://t.co/876RK2E0yk,undp separuh penduduk myanmar bakal jatuh miskin pada jumlah orang yang hidup di bawah garis kemiskinan diperkirakan meningkat poin persentase karena efek sosial ekonomi pandemi.,2,0,0,1,neutral,0.958775520324707,0.0,0.958775520324707,0.0
1386896613218549760,2021-04-27 11:14:54+07:00,2021,4,2021-04-27,IDNTimesBali,"Secara persentase, penduduk miskin di Gumi Serombotan ini berada di peringkat tiga se-Provinsi Bali setelah Kabupaten Karangasem dan Kabupaten Buleleng.
https://t.co/KVQ9X3U2EX","secara persentase, penduduk miskin di gumi serombotan ini berada di peringkat tiga se provinsi bali setelah kabupaten karangasem dan kabupaten buleleng.",0,1,0,0,neutral,0.42726925015449524,0.0,0.42726925015449524,0.0
1384237243733213191,2021-04-20 03:07:31+07:00,2021,4,2021-04-20,bpsmojokerto,"Hai #SahabatData...
Kemiskinan merupakan isu penting yang merupakan salah satu potret keberhasilan suatau pemerintah daerah..
Selama 2020 krn pandemi Covid-19 persentase penduduk miskin mengalami kenaikan 0,82 poin dari 9,75 persen pada 2019 dan menjadi 10,57 persen pada 2020.. https://t.co/gqzt7sj0JS","hai sahabatdata... kemiskinan merupakan isu penting yang merupakan salah satu potret keberhasilan suatau pemerintah daerah.. selama krn pandemi covid persentase penduduk miskin mengalami kenaikan , poin dari , persen pada dan menjadi , persen pada ..",2,1,1,0,neutral,0.9704846143722534,0.0,0.9704846143722534,0.0
1384145903724859393,2021-04-19 21:04:34+07:00,2021,4,2021-04-19,merdekadotcom,"Anies: Pandemi Covid-19 Membuat Jumlah Penduduk Miskin Ibu Kota Naik: Meskipun bertambah, Anies mengklaim jumlah penduduk miskin di Jakarta jauh lebih rendah jika dibandingkan dengan persentase jumlah penduduk miskin nasional sebesar 27,55 juta orang… https://t.co/js4jNpV2ix","anies pandemi covid membuat jumlah penduduk miskin ibu kota naik meskipun bertambah, anies mengklaim jumlah penduduk miskin di jakarta jauh lebih rendah jika dibandingkan dengan persentase jumlah penduduk miskin nasional sebesar , juta orang",30,2,0,0,neutral,0.7331949472427368,0.0,0.7331949472427368,0.0
1383586380144545796,2021-04-18 08:01:13+07:00,2021,4,2021-04-18,impinkxx,"Otsus telah berhasil menurunkan angka kemiskinan di Papua. Perubahan yang signifikan tercermin pada penurunan persentase penduduk miskin, dari 54,75 persen pada Maret 1999 menjadi 26,55 persen pada September 2019. Otsus Makin Dipercaya #PapuaIndonesia https://t.co/ZckcWnhIkY","otsus telah berhasil menurunkan angka kemiskinan di papua. perubahan yang signifikan tercermin pada penurunan persentase penduduk miskin, dari , persen pada maret menjadi , persen pada september . otsus makin dipercaya papuaindonesia",0,0,0,0,positive,0.6383167505264282,0.6383167505264282,0.0,0.0
1378603633852309505,2021-04-04 14:01:34+07:00,2021,4,2021-04-04,KristianVieri9,"Persentase penduduk miskin pada September 2020 sebesar 10,19 persen, meningkat 0,41 persen poin terhadap Maret 2020 dan meningkat 0,97 persen poin terhadap September 2019. Dampaknya penjualan rokok akan sedikit menurun dikarenakan angka kemiskinan setiap tahun meningkat @JeddyjJj","persentase penduduk miskin pada september sebesar , persen, meningkat , persen poin terhadap maret dan meningkat , persen poin terhadap september . dampaknya penjualan rokok akan sedikit menurun dikarenakan angka kemiskinan setiap tahun meningkat",0,0,0,0,neutral,0.922736644744873,0.0,0.922736644744873,0.0
1395268940973043713,2021-05-20 13:43:33+07:00,2021,5,2021-05-20,iwanalidarmawan,"Persentase penduduk miskin di daerah tertinggal meningkat signifikan. 

Tahun 2015-2019 terdapat 122 Daerah Tertinggal (Perpres No.131/2015). Tahun 2020 terdapat 62 daerah tertinggal (Perpres No.63/2020)",persentase penduduk miskin di daerah tertinggal meningkat signifikan. tahun terdapat daerah tertinggal perpres no. . tahun terdapat daerah tertinggal perpres no.,2,0,0,0,neutral,0.902096688747406,0.0,0.902096688747406,0.0
1395245516347170817,2021-05-20 12:10:28+07:00,2021,5,2021-05-20,AwalilRizky,"Persentase penduduk miskin di daerah tertinggal meningkat signifikan. BPS menghitung berdasar Susenas, sedangkan desa tertinggal mengikuti Perpres. Tahun 2015-2019 terdapat 122 Daerah Tertinggal (Perpres No.131/2015). Tahun 2020 terdapat 62 daerah tertinggal (Perpres No.63/2020). https://t.co/BzlOwDfI0R","persentase penduduk miskin di daerah tertinggal meningkat signifikan. bps menghitung berdasar susenas, sedangkan desa tertinggal mengikuti perpres. tahun terdapat daerah tertinggal perpres no. . tahun terdapat daerah tertinggal perpres no. .",108,40,8,2,neutral,0.9428538084030151,0.0,0.9428538084030151,0.0
1392363015668789248,2021-05-12 13:16:26+07:00,2021,5,2021-05-12,ARosadi76,"@iccank_inotav @fadjroeL @univ_indonesia @itbofficial BPS: th 1970 persentase penduduk miskin kita mencapai 60%, th 1996 persentase penduduk miskin tinggal 11,30%, 24 tahun orba menurunkan kemiskinan 48,70%, BPS: tahun 2020 jumlah penduduk miskin 10,19%, 22 tahun reformasi-5 presiden kemiskinan hy turun 2%, btp hebatnya reformasi","bps th persentase penduduk miskin kita mencapai , th persentase penduduk miskin tinggal , , tahun orba menurunkan kemiskinan , , bps tahun jumlah penduduk miskin , , tahun reformasi presiden kemiskinan hy turun , btp hebatnya reformasi",0,0,0,0,neutral,0.4794551730155945,0.0,0.4794551730155945,0.0
1388892132526546944,2021-05-02 23:24:23+07:00,2021,5,2021-05-02,ARosadi76,"@BERKARYA_NET BPS: th 1970 persentase penduduk miskin indonesia 60%, tahun 1996 turun menjadi 11,30%, 26 th pak harto turunkan penduduk miskin 38,70%, pasca pak harto. th 2020 persentase penduduk miskin 10,19%. 21 thn reformasi, 5 presiden kemiskinn cuma turun 1,11%. mshkah bangga dg reformasi","bps th persentase penduduk miskin indonesia , tahun turun menjadi , , th pak harto turunkan penduduk miskin , , pasca pak harto. th persentase penduduk miskin , . thn reformasi, presiden kemiskinn cuma turun , . mshkah bangga dg reformasi",96,25,4,4,negative,0.5832611918449402,0.0,0.0,0.5832611918449402
1388886501707055112,2021-05-02 23:02:00+07:00,2021,5,2021-05-02,ARosadi76,"@HairulAlHafiz1 @Bara2Dian @RamliRizal 26 tahun pak harto turunkan persentase kemiskinan dr 60% menjadi 11% sekarang berdasarkan data bps september 2020 setelah 21 tahun reformasi brp angka penduduk miskin 10,19%, turun 1% dr tahun 1996, apakah ini prestasi yg anda hebat...betapa bodoh &amp; terbelangnya anda","tahun pak harto turunkan persentase kemiskinan dr menjadi sekarang berdasarkan data bps september setelah tahun reformasi brp angka penduduk miskin , , turun dr tahun , apakah ini prestasi yg anda hebat...betapa bodoh amp terbelangnya anda",0,0,1,0,negative,0.5676721930503845,0.0,0.0,0.5676721930503845
1406993486868451328,2021-06-21 22:12:42+07:00,2021,6,2021-06-21,Andika_CJ,"6 bulan pertama wabah aja jumlah penduduk miskin naik hampir 20%, belum hitung bicara 15 bulan. Persentase penduduk miskin Bali masuk level dobel digit bukan hal mustahil by next year kalau ini wabah enggak terkendali","bulan pertama wabah aja jumlah penduduk miskin naik hampir , belum hitung bicara bulan. persentase penduduk miskin bali masuk level dobel digit bukan hal mustahil by next year kalau ini wabah enggak terkendali",1,0,2,0,negative,0.9497455954551697,0.0,0.0,0.9497455954551697
1405329535055319043,2021-06-17 08:00:45+07:00,2021,6,2021-06-17,jeonshinta_,Otsus telah sukses menurunkan angka kemiskinan di Papua. Perubahan yang signifikan terlihat pada penurunan persentase penduduk miskin dari tahun ke tahun. Otsus Hadir Papua Sejahtera https://t.co/PPqSfk7b9D,otsus telah sukses menurunkan angka kemiskinan di papua. perubahan yang signifikan terlihat pada penurunan persentase penduduk miskin dari tahun ke tahun. otsus hadir papua sejahtera,0,0,0,0,neutral,0.6082367897033691,0.0,0.6082367897033691,0.0
1402893807763427330,2021-06-10 14:42:02+07:00,2021,6,2021-06-10,tempodotco,"""Apalagi dalam masa pandemi saat ini dimana daya beli masyarakat sudah tertekan, karena pasti berpotensi meningkatkan persentase penduduk miskin,"" kata Wakil Ketua Komisi Keuangan Dewan Perwakilan Rakyat, Amir Uskara. #TempoBisnis
https://t.co/KGJfsou6g8","apalagi dalam masa pandemi saat ini dimana daya beli masyarakat sudah tertekan, karena pasti berpotensi meningkatkan persentase penduduk miskin, kata wakil ketua komisi keuangan dewan perwakilan rakyat, amir uskara. tempobisnis",7,1,1,2,neutral,0.8783098459243774,0.0,0.8783098459243774,0.0
1420555653643268099,2021-07-29 08:23:55+07:00,2021,7,2021-07-29,ansyaku,"Hampir ga percaya liat data persentase penduduk miskin terendah di 2019 itu terendah DKI Jakarta. Tapi datanya memang gitu, mungkin karena definisi garis kemiskinannya dalam nominal bukan relatif. Upah dianggap tinggi pdhl harga barang jg tinggi.","hampir ga percaya liat data persentase penduduk miskin terendah di itu terendah dki jakarta. tapi datanya memang gitu, mungkin karena definisi garis kemiskinannya dalam nominal bukan relatif. upah dianggap tinggi pdhl harga barang jg tinggi.",0,0,0,0,negative,0.7750707268714905,0.0,0.0,0.7750707268714905
1418568581722251265,2021-07-23 20:48:00+07:00,2021,7,2021-07-23,royalcaniin,"Emgsih angka kemiskinan di indonesia tinggi, persentase penduduk miskin jg meningkat. Tp pnsrn aja sbnrnya berpengaruh gk sih wkwkkw","emgsih angka kemiskinan di indonesia tinggi, persentase penduduk miskin jg meningkat. tp pnsrn aja sbnrnya berpengaruh gk sih wkwkkw",0,0,1,0,negative,0.939464807510376,0.0,0.0,0.939464807510376
1417620691688427531,2021-07-21 06:01:25+07:00,2021,7,2021-07-21,mtangankiri,"Data Badan Pusat Statistik atau BPS, persentase penduduk miskin pada September 2020 sebesar 10,19 persen, meningkat 0,41 persen poin terhadap Maret 2020 dan meningkat 0,97 persen poin terhadap September 2019.","data badan pusat statistik atau bps, persentase penduduk miskin pada september sebesar , persen, meningkat , persen poin terhadap maret dan meningkat , persen poin terhadap september .",4,0,1,0,neutral,0.9839733242988586,0.0,0.9839733242988586,0.0
1416642883101159424,2021-07-18 13:15:57+07:00,2021,7,2021-07-18,antaramakassar,BPS: Persentase penduduk miskin di Sulut terendah di Pulau Sulawesi https://t.co/z6rMQzV5Oh,bps persentase penduduk miskin di sulut terendah di pulau sulawesi,0,0,0,0,neutral,0.9893931150436401,0.0,0.9893931150436401,0.0
1416640190324510722,2021-07-18 13:05:15+07:00,2021,7,2021-07-18,guidomerung,Persentase penduduk miskin Sulut paling rendah di Pulau Sulawesi https://t.co/cYdNHNvGIU,persentase penduduk miskin sulut paling rendah di pulau sulawesi,0,0,0,0,neutral,0.8058714866638184,0.0,0.8058714866638184,0.0
1415956101904936963,2021-07-16 15:46:56+07:00,2021,7,2021-07-16,SiberindoC,"Jawa Tengah Mengalami Penurunan Persentase Penduduk Miskin Sebesar 0,05 Persen https://t.co/iS4L55MI91","jawa tengah mengalami penurunan persentase penduduk miskin sebesar ,05persen",0,0,0,0,neutral,0.9607369303703308,0.0,0.9607369303703308,0.0
1415929168349466627,2021-07-16 13:59:55+07:00,2021,7,2021-07-16,barisandata,"Meskipun secara total terjadi penurunan persentase penduduk miskin, namun khusus daerah perkotaan mengalami peningkatan.

@AwalilRizky
https://t.co/7QhqRNW3U6","meskipun secara total terjadi penurunan persentase penduduk miskin, namun khusus daerah perkotaan mengalami peningkatan.",0,0,0,0,neutral,0.860048770904541,0.0,0.860048770904541,0.0
1415693739519922179,2021-07-15 22:24:24+07:00,2021,7,2021-07-15,infoacehnet,"MTA: Persentase Penduduk Miskin Aceh Turun, Tapi Belum Signifikan

https://t.co/z2JKtwOGQD","mta persentase penduduk miskin aceh turun, tapi belum signifikan",1,0,0,0,negative,0.49461662769317627,0.0,0.0,0.49461662769317627
1415642317524901889,2021-07-15 19:00:04+07:00,2021,7,2021-07-15,GATRA_com,Persentase Penduduk Miskin NTT Maret 2021 Turun https://t.co/DwRKnKsH1v,persentase penduduk miskin ntt maret turun,0,0,0,0,neutral,0.9742698073387146,0.0,0.9742698073387146,0.0
1415597564854951940,2021-07-15 16:02:14+07:00,2021,7,2021-07-15,JRKAceh,"Umum  Secara Persentase, Penduduk Miskin di Aceh Turun  https://t.co/zGcEgcgcKB","umum secara persentase, penduduk miskin di aceh turun",0,0,0,0,neutral,0.5416464805603027,0.0,0.5416464805603027,0.0
1415584041424670721,2021-07-15 15:08:30+07:00,2021,7,2021-07-15,BERITAKINI_CO,"Persentase Menurun, Tapi Jumlahnya Penduduk Miskin di Aceh Bertambah https://t.co/HLowZQ3QxY https://t.co/N3lNqjyoMW","persentase menurun, tapi jumlahnya penduduk miskin di aceh bertambah",0,0,0,0,negative,0.8188213109970093,0.0,0.0,0.8188213109970093
1415575557463441414,2021-07-15 14:34:47+07:00,2021,7,2021-07-15,bpsprovbali,"Persentase penduduk miskin di Bali pada Maret 2021 tercatat sebesar 4,53%, naik 0,08 poin persen dibandingkan dengan posisi September 2020 yang tercatat sebesar 4,45%. https://t.co/PfxjDuwQAu","persentase penduduk miskin di bali pada maret tercatat sebesar , , naik , poin persen dibandingkan dengan posisi september yang tercatat sebesar , .",1,3,1,0,neutral,0.97730553150177,0.0,0.97730553150177,0.0
1415556876616433664,2021-07-15 13:20:33+07:00,2021,7,2021-07-15,merdekadotcom,"Data BPS: Jumlah Orang Miskin di Indonesia Mencapai 27,5 Juta: Jika dilihat dari sisi disparitas kemiskinan, persentase penduduk miskin masih lebih banyak di desa dari pada di kota. Di mana populasi penduduk miskin di kota sebesar 7,89 persen, dan di… https://t.co/KctWRspdn0","data bps jumlah orang miskin di indonesia mencapai , juta jika dilihat dari sisi disparitas kemiskinan, persentase penduduk miskin masih lebih banyak di desa dari pada di kota. di mana populasi penduduk miskin di kota sebesar , persen, dan di",1,1,0,0,negative,0.6531358361244202,0.0,0.0,0.6531358361244202
1415546032780365824,2021-07-15 12:37:28+07:00,2021,7,2021-07-15,alfareno,"#RT @bps_statistics: Persentase penduduk miskin di Indonesia pada Maret 2021 sebesar 10,14 persen.

#RilisBPS https://t.co/UTOyNbnkFo","rt persentase penduduk miskin di indonesia pada maret sebesar , persen. rilisbps",0,0,0,0,neutral,0.99556964635849,0.0,0.99556964635849,0.0
1415543799082897412,2021-07-15 12:28:35+07:00,2021,7,2021-07-15,alfareno,"RT bps_statistics: Persentase penduduk miskin di Indonesia pada Maret 2021 sebesar 10,14 persen.

#RilisBPS https://t.co/UTOyNbnkFo","rt bps_statistics persentase penduduk miskin di indonesia pada maret sebesar , persen. rilisbps",0,0,0,0,neutral,0.9953511953353882,0.0,0.9953511953353882,0.0
1415538776307232772,2021-07-15 12:08:38+07:00,2021,7,2021-07-15,bps_statistics,"Persentase penduduk miskin di Indonesia pada Maret 2021 sebesar 10,14 persen.

#RilisBPS https://t.co/CadihXBtx3","persentase penduduk miskin di indonesia pada maret sebesar , persen. rilisbps",38,25,1,1,neutral,0.9903389811515808,0.0,0.9903389811515808,0.0
1431451691644174338,2021-08-28 10:00:53+07:00,2021,8,2021-08-28,tatakujiyati,"@lee_hwie Meski jumlah penduduk miskin di Provinsi DKI Jakarta meningkat, tapi jumlah penduduk miskin di Jakarta masih paling rendah dibandingkan provinsi lain. Demikian jg scr persentase tmsk plg rendah. https://t.co/d3NZFLFMUM","meski jumlah penduduk miskin di provinsi dki jakarta meningkat, tapi jumlah penduduk miskin di jakarta masih paling rendah dibandingkan provinsi lain. demikian jg scr persentase tmsk plg rendah.",0,0,1,0,negative,0.5036141872406006,0.0,0.0,0.5036141872406006
1426379830119976962,2021-08-14 10:07:07+07:00,2021,8,2021-08-14,ansadad,"4. Pandemi menyebabkan perubahan asumsi-asumsi, terutama yang berakibat pada revisi indikator kinerja utama (IKU), mis. Pertumbuhan ekonomi, persentase penduduk miskin, dll. https://t.co/7wQuEKoTFo",". pandemi menyebabkan perubahan asumsi asumsi, terutama yang berakibat pada revisi indikator kinerja utama iku , mis. pertumbuhan ekonomi, persentase penduduk miskin, dll.",4,0,0,0,neutral,0.9166013598442078,0.0,0.9166013598442078,0.0
1425009336586104834,2021-08-10 15:21:15+07:00,2021,8,2021-08-10,ALMI_Indonesia,"Persentase penduduk miskin pada September 2020 yang naik menjadi 10,2 persen menunjukkan bahwa bantuan sosial tidak cukup untuk mencegah bertambahnya angka kemiskinan.","persentase penduduk miskin pada september yang naik menjadi , persen menunjukkan bahwa bantuan sosial tidak cukup untuk mencegah bertambahnya angka kemiskinan.",0,0,1,0,neutral,0.9181213974952698,0.0,0.9181213974952698,0.0
1443491930537488384,2021-09-30 15:24:29+07:00,2021,9,2021-09-30,COREIndonesia,"Peneliti ekonomi senior Core Indonesia Yusuf Rendy memperkirakan, persentase penduduk miskin pada September 2021 berada di kisaran 10,25% hingga 10,45%. Angka tersebut meningkat dari posisi akhir Maret 2021 yang sebesar 10,14%. 

Via : @KontanNews 

https://t.co/Go5hWSDM6C","peneliti ekonomi senior core indonesia yusuf rendy memperkirakan, persentase penduduk miskin pada september berada di kisaran , hingga , . angka tersebut meningkat dari posisi akhir maret yang sebesar , . via",0,0,0,0,neutral,0.9826783537864685,0.0,0.9826783537864685,0.0
1443450494156828672,2021-09-30 12:39:50+07:00,2021,9,2021-09-30,Kiyai_MarufAmin,-sekaligus memfokuskan sumber daya serta mendorong percepatan pengurangan kemiskinan ekstrem dengan menggunakan kombinasi antara indikator persentase penduduk miskin ekstrem dan juga jumlah penduduk miskin ekstrem di satu wilayah.,sekaligus memfokuskan sumber daya serta mendorong percepatan pengurangan kemiskinan ekstrem dengan menggunakan kombinasi antara indikator persentase penduduk miskin ekstrem dan juga jumlah penduduk miskin ekstrem di satu wilayah.,5,0,1,0,neutral,0.7388436198234558,0.0,0.7388436198234558,0.0
1443131611277500416,2021-09-29 15:32:42+07:00,2021,9,2021-09-29,JAJAKdata,"Kawasan Indonesia Timur memang menjadi wilayah dengan tingkat kemiskinan tertinggi. Selain Papua, Papua Barat juga mencatat persentase penduduk miskin sebesar 21,70% dan Nusa Tenggara Timur atau NTT sebesar 21,21%.","kawasan indonesia timur memang menjadi wilayah dengan tingkat kemiskinan tertinggi. selain papua, papua barat juga mencatat persentase penduduk miskin sebesar , dan nusa tenggara timur atau ntt sebesar , .",0,0,0,0,neutral,0.6411438584327698,0.0,0.6411438584327698,0.0
1443131539093479428,2021-09-29 15:32:25+07:00,2021,9,2021-09-29,JAJAKdata,"Provinsi Papua masih menjadi provinsi dengan persentase penduduk miskin terbesar mencapai 26,80%. Namun jumlah penduduk miskin di sana tercatat masih di bawah 1 juta, atau sekitar 920,44 ribu orang.","provinsi papua masih menjadi provinsi dengan persentase penduduk miskin terbesar mencapai , . namun jumlah penduduk miskin di sana tercatat masih di bawah juta, atau sekitar , ribu orang.",0,0,1,0,neutral,0.5610568523406982,0.0,0.5610568523406982,0.0
1438723698115039234,2021-09-17 11:37:14+07:00,2021,9,2021-09-17,maulsoh,Pandemi Covid-19 menjadi salah satu penyebab naiknya persentase/jumlah penduduk miskin. https://t.co/8ghF8Ca80y,pandemi covid menjadi salah satu penyebab naiknya persentase jumlah penduduk miskin.,0,0,1,0,neutral,0.9471937417984009,0.0,0.9471937417984009,0.0
1438723691055964166,2021-09-17 11:37:12+07:00,2021,9,2021-09-17,maulsoh,"Bagaimana capaiannya sekarang?
15 Juli 2021, @bps_statistics mengumumkan bahwa persentase penduduk miskin pada Maret 2021 sebesar 10,14 persen.

Sumber: https://t.co/wnouEy7DGc","bagaimana capaiannya sekarang juli , mengumumkan bahwa persentase penduduk miskin pada maret sebesar , persen. sumber",0,0,1,0,neutral,0.9693593382835388,0.0,0.9693593382835388,0.0
1436174458088132611,2021-09-10 10:47:28+07:00,2021,9,2021-09-10,Hasbil_Lbs,"Persentase penduduk miskin Indonesia pada Maret 2021 sebesar 10,14% (Jmlh penduduk 270, 6 juta thn 2019) 

Dan Kekayaan Bapak Presiden berdasarkan LHKPN 👇

Luar biasa ya penambahan kekayaan beliau. Ditengah Pandemi lagi 🙂 https://t.co/WbDXmXlurn","persentase penduduk miskin indonesia pada maret sebesar , jmlh penduduk , juta thn dan kekayaan bapak presiden berdasarkan lhkpn luar biasa ya penambahan kekayaan beliau. ditengah pandemi lagi",14,7,2,0,positive,0.8770373463630676,0.8770373463630676,0.0,0.0
1434834884078432256,2021-09-06 18:04:28+07:00,2021,9,2021-09-06,FPKSDPRRI,"INDONESIA DILANDA BADAI PENGANGGURAN &amp; KEMISKINAN EKSTREM💥

PKS Mendesak Pemerintah Ciptakan Lapangan Kerja dan Dukung UKM ‼️

Badan Pusat Statistik (BPS) mencatat persentase penduduk miskin ekstrem mencapai 4,8% dari total penduduk miskin nasional di level 10,14%. https://t.co/zCTJOmWC3o","indonesia dilanda badai pengangguran amp kemiskinan ekstrem pks mendesak pemerintah ciptakan lapangan kerja dan dukung ukm badan pusat statistik bps mencatat persentase penduduk miskin ekstrem mencapai , dari total penduduk miskin nasional di level , .",89,37,6,6,neutral,0.9801552891731262,0.0,0.9801552891731262,0.0
1433714235175948288,2021-09-03 15:51:25+07:00,2021,9,2021-09-03,smartcity_Mks,Persentase Penduduk Miskin Sulsel Periode Maret 2021 Turun – Smart City Makassar https://t.co/QMwz5pYckh,persentase penduduk miskin sulsel periode maret turun smart city makassar,0,0,0,0,neutral,0.9839619398117065,0.0,0.9839619398117065,0.0
1433608626984218644,2021-09-03 08:51:46+07:00,2021,9,2021-09-03,iwanalidarmawan,"RI Dilanda Kemiskinan Ekstrim, Terbanyak Jabar &amp; Jatim! 

Badan Pusat Statistik (BPS) mencatat penduduk miskin ekstrim di Indonesia. Pada 2021, persentase penduduk miskin ekstrim mencapai 4,8% dari total penduduk miskin nasional di level 10,14%.

https://t.co/mJUSJcEBpt","ri dilanda kemiskinan ekstrim, terbanyak jabar amp jatim badan pusat statistik bps mencatat penduduk miskin ekstrim di indonesia. pada , persentase penduduk miskin ekstrim mencapai , dari total penduduk miskin nasional di level , .",0,0,0,0,negative,0.6090096235275269,0.0,0.0,0.6090096235275269
1433248123250479105,2021-09-02 08:59:15+07:00,2021,9,2021-09-02,Nabilla_zhr17,"sedangkan pada triwulan keempat mengalami kontraksi pertumbuhan sebesar 2,19%. Dampak dari menurunnya persentase ekonomi di Indonesia, salah satunya adalah peningkatan angka pengangguran dan penduduk miskin yang disebabkan karena PHK selama masa pandemi Covid-19.","sedangkan pada triwulan keempat mengalami kontraksi pertumbuhan sebesar , . dampak dari menurunnya persentase ekonomi di indonesia, salah satunya adalah peningkatan angka pengangguran dan penduduk miskin yang disebabkan karena phk selama masa pandemi covid .",0,0,0,0,neutral,0.9654433727264404,0.0,0.9654433727264404,0.0
1433231072993562625,2021-09-02 07:51:30+07:00,2021,9,2021-09-02,CTasira,"Padahal di tengah kondisi ekonomi Indonesia saat ini, masih banyak hal yang membutuhkan biaya dan diperhatikan oleh pemerintah. Seperti persentase penduduk miskin per Maret 2021 sebesar 10,1 persen, meningkat dibandingkan Maret 2020.","padahal di tengah kondisi ekonomi indonesia saat ini, masih banyak hal yang membutuhkan biaya dan diperhatikan oleh pemerintah. seperti persentase penduduk miskin per maret sebesar , persen, meningkat dibandingkan maret .",0,0,1,0,negative,0.5240628123283386,0.0,0.0,0.5240628123283386
1449508188538114053,2021-10-17 05:50:57+07:00,2021,10,2021-10-17,republikaonline,"Persentase penduduk miskin Papua pada September 2020 masih di angka 26,80 persen. https://t.co/ZfPkRJTdP7","persentase penduduk miskin papua pada september masih di angka , persen.",0,0,0,2,neutral,0.9778945446014404,0.0,0.9778945446014404,0.0
1448907700805324803,2021-10-15 14:04:49+07:00,2021,10,2021-10-15,GerBangNKRI,"“Pemilihan lima kabupaten ini didasarkan pd indeks kemiskinan ekstrem, yg dihasilkan dr kombinasi persentase penduduk miskin ekstrem dan jumlah penduduk miskin ekstrem menurut kabupaten, bersumber dari data BPS yang dihasilkan melalui SUSENAS Maret 2020 sebagai rujukan utama,”","pemilihan lima kabupaten ini didasarkan pd indeks kemiskinan ekstrem, yg dihasilkan dr kombinasi persentase penduduk miskin ekstrem dan jumlah penduduk miskin ekstrem menurut kabupaten, bersumber dari data bps yang dihasilkan melalui susenas maret sebagai rujukan utama,",1,1,1,1,neutral,0.93260258436203,0.0,0.93260258436203,0.0
1446390742394368003,2021-10-08 15:23:20+07:00,2021,10,2021-10-08,vivtah,"Mohon solusi nya @Pemkot_Sukabumi
Pandemi sangat2 berpengaruh persentase penduduk miskin di Kota Sukabumi pada tahun 2020 tercatat sebesar 7,70 persen Garis kemiskinan atau standar hidup cukup nya juga meningkat sebesar 5,12 persen jadi 
Rp. 547.415
https://t.co/9kkKGlwyZx","mohon solusi nya pandemi sangat2 berpengaruh persentase penduduk miskin di kota sukabumi pada tahun tercatat sebesar , persen garis kemiskinan atau standar hidup cukup nya juga meningkat sebesar , persenjadi rp. .",0,0,1,0,negative,0.6859204173088074,0.0,0.0,0.6859204173088074
1444915323086462982,2021-10-04 13:40:32+07:00,2021,10,2021-10-04,MonevLampung,"Puan; Melalui Revisi UU Otsus Papua, Persentase Penduduk Miskin di Bumi Cenderawasih akan Semakin Berkurang https://t.co/Qyspfa53qp","puan melalui revisi uu otsus papua, persentase penduduk miskin di bumi cenderawasih akan semakinberkurang",0,0,0,0,neutral,0.9435964226722717,0.0,0.9435964226722717,0.0
1465556370023804928,2021-11-30 12:40:41+07:00,2021,11,2021-11-30,WonkEdhyann,"@stanmenfess Kedua, supaya efektif, penerapan AI, ato teknologi apapun itu namanya, baiknya difokuskan dalam kerangka output/outcome apa sih yang pengen dicapai. Targetnya harus jelas. 

Pengen menurunkan persentase penduduk miskin sampai berapa persen ato penurunan prevalensi stunting, misal","kedua, supaya efektif, penerapan ai, ato teknologi apapun itu namanya, baiknya difokuskan dalam kerangka output outcome apa sih yang pengen dicapai. targetnya harus jelas. pengen menurunkan persentase penduduk miskin sampai berapa persen ato penurunan prevalensi stunting, misal",1,0,1,0,positive,0.4629662036895752,0.4629662036895752,0.0,0.0
1462725249783402502,2021-11-22 17:10:50+07:00,2021,11,2021-11-22,alvebg7,"@Yudi_anak_medan @Aqiu15556704 @DefUncle @kangthole81 @musniumar Kenapa yang pasang bendera negara lebih dari 1, rata2 literasinya kurang ya? Harusnya bagus literasinya.
https://t.co/zZbtQb2JS4","kenapa yang pasang bendera negara lebih dari , rata2 literasinya kurang ya harusnya bagus literasinya.",0,0,0,0,negative,0.8922715783119202,0.0,0.0,0.8922715783119202
1462428965495185413,2021-11-21 21:33:30+07:00,2021,11,2021-11-21,TaufiqSobari,"Maksa Otsus berhasil padahal data dari BPS sejak 2007, tingkat kemiskinan Papua/Papua Barat tak pernah beranjak dari urutan terbawah.
https://t.co/sQmK84WbnG","maksa otsus berhasil padahal data dari bps sejak , tingkat kemiskinan papua papua barat tak pernah beranjak dari urutan terbawah.",16,5,1,0,negative,0.7129557728767395,0.0,0.0,0.7129557728767395
1462403929694605313,2021-11-21 19:54:01+07:00,2021,11,2021-11-21,TaufiqSobari,"Masih belum berubah, Papua dan Papua Barat sampai semester I 2021 masih menjadi provinsi dengan tingkat kemiskinan tertinggi.
https://t.co/EvGLsdeUkM https://t.co/phoEtDIWsl","masih belum berubah, papua dan papua barat sampai semester i masih menjadi provinsi dengan tingkat kemiskinan tertinggi.",26,3,2,0,neutral,0.9426237940788269,0.0,0.9426237940788269,0.0
1461192641865912326,2021-11-18 11:40:48+07:00,2021,11,2021-11-18,temanerzaldiro1,"Dari Data Badan Pusat Statistik (BPS) membuktikan bahwa persentase penduduk miskin di Babel periode Maret 2021 menempati urutan ke 4 terendah se-Indonesia, setelah Bali, DKI Jakarta dan Kalimantan Selatan.
#erzaldirosman #bangkabelitung https://t.co/j03jCj6MU2","dari data badan pusat statistik bps membuktikan bahwa persentase penduduk miskin di babel periode maret menempati urutan ke terendah se indonesia, setelah bali, dki jakarta dan kalimantan selatan. erzaldirosman bangkabelitung",0,1,0,1,neutral,0.9688140153884888,0.0,0.9688140153884888,0.0
1461108619898863618,2021-11-18 06:06:55+07:00,2021,11,2021-11-18,Supriya72540457,"Ndoro..
Ngomongin kemiskinan jauh lebih bermanfaat bagi kesejahteraan..
Jangan radikal radikul mulu..
https://t.co/vd36SSX0mT",ndoro.. ngomongin kemiskinan jauh lebih bermanfaat bagi kesejahteraan.. jangan radikal radikul mulu..,0,0,0,0,negative,0.8565927147865295,0.0,0.0,0.8565927147865295
1461108546485903363,2021-11-18 06:06:38+07:00,2021,11,2021-11-18,Supriya72540457,"@ganjarpranowo Ndoro..
Ngomongin kemiskinan jauh lebih bermanfaat bagi kesejahteraan..
Jangan radikal radikul mulu..
https://t.co/vd36SSX0mT",ndoro.. ngomongin kemiskinan jauh lebih bermanfaat bagi kesejahteraan.. jangan radikal radikul mulu..,0,0,0,0,negative,0.8565927147865295,0.0,0.0,0.8565927147865295
1475848487098982406,2021-12-28 22:17:53+07:00,2021,12,2021-12-28,anakdinosaurus,"Menurut BPS, Persentase penduduk miskin pada Maret 2021 sebesar 10,14% (atau 27,54 juta orang), menurun 0,05% (atau 0,01 jt org) terhadap September 2020. Namun jika dibandingkan Maret 2020 awal pandemi terjadi masih mengalami peningkatan 0,36% (atau 1,12 jt org).","menurut bps, persentase penduduk miskin pada maret sebesar , atau , juta orang , menurun , atau , jt org terhadap september . namun jika dibandingkan maret awal pandemi terjadi masih mengalami peningkatan , atau , jt org .",0,0,1,0,neutral,0.8757081627845764,0.0,0.8757081627845764,0.0
1475471780198240257,2021-12-27 21:20:59+07:00,2021,12,2021-12-27,PoniranRan,"Persentase penduduk miskin Balikpapan pada 2021 sebesar 2,89%. Jumlah penduduk miskin ini naik 0,32% dari tahun 2020 lalu. Ini penjelasan Wali Kota... 

https://t.co/SAeyAcCGj2","persentase penduduk miskin balikpapan pada sebesar , . jumlah penduduk miskin ini naik , dari tahun lalu. ini penjelasan wali kota...",0,0,0,0,neutral,0.840603768825531,0.0,0.840603768825531,0.0
1473789213816471554,2021-12-23 05:55:04+07:00,2021,12,2021-12-23,voidotid,"Persentase penduduk miskin di Kota Sawahlunto, Sumatera Barat pada tahun 2021 ditetapkan Badan Pusat Statistik (BPS) sebagai terendah di Indonesia. https://t.co/cCzotpMufB","persentase penduduk miskin di kota sawahlunto, sumatera barat pada tahun ditetapkan badan pusat statistik bps sebagai terendah di indonesia.",1,0,0,0,neutral,0.9169977903366089,0.0,0.9169977903366089,0.0
1473742631452946433,2021-12-23 02:49:58+07:00,2021,12,2021-12-23,atjehbiz,"10 Kabupaten/Kota di Aceh dengan Persentase Penduduk Miskin Tertinggi (Mar 2021)
Sumber : Badan Pusat Statistik (BPS) https://t.co/oK4bNAkh7p",kabupaten kota di aceh dengan persentase penduduk miskin tertinggi mar sumber badan pusat statistik bps,0,2,0,0,neutral,0.9859020709991455,0.0,0.9859020709991455,0.0
1471782223003144193,2021-12-17 17:00:01+07:00,2021,12,2021-12-17,KompasData,Persentase penduduk miskin dan ketimpangan yang rendah di Kalimantan ternyata belum menjamin kualitas kehidupan masyarakatnya menjadi lebih baik. Rencana pemindahan ibu kota ke Kalimantan bisa menjadi katalisator. #LitbangKompas #AdadiKompas https://t.co/CdywkDLzhx,persentase penduduk miskin dan ketimpangan yang rendah di kalimantan ternyata belum menjamin kualitas kehidupan masyarakatnya menjadi lebih baik. rencana pemindahan ibu kota ke kalimantan bisa menjadi katalisator. litbangkompas adadikompas,1,1,0,0,neutral,0.88934725522995,0.0,0.88934725522995,0.0
1471759572834537472,2021-12-17 15:30:00+07:00,2021,12,2021-12-17,hariankompas,"Persentase penduduk miskin dan ketimpangan yang rendah di Kalimantan ternyata belum menjamin kualitas kehidupan masyarakatnya menjadi lebih baik. Rencana pemindahan ibu kota ke Kalimantan bisa menjadi katalisator. #Riset @KompasData #AdadiKompas 

https://t.co/7bGVYgqKbw",persentase penduduk miskin dan ketimpangan yang rendah di kalimantan ternyata belum menjamin kualitas kehidupan masyarakatnya menjadi lebih baik. rencana pemindahan ibu kota ke kalimantan bisa menjadi katalisator. riset adadikompas,0,0,0,0,neutral,0.6813855171203613,0.0,0.6813855171203613,0.0
1476018462564630531,2021-12-29 09:33:19+07:00,2021,12,2021-12-29,adhie_tholha,"Kok ada ya opini kelas menengah seakan2 menderita. Nih data
https://t.co/WyZNakeK3f

Kalo dibil warga miskin dibantu harusnya data itu ga da.",kok ada ya opini kelas menengah seakan2 menderita. nih data kalo dibil warga miskin dibantu harusnya data itu ga da.,1,0,0,0,negative,0.9989356398582458,0.0,0.0,0.9989356398582458
1470347689519120385,2021-12-13 17:59:41+07:00,2021,12,2021-12-13,bpstulangbawang,"Hasil susenas Maret 2021 menujukkan GK mengalami kenaikan dari tahun 2020, sementara itu persentase penduduk miskin mengalami kenaikan. Hal ini dialami semua kab/kot di lampung.
Bagaimana lebih lengkapnya?","hasil susenas maret menujukkan gk mengalami kenaikan dari tahun , sementara itu persentase penduduk miskin mengalami kenaikan. hal ini dialami semua kab kot di lampung. bagaimana lebih lengkapnya",0,0,1,0,neutral,0.9807413220405579,0.0,0.9807413220405579,0.0
1495388545133199363,2022-02-20 20:23:06+07:00,2022,2,2022-02-20,DPDIMMDIY,"Tahun 2020 persentase penduduk miskin di DIY berada pada angka 12,28% (Bappeda DIY, 2020). Angka tersebut lebih tinggi dibandingkan dengan persentase penduduk miskin di Indonesia yaitu 9,78% (BPS, 2020).","tahun persentase penduduk miskin di diy berada pada angka , bappeda diy, . angka tersebut lebih tinggi dibandingkan dengan persentase penduduk miskin di indonesia yaitu , bps, .",0,0,1,0,neutral,0.8459746837615967,0.0,0.8459746837615967,0.0
1494544718964969481,2022-02-18 12:30:02+07:00,2022,2,2022-02-18,databoksid,"Persentase penduduk miskin terbanyak berlatarbelakang lulusan SD (37,74%). Sedangkan, penduduk tidak miskin adalah golongan lulusan SMA (28,7%). 

Selengkapnya:
🔗https://t.co/DVkwAAOjuM

#Databoks #RumahTangga https://t.co/C3c5r000O4","persentase penduduk miskin terbanyak berlatarbelakang lulusan sd , . sedangkan, penduduk tidak miskin adalah golongan lulusan sma , . selengkapnya databoks rumahtangga",0,4,0,0,neutral,0.7662673592567444,0.0,0.7662673592567444,0.0
1493964343494553601,2022-02-16 22:03:50+07:00,2022,2,2022-02-16,nawalamediaid,"Persentase Penduduk Miskin di Sultra September 2021 Naik Menjadi 11,74 Persen https://t.co/V9SCGhIgB5","persentase penduduk miskin di sultra september naik menjadi , persen",0,0,0,0,neutral,0.9955411553382874,0.0,0.9955411553382874,0.0
1493441791072567299,2022-02-15 11:27:24+07:00,2022,2,2022-02-15,ferizandra,"Berita 1 : Waduh...! persentase penduduk miskin di Kota Solo tertinggi di Jawa Tengah...

Berita 2 : Setahun harta bertambah Rp. 4 miliar, Gibran jadi kepala daerah terkaya di Jawa Tengah...

2 kondisi yang sungguh bertolak belakang... 🤔 https://t.co/Yv7PcExDPz","berita waduh... persentase penduduk miskin di kota solo tertinggi di jawa tengah... berita setahun harta bertambah rp. miliar, gibran jadi kepala daerah terkaya di jawa tengah... kondisi yang sungguh bertolak belakang...",48,12,5,2,positive,0.6040282845497131,0.6040282845497131,0.0,0.0
1491573530235785217,2022-02-10 07:43:36+07:00,2022,2,2022-02-10,Mrs_Ulya,"Sayangnya, hingga saat ini masih ditemukan pemerataan ekonomi dan persentase penduduk miskin yang masih cenderung meningkat 📈
@Suharso_M @Jiwamudaindo https://t.co/kVuK1oFMfD","sayangnya, hingga saat ini masih ditemukan pemerataan ekonomi dan persentase penduduk miskin yang masih cenderung meningkat",3,3,1,1,negative,0.6200312972068787,0.0,0.0,0.6200312972068787
1490180961065181187,2022-02-06 11:30:01+07:00,2022,2,2022-02-06,databoksid,"Kalimantan menjadi pulau dengan persentase penduduk miskin terendah di Indonesia pada 2021. Persentasenya sebesar 5,85%. #Databoks  https://t.co/PpvjI8EpaN","kalimantan menjadi pulau dengan persentase penduduk miskin terendah di indonesia pada . persentasenya sebesar , . databoks",0,0,0,0,neutral,0.8834021091461182,0.0,0.8834021091461182,0.0
1489491431450464259,2022-02-04 13:50:05+07:00,2022,2,2022-02-04,databoksid,"Kalimantan menjadi pulau dengan persentase penduduk miskin terendah di Indonesia pada 2021. Persentasenya sebesar 5,85%. #Databoks  https://t.co/PpvjI8EpaN","kalimantan menjadi pulau dengan persentase penduduk miskin terendah di indonesia pada . persentasenya sebesar , . databoks",0,1,0,0,neutral,0.8834021091461182,0.0,0.8834021091461182,0.0
1509048275307016195,2022-03-30 13:02:00+07:00,2022,3,2022-03-30,erin_kali,"Jawa Tengah, Provinsi yang dipimpin oleh Gubernur @ganjarpranowo  ini memiliki persentase penduduk miskin sebesar 11,79 persen pada Maret 2021 dan 11,25 persen di September 2021. 
https://t.co/F83uwHQBqj
#GanjarPencitraan
#GanjarOraKerjo
#GanjarMaraiKere","jawa tengah, provinsi yang dipimpin oleh gubernur ini memiliki persentase penduduk miskin sebesar , persen pada maret dan , persen di september . ganjarpencitraan ganjarorakerjo ganjarmaraikere",0,0,0,0,neutral,0.9907264709472656,0.0,0.9907264709472656,0.0
1506794240827064320,2022-03-24 07:45:16+07:00,2022,3,2022-03-24,padangkitacom,Daerah dengan Persentase Penduduk Miskin Tertinggi dan Terendah di Provinsi Sumbar https://t.co/BuM93pqMEy,daerah dengan persentase penduduk miskin tertinggi dan terendah di provinsi sumbar,0,0,0,0,neutral,0.8208666443824768,0.0,0.8208666443824768,0.0
1506475872844279809,2022-03-23 10:40:11+07:00,2022,3,2022-03-23,_memoryusang,"@benngurionn @atjehsultanate Jika demikian,mengapa Aceh bisa menjadi lima besar provinsi termiskin di Indonesia dgn total persentase penduduk miskin terbesar di Indonesia.","jika demikian,mengapa aceh bisa menjadi lima besar provinsi termiskin di indonesia dgn total persentase penduduk miskin terbesar di indonesia.",5,0,1,0,negative,0.9968886971473694,0.0,0.0,0.9968886971473694
1501867836959965185,2022-03-10 17:29:30+07:00,2022,3,2022-03-10,QodryAmir,"@_ekokuntadhi Ko, bagusan lu bantu Ganjar mengurangi jumlah rakyat miskin di Jateng yg jumlahnya 11,76% dari jumlah penduduk ketimbang ngurusin Anies. Bikin malu aja, masaiya persentase penduduk miskin Jateng hampir 2 x lipat jumlah rata² pendukung miskin Indonesia yg cuma 7,25%. https://t.co/JPF7kXkEs6","ko, bagusan lu bantu ganjar mengurangi jumlah rakyat miskin di jateng yg jumlahnya , dari jumlah penduduk ketimbang ngurusin anies. bikin malu aja, masaiya persentase penduduk miskin jateng hampir x lipat jumlah rata pendukung miskin indonesia yg cuma , .",0,0,0,0,negative,0.9940407872200012,0.0,0.0,0.9940407872200012
1500054073327894534,2022-03-05 17:22:15+07:00,2022,3,2022-03-05,detikfinance,Saat ini Depok menempati urutan ketiga kota dengan persentase penduduk miskin terendah di Indonesia pada 2021. https://t.co/nXQSEzoUBy,saat ini depok menempati urutan ketiga kota dengan persentase penduduk miskin terendah di indonesia pada .,1,0,0,0,neutral,0.9086560606956482,0.0,0.9086560606956482,0.0
1499650988310994945,2022-03-04 14:40:32+07:00,2022,3,2022-03-04,detikfinance,Saat ini Depok menempati urutan ketiga kota dengan persentase penduduk miskin terendah di Indonesia pada 2021. https://t.co/tFErskSP8K,saat ini depok menempati urutan ketiga kota dengan persentase penduduk miskin terendah di indonesia pada .,0,1,0,0,neutral,0.9086560606956482,0.0,0.9086560606956482,0.0
1499650987228815369,2022-03-04 14:40:32+07:00,2022,3,2022-03-04,detikcom,Saat ini Depok menempati urutan ketiga kota dengan persentase penduduk miskin terendah di Indonesia pada 2021.  https://t.co/BYv7kgkbGK,saat ini depok menempati urutan ketiga kota dengan persentase penduduk miskin terendah di indonesia pada .,5,2,2,1,neutral,0.9086560606956482,0.0,0.9086560606956482,0.0
1499306316212355072,2022-03-03 15:50:56+07:00,2022,3,2022-03-03,wjtodaycom,Persentase Jumlah Penduduk Miskin di Depok Terendah Ketiga Nasional https://t.co/yyvJE3x1sY,persentase jumlah penduduk miskin di depok terendah ketiga nasional,0,0,0,0,neutral,0.953713595867157,0.0,0.953713595867157,0.0
1499258266303574016,2022-03-03 12:40:00+07:00,2022,3,2022-03-03,okezonenews,"Persentase jumlah penduduk miskin Kota Depok terendah ketiga di Indonesia yaitu 2,58 persen

https://t.co/kNBmyc1LvO","persentase jumlah penduduk miskin kota depok terendah ketiga di indonesia yaitu , persen",2,0,0,0,neutral,0.7824504971504211,0.0,0.7824504971504211,0.0
1499205256890265611,2022-03-03 09:09:21+07:00,2022,3,2022-03-03,infodepok_id,"Badan Pusat Statistik (BPS) merilis 10 besar kota/kabupaten dengan persentase penduduk miskin terendah di Indonesia. Dari kesepuluh daerah itu, Kota Depok menempati urutan ketiga dengan presentase sebesar 2,58 persen.

Kepala Badan Perencanaan Pembanguna… https://t.co/EnARKrzdTY https://t.co/JYqY0YZqge","badan pusat statistik bps merilis besar kota kabupaten dengan persentase penduduk miskin terendah di indonesia. dari kesepuluh daerah itu, kota depok menempati urutan ketiga dengan presentase sebesar , persen. kepala badan perencanaan pembanguna",0,0,0,0,neutral,0.7640250325202942,0.0,0.7640250325202942,0.0
1499042850427662338,2022-03-02 22:24:01+07:00,2022,3,2022-03-02,republikaonline,"Persentase penduduk miskin Depok 2,58 persen sehingga ada di posisi 3 se-Indonesia https://t.co/htFnLzr0lf","persentase penduduk miskin depok , persen sehingga ada di posisi se indonesia",3,1,0,0,neutral,0.9249787330627441,0.0,0.9249787330627441,0.0
1499017615427219471,2022-03-02 20:43:44+07:00,2022,3,2022-03-02,PinggirTembok,"Kota Depok Menempati Posisi Ketiga Persentase Penduduk Miskin Terendah Se-Indonesia

#infodepok
#depok24jam https://t.co/Wtqz3xybHG",kota depok menempati posisi ketiga persentase penduduk miskin terendah se indonesia infodepok depok24jam,0,0,0,0,neutral,0.9138277769088745,0.0,0.9138277769088745,0.0
1498669626011828226,2022-03-01 21:40:57+07:00,2022,3,2022-03-01,QodryAmir,"@ChusnulCh__ @PDI_Perjuangan Dengan persentase kemiskinan 11,35% itu artinya jumlah orang miskin di Jateng lebih 4 juta jiwa, hampir sama banyak dengan total jumlah penduduk Provinsi Jambi. Mengerikan sekali...","dengan persentase kemiskinan , itu artinya jumlah orang miskin di jateng lebih juta jiwa, hampir sama banyak dengan total jumlah penduduk provinsi jambi. mengerikan sekali...",0,0,0,0,negative,0.9774636626243591,0.0,0.0,0.9774636626243591
1524137927277645824,2022-05-11 04:22:53+07:00,2022,5,2022-05-11,EdLoudy,"@Dennysiregar7 Kalsel menjadi daerah dgn tingkat kemiskinan terendah di Indonesia.
Persentase penduduk miskin yang dicatat BPS di Kalimantan Selatan sebesar 4,5% Kep. Bangka Belitung 4,62%,DKI Jakarta 4,67%, Bali 4,72%,#/JATENG 11,25% dan JATIM 10,59%.
ANIES LBH SUKSES dr GANJAR.","kalsel menjadi daerah dgn tingkat kemiskinan terendah di indonesia. persentase penduduk miskin yang dicatat bps di kalimantan selatan sebesar , kep. bangka belitung , ,dki jakarta , , bali , , jateng , dan jatim , . anies lbh sukses dr ganjar.",1,1,0,0,neutral,0.9149083495140076,0.0,0.9149083495140076,0.0
1522861565640278016,2022-05-07 15:51:05+07:00,2022,5,2022-05-07,abdbasithaljawi,@KetumProDEMnew @ganjarpranowo Standar hidup di masing2 daerah berbeda... Standar hidup di Jakarta ngga ada apa2nya di bandingin New York.. Jadi tingkat kemiskinan ngukurnya bukan dari sini.. Tingkat kemiskinan itu ngukurnya dari persentase penduduk miskin atau rumah tangga miskin... Ngono lho le,standar hidup di masing2 daerah berbeda... standar hidup di jakarta ngga ada apa2nya di bandingin new york.. jadi tingkat kemiskinan ngukurnya bukan dari sini.. tingkat kemiskinan itu ngukurnya dari persentase penduduk miskin atau rumah tangga miskin... ngono lho le,0,0,1,0,negative,0.9939743876457214,0.0,0.0,0.9939743876457214
1541418578171383808,2022-06-27 20:50:01+07:00,2022,6,2022-06-27,utamanewscom,"Di tahun 2021, persentase kemiskinan di Sumut semester I (Maret) 2021 sebesar 9,01% dan menurun ke angka 8,49% di semester II (September). Bila menggunakan data kependudukan BPS 2021 berarti ada sekitar 1.268.079 penduduk miskin di Sumut
 https://t.co/qrrJAgO3Na","di tahun , persentase kemiskinan di sumut semester i maret sebesar , dan menurun ke angka , di semester ii september . bila menggunakan data kependudukan bps berarti ada sekitar .. penduduk miskin di sumut",0,0,0,0,neutral,0.9754637479782104,0.0,0.9754637479782104,0.0
1540290859119382531,2022-06-24 18:08:52+07:00,2022,6,2022-06-24,hariankompas,"Badan Pusat Statistik (BPS) DKI Jakarta melaporkan persentase penduduk miskin DKI Jakarta pada September 2020 kembali meningkat menjadi 4,69 persen atau sekitar 497.000 orang. #Metropolitan #Kompas57
https://t.co/CJwpn0HbGd","badan pusat statistik bps dki jakarta melaporkan persentase penduduk miskin dki jakarta pada september kembali meningkat menjadi , persen atau sekitar . orang. metropolitan kompas57",2,1,0,0,neutral,0.9917186498641968,0.0,0.9917186498641968,0.0
1539648977615740934,2022-06-22 23:38:16+07:00,2022,6,2022-06-22,sigitwid,"Jadi di Pulau Jawa, Jakarta adalah provinsi dengan kenaikan persentase penduduk miskin terbanyak, diikuti Banten, dan Jawa Barat yang angka kemiskinannya naik sangat kecil.

Jawa Tengah, Jawa Timur dan DIY berhasil menurunkan angka kemiskinan meskipun didera Pandemi Covid-19.","jadi di pulau jawa, jakarta adalah provinsi dengan kenaikan persentase penduduk miskin terbanyak, diikuti banten, dan jawa barat yang angka kemiskinannya naik sangat kecil. jawa tengah, jawa timur dan diy berhasil menurunkan angka kemiskinan meskipun didera pandemi covid .",6,3,3,0,positive,0.8398790955543518,0.8398790955543518,0.0,0.0
1539631532134252544,2022-06-22 22:28:56+07:00,2022,6,2022-06-22,RomitsuT,"Lap. BPS Mayoritas penduduk miskin Indonesia berada di Pulau Jawa dgn jumlah mencapai 14,02 juta orang.
Persentase penduduk miskin P.Jawa:

1. Yogyakarta = 11,91%.
2. Jawa Tengah =11,25%.
3. Jawa Timur = 10,59%.
4. Jawa Barat = 7,97%. 
5. Banten = 6,5%, dan
6. DKI Jakarta 4,67%.","lap. bps mayoritas penduduk miskin indonesia berada di pulau jawa dgn jumlah mencapai , juta orang. persentase penduduk miskin p.jawa . yogyakarta , . . jawa tengah , . . jawa timur , . . jawa barat , . . banten , , dan . dki jakarta , .",5,3,3,0,neutral,0.8056103587150574,0.0,0.8056103587150574,0.0
1539596471703851009,2022-06-22 20:09:37+07:00,2022,6,2022-06-22,RidhaIntifadha,"Hal menarik lainnya yang saya temukan gegara diskursus ini adalah cara menghitung persentase penduduk miskin.

Salah satu indikatornya adalah rata-rata pengeluaran per kapita. Lalu saya coba cari data soal pengeluaran per kapita ini. https://t.co/VLMZmBDcjZ",hal menarik lainnya yang saya temukan gegara diskursus ini adalah cara menghitung persentase penduduk miskin. salah satu indikatornya adalah rata rata pengeluaran per kapita. lalu saya coba cari data soal pengeluaran per kapita ini.,2,0,1,0,negative,0.6548909544944763,0.0,0.0,0.6548909544944763
1539537380297715712,2022-06-22 16:14:49+07:00,2022,6,2022-06-22,MasterSifu11,@Mdy_Asmara1701 Udah baca belum? Itu data BPS perbandingan persentase penduduk miskin di daerah Jawa. Ada gak di situ menyebutkan jumlah penduduk miskin khusus DKI dari tahun 2017-2022 ? Ckckckck... Si kontet masih aja bodo. https://t.co/G5m4etPMHe,udah baca belum itu data bps perbandingan persentase penduduk miskin di daerah jawa. ada gak di situ menyebutkan jumlah penduduk miskin khusus dki dari tahun ckckckck... si kontet masih aja bodo.,1,0,1,0,negative,0.998420000076294,0.0,0.0,0.998420000076294
1539518335850717185,2022-06-22 14:59:08+07:00,2022,6,2022-06-22,reza_63,"@DrEvaChaniago Nyang bacot miskin literasi die bisa cuap cuap karna masuk kagak miskin, kurang bersyukur ye? he he he 
BPS :
Persentase penduduk miskin pada September 2021 sebesar 9,71 persen, menurun 0,43 persen poin terhadap Maret 2021 dan menurun 0,48 persen poin terhadap September 2020.","nyang bacot miskin literasi die bisa cuap cuap karna masuk kagak miskin, kurang bersyukur ye he he he bps persentase penduduk miskin pada september sebesar , persen, menurun , persen poin terhadap maret dan menurun , persen poin terhadap september .",0,0,0,0,negative,0.9932025671005249,0.0,0.0,0.9932025671005249
1539455586617524224,2022-06-22 10:49:48+07:00,2022,6,2022-06-22,maulsoh,"Gorengannya benar, bahwa kondisi persentase penduduk miskin Provinsi DKI Jakarta ""kembali ke 15 tahun lalu"", menggunakan data yang valid, yakni bersumber dari BPS @bps_statistics https://t.co/NEI5dvOsNw","gorengannya benar, bahwa kondisi persentase penduduk miskin provinsi dki jakarta kembali ke tahun lalu , menggunakan data yang valid, yakni bersumber dari bps",0,0,1,0,positive,0.5204637050628662,0.5204637050628662,0.0,0.0
1539455572767977472,2022-06-22 10:49:44+07:00,2022,6,2022-06-22,maulsoh,"Data yang valid pun masih bisa menjadi sumber keributan.
Yang terkini adalah data Persentase Penduduk Miskin Provinsi DKI Jakarta.

https://t.co/dEgwKp7Lwx",data yang valid pun masih bisa menjadi sumber keributan. yang terkini adalah data persentase penduduk miskin provinsi dki jakarta.,0,0,1,0,neutral,0.6130751371383667,0.0,0.6130751371383667,0.0
1539438294789787649,2022-06-22 09:41:05+07:00,2022,6,2022-06-22,Halaman1Google_,"@Ma67598404Ma @acehasan76 jelas tertulis akibat pandemi 2 tahun terakhir, data terbaru angka kemiskinan mulai diturunkan Anies, BPS mencatat persentase penduduk miskin berdasarkan provinsi dan daerah pada tahun 2020 Provinsi DKI Jakarta sebesar 4,69 persen dan pada tahun 2021 turun menjadi 4,67 persen.","jelas tertulis akibat pandemi tahun terakhir, data terbaru angka kemiskinan mulai diturunkan anies, bps mencatat persentase penduduk miskin berdasarkan provinsi dan daerah pada tahun provinsi dki jakarta sebesar , persen dan pada tahun turun menjadi , persen.",0,0,1,0,neutral,0.9366568326950073,0.0,0.9366568326950073,0.0
1539068508554010624,2022-06-21 09:11:41+07:00,2022,6,2022-06-21,f1rmanh,"data persentase penduduk miskin per propinsi maret vs september 2021 menurut BPS. dgn tren Rp/USD melesat ke 15000 mungkin tahun 2022 ini kemiskinan justru bertambah, sebab inflasi tinggi harga sembako naik. propinsi kalsel, babel, dki adalah 3 besar kemiskinan terendah. https://t.co/iurZdmdPnn","data persentase penduduk miskin per propinsi maret vs september menurut bps. dgn tren rp usd melesat ke mungkin tahun ini kemiskinan justru bertambah, sebab inflasi tinggi harga sembako naik. propinsi kalsel, babel, dki adalah besar kemiskinan terendah.",0,0,0,0,neutral,0.8200729489326477,0.0,0.8200729489326477,0.0
1538924398731636736,2022-06-20 23:39:03+07:00,2022,6,2022-06-20,kumparan,"Data Bada Pusat Statistik mencatat angka kemiskinan di DKI Jakarta terus meningkat pada 2019-2021. Pada 2021 persentase penduduk miskin di Jakarta ialah 4,72 persen. #kumparanNEWS https://t.co/dZx59LcoTr","data bada pusat statistik mencatat angka kemiskinan di dki jakarta terus meningkat pada . pada persentase penduduk miskin di jakarta ialah , persen. kumparannews",0,0,1,0,neutral,0.9884097576141357,0.0,0.9884097576141357,0.0
1538804575389376512,2022-06-20 15:42:55+07:00,2022,6,2022-06-20,nobi_zen,"Oke kalo tadi ngomongin jumlah. Coba cek terkait persentase warga miskin dibanding jumlah penduduk Jakarta. Bisa diiliat sendiri, persentasenya terus turun tahun 2018 dan 2019 di masa Anies. Naik drastis tahun 2020 dan 2021 ya karena pandemi... https://t.co/kyu8oIvHPN","oke kalo tadi ngomongin jumlah. coba cek terkait persentase warga miskin dibanding jumlah penduduk jakarta. bisa diiliat sendiri, persentasenya terus turun tahun dan di masa anies. naik drastis tahun dan ya karena pandemi...",1,1,1,0,negative,0.9467223882675171,0.0,0.0,0.9467223882675171
1537085797228507137,2022-06-15 21:53:06+07:00,2022,6,2022-06-15,siayi,"Persentase Penduduk Miskin Menurut Provinsi,
Maret 2021 &amp; September 2021
https://t.co/sdJQ9TjSfR https://t.co/hO1UyJEBfk","persentase penduduk miskin menurut provinsi, maret amp september",0,1,0,0,neutral,0.9653969407081604,0.0,0.9653969407081604,0.0
1537083844054384640,2022-06-15 21:45:20+07:00,2022,6,2022-06-15,siayi,"Persentase Penduduk Miskin (P0) Menurut Provinsi dan Daerah 2020-2021
https://t.co/Ld5Ot8JbMv",persentase penduduk miskin p0 menurut provinsi dan daerah,0,0,0,0,neutral,0.977214515209198,0.0,0.977214515209198,0.0
1537072937756688385,2022-06-15 21:02:00+07:00,2022,6,2022-06-15,kondangx,"@M45Broo_ Perbandingan Th.2021 Penduduk Jateng yg miskin 11,25% dari 36,5jt total jml penduduk,  DKI yg miskin 5,05% dari 10jtan total jumlah pnduduk... Pakai logika aja ..persentase nya aja udah beda ..","perbandingan th. penduduk jateng yg miskin , dari ,5jt total jml penduduk, dki yg miskin , dari 10jtan total jumlah pnduduk... pakai logika aja ..persentase nya aja udah beda ..",2,0,0,0,negative,0.9608941674232483,0.0,0.0,0.9608941674232483
1536951119997730818,2022-06-15 12:57:56+07:00,2022,6,2022-06-15,yuana_kusuma,"@ChusnulCh__ @malakmalakmal Awal menjabat 2013 kemiskinan Jateng 14.44%
Akhir perioda I 2017, kemiskinan Jateng 13.01%
Periode II data terakhir 2021, kemiskinan 11.79%. Jadi walaupun dilanda pandemi 2 tahun, persentase penduduk miskin Jateng berkurang, bukan naik 5 kali lipat.","awal menjabat kemiskinan jateng . akhir perioda i , kemiskinan jateng . periode ii data terakhir , kemiskinan . . jadi walaupun dilanda pandemi tahun, persentase penduduk miskin jateng berkurang, bukan naik kali lipat.",6,2,2,0,neutral,0.42969200015068054,0.0,0.42969200015068054,0.0
1536623253619298304,2022-06-14 15:15:07+07:00,2022,6,2022-06-14,purnomowardoyo,"Untuk Pulau Jawa

⬇️

Sebaran Penduduk Miskin di Pulau Jawa

Di Pulau Jawa, penduduk miskin terbanyak berada di Jawa Timur dengan jumlah 4,25 juta orang (persentase penduduk miskin 10,59%).","untuk pulau jawa sebaran penduduk miskin di pulau jawa di pulau jawa, penduduk miskin terbanyak berada di jawa timur dengan jumlah , juta orang persentase penduduk miskin , .",0,0,1,0,neutral,0.5201600193977356,0.0,0.5201600193977356,0.0
1535985053603221504,2022-06-12 20:59:08+07:00,2022,6,2022-06-12,ObiWan_Catnobi,"Kalo definisi provinsi termiskin adalah provinsi dengan persentase penduduk miskin tertinggi, tentu bukan Aceh jawabannya.

Tapi masuk bottom 5 wqwqwq. 15,5% soalnya","kalo definisi provinsi termiskin adalah provinsi dengan persentase penduduk miskin tertinggi, tentu bukan aceh jawabannya. tapi masuk bottom wqwqwq. , soalnya",16,0,0,0,negative,0.8346647024154663,0.0,0.0,0.8346647024154663
1535783669209923584,2022-06-12 07:38:54+07:00,2022,6,2022-06-12,THaripriambodo,@dfirdiansyah1 @AwanParutang @ferrykoto @PKSejahtera Lihat persentase jumlah penduduk miskin. Gitu aja kagak paham.,lihat persentase jumlah penduduk miskin. gitu aja kagak paham.,0,0,1,0,negative,0.9977600574493408,0.0,0.0,0.9977600574493408
1535225074667532288,2022-06-10 18:39:15+07:00,2022,6,2022-06-10,abi_gheitsa,"@orangkisaran @_ekokuntadhi persentase penduduk miskin beberapa provinsi di Indonesia

https://t.co/zYNSHIwgXt",persentase penduduk miskin beberapa provinsi di indonesia,0,0,0,0,neutral,0.9840497374534607,0.0,0.9840497374534607,0.0
1552836674694127616,2022-07-29 09:01:28+07:00,2022,7,2022-07-29,bpsprovbali,"Berdasarkan klasifikasi perkotaan dan perdesaan, persentase penduduk miskin di daerah perkotaan tercatat sebesar 4,23%, sedangkan penduduk miskin di daerah perdesaan tercatat sebesar 5,39%.","berdasarkan klasifikasi perkotaan dan perdesaan, persentase penduduk miskin di daerah perkotaan tercatat sebesar , , sedangkan penduduk miskin di daerah perdesaan tercatat sebesar , .",0,0,1,0,neutral,0.9469462037086487,0.0,0.9469462037086487,0.0
1552296498242600960,2022-07-27 21:15:00+07:00,2022,7,2022-07-27,mtaufiqar,"@mawakresna rasio gini (ukuran/indikator) yg menggambarkan kondisi ketimpangan pendapatan/kesejahteraan warga di Jogja ""konsisten"" tinggi dari tahun ke tahun. fluktuasi skor Indeks Gini masih berkutat di kisaran yg tinggi. Ttg kemiskinan, persentase penduduk miskin di DIY jg ""juara"" se-Jawa. https://t.co/XVAR17TSCU","rasio gini ukuran indikator yg menggambarkan kondisi ketimpangan pendapatan kesejahteraan warga di jogja konsisten tinggi dari tahun ke tahun. fluktuasi skor indeks gini masih berkutat di kisaran yg tinggi. ttg kemiskinan, persentase penduduk miskin di diy jg juara se jawa.",36,14,3,0,positive,0.6597114205360413,0.6597114205360413,0.0,0.0
1551748510164611072,2022-07-26 08:57:29+07:00,2022,7,2022-07-26,noormafmz,"Papua masih menjadi wilayah Indonesia yang memiliki angka kemiskinan tinggi. Badan Pusat Statistik (BPS) mencatat persentase penduduk miskin di Papua mengalami peningkatan 0,09% poin, yaitu dari 26,55% pada September 2019 menjadi 26,64% pada Maret 2020.
#MembangunPapua","papua masih menjadi wilayah indonesia yang memiliki angka kemiskinan tinggi. badan pusat statistik bps mencatat persentase penduduk miskin di papua mengalami peningkatan , poin, yaitu dari , pada september menjadi , pada maret . membangunpapua",0,0,0,0,neutral,0.9032654166221619,0.0,0.9032654166221619,0.0
1551187657606463490,2022-07-24 19:48:51+07:00,2022,7,2022-07-24,Maharafitri_ani,Persentase penduduk miskin di Papua menurun. #Papua #DOB #Otsus https://t.co/0ODu4MfZ7i,persentase penduduk miskin di papua menurun. papua dob otsus,0,0,0,0,neutral,0.6202128529548645,0.0,0.6202128529548645,0.0
1548118994128740352,2022-07-16 08:35:05+07:00,2022,7,2022-07-16,Harian_Jogja,"Waduh, Persentase Penduduk Miskin di DIY Lampaui Angka Nasional https://t.co/SZkCZeYBZJ #beritajogja #jogja #jogjaistimewa https://t.co/aE0aZ5mMNW","waduh, persentase penduduk miskin di diy lampaui angka nasional beritajogja jogja jogjaistimewa",1,0,0,0,neutral,0.95941162109375,0.0,0.95941162109375,0.0
1548098640908283904,2022-07-16 07:14:12+07:00,2022,7,2022-07-16,hariankompas,"Dengan persentase penduduk miskin di Bali sebesar 4,57 persen, maka jumlah penduduk miskin di Bali pada Maret 2022 berkurang sekitar 5.780 orang dibandingkan September 2021. Namun angka itu masih lebih tinggi dibandingkan Maret 2021. #AdadiKompas

https://t.co/fcATrVFDCK","dengan persentase penduduk miskin di bali sebesar , persen, maka jumlah penduduk miskin di bali pada maret berkurang sekitar . orang dibandingkan september . namun angka itu masih lebih tinggi dibandingkan maret . adadikompas",3,1,1,0,neutral,0.9694088697433472,0.0,0.9694088697433472,0.0
1547944125823008771,2022-07-15 21:00:13+07:00,2022,7,2022-07-15,tempodotco,"BPS mencatat jumlah penduduk miskin pada Maret 2022 sebanyak 26,16 juta orang.

Persentase penduduk miskin terbanyak di pulau Jawa yaitu 52,96%.

Baca selengkapnya di https://t.co/ZEdgB8P171 https://t.co/PDF666Kn2p","bps mencatat jumlah penduduk miskin pada maret sebanyak , juta orang. persentase penduduk miskin terbanyak di pulau jawa yaitu , . baca selengkapnya di",19,6,12,2,neutral,0.9528098106384277,0.0,0.9528098106384277,0.0
1547940693309784065,2022-07-15 20:46:35+07:00,2022,7,2022-07-15,ivooxid,"Persentase Penduduk Miskin Turun Pada Maret, Menurut BPS https://t.co/ArD4mPo7BH","persentase penduduk miskin turun pada maret, menurut bps",0,0,0,0,neutral,0.9721760749816895,0.0,0.9721760749816895,0.0
1547938954371952640,2022-07-15 20:39:40+07:00,2022,7,2022-07-15,infoacehnet,"Setelah Aceh dengan persentase penduduk miskin sebesar 14,64%, disusul Provinsi Bengkulu 14,62%, Sumatera Selatan 11,90%, Lampung 11,57%, Sumatera Utara 8,42%, Jambi 7,62% dan Riau 6,78%.

https://t.co/esbLuRflaF","setelah aceh dengan persentase penduduk miskin sebesar , , disusul provinsi bengkulu , , sumatera selatan , , lampung , , sumatera utara , , jambi , dan riau , .",0,0,0,0,neutral,0.9679467678070068,0.0,0.9679467678070068,0.0
1547898792531218432,2022-07-15 18:00:05+07:00,2022,7,2022-07-15,VIVAcoid,"Kepala Badan Pusat Statistik (BPS), Margo Yuwono melaporkan, persentase penduduk miskin Indonesia pada Maret 2022 adalah sebesar 9,54 persen. Capaian itu menurun 0,60 persen poin, terhadap Maret 2021.

Selengkapnya : https://t.co/9V6sppoLfd
___
#Vivacoid #Indonesia #Kemiskinan https://t.co/TQHixTcTMz","kepala badan pusat statistik bps , margo yuwono melaporkan, persentase penduduk miskin indonesia pada maret adalah sebesar , persen. capaian itu menurun , persen poin, terhadap maret . selengkapnya ___ vivacoid indonesia kemiskinan",1,1,0,0,neutral,0.9849846363067627,0.0,0.9849846363067627,0.0
1547886203050946561,2022-07-15 17:10:03+07:00,2022,7,2022-07-15,PaltiHutabarat,"Beritanya gaes

Badan Pusat Statistik (BPS) mencatat bahwa persentase penduduk miskin pada Maret 2022 sebesar 9,54 persen atau turun 0,17 persen poin dibandingkan September 2021 dan menurun 0,60 persen poin terhadap Maret 2021.

https://t.co/lJHognEunK","beritanya gaes badan pusat statistik bps mencatat bahwa persentase penduduk miskin pada maret sebesar , persen atau turun , persen poin dibandingkan september dan menurun , persen poin terhadap maret .",6,1,1,0,neutral,0.8746721744537354,0.0,0.8746721744537354,0.0
1547879258743533568,2022-07-15 16:42:28+07:00,2022,7,2022-07-15,bpskalteng,"Persentase penduduk miskin perkotaan pada September 2021 sebesar 5,08 persen, naik menjadi 5,17 persen pada Maret 2022. Sementara persentase penduduk miskin perdesaan pada September 2021 sebesar 5,23 persen, naik menjadi 5,36 persen pada Maret 2022. https://t.co/8Cs5NlyTDS","persentase penduduk miskin perkotaan pada september sebesar , persen, naik menjadi , persen pada maret . sementara persentase penduduk miskin perdesaan pada september sebesar , persen, naik menjadi , persen pada maret .",0,0,1,0,neutral,0.9817323088645935,0.0,0.9817323088645935,0.0
1547862605481402368,2022-07-15 15:36:17+07:00,2022,7,2022-07-15,Media_Asuransi,"Jumlah penduduk miskin di Indonesia menurun baik dari segi persentase maupun angka.
https://t.co/Kb3L9HFkrZ",jumlah penduduk miskin di indonesia menurun baik dari segi persentase maupun angka.,1,0,0,0,neutral,0.6476761698722839,0.0,0.6476761698722839,0.0
1547853992939556864,2022-07-15 15:02:04+07:00,2022,7,2022-07-15,Tribun_Maluku,"BPS : Maret 2022, Persentase Penduduk Miskin Di Maluku Turun #Ekonomi  -  https://t.co/24EM6YQ3X4","bps maret , persentase penduduk miskin di maluku turun ekonomi",0,0,0,0,neutral,0.9850619435310364,0.0,0.9850619435310364,0.0
1547829190132523011,2022-07-15 13:23:30+07:00,2022,7,2022-07-15,bpsprovbali,"Persentase penduduk miskin di Bali pada Maret 2022 sebesar 4,57%. Turun 0,15% poin terhadap September 2021 dan meningkat 0,04% poin terhadap Maret 2021. https://t.co/cPr4vrNCh7","persentase penduduk miskin di bali pada maret sebesar , . turun , poin terhadap september dan meningkat , poin terhadap maret .",0,0,1,0,neutral,0.9646665453910828,0.0,0.9646665453910828,0.0
1547786812684263427,2022-07-15 10:35:07+07:00,2022,7,2022-07-15,alfareno,"#RT @bps_statistics: Persentase penduduk miskin pada Maret 2022 sebesar 9,54 persen, menurun 0,17 persen poin terhadap September 2021 dan menurun 0,60 persen poin terhadap Maret 2021.

#RilisBPS
#Kemiskinan","rt persentase penduduk miskin pada maret sebesar , persen, menurun , persen poin terhadap september dan menurun , persen poin terhadap maret . rilisbps kemiskinan",0,0,0,0,neutral,0.9931597709655762,0.0,0.9931597709655762,0.0
1547784688541900800,2022-07-15 10:26:40+07:00,2022,7,2022-07-15,alfareno,"RT bps_statistics: Persentase penduduk miskin pada Maret 2022 sebesar 9,54 persen, menurun 0,17 persen poin terhadap September 2021 dan menurun 0,60 persen poin terhadap Maret 2021.

#RilisBPS
#Kemiskinan","rt bps_statistics persentase penduduk miskin pada maret sebesar , persen, menurun , persen poin terhadap september dan menurun , persen poin terhadap maret . rilisbps kemiskinan",0,0,0,0,neutral,0.9936251640319824,0.0,0.9936251640319824,0.0
1547778420175544322,2022-07-15 10:01:46+07:00,2022,7,2022-07-15,bps_statistics,"Persentase penduduk miskin pada Maret 2022 sebesar 9,54 persen, menurun 0,17 persen poin terhadap September 2021 dan menurun 0,60 persen poin terhadap Maret 2021.

#RilisBPS
#Kemiskinan","persentase penduduk miskin pada maret sebesar , persen, menurun , persen poin terhadap september dan menurun , persen poin terhadap maret . rilisbps kemiskinan",47,20,16,7,neutral,0.9895702600479126,0.0,0.9895702600479126,0.0
1546136052724707328,2022-07-10 21:15:35+07:00,2022,7,2022-07-10,ginmunth,"@zqhr Terus, sering banget netizen indo  ngolok ngolok keadaan TL saat ini. Gw yang baca aja malu, padahal kalau secara jumlah, orang miskin kita berapa puluh kali dari jumlah penduduk TL, walau secara persentase TL emang memprihatinkan sih.","terus, sering banget netizen indo ngolok ngolok keadaan tl saat ini. gw yang baca aja malu, padahal kalau secara jumlah, orang miskin kita berapa puluh kali dari jumlah penduduk tl, walau secara persentase tl emang memprihatinkan sih.",0,0,1,0,negative,0.9969236254692078,0.0,0.0,0.9969236254692078
1544208646279954432,2022-07-05 13:36:45+07:00,2022,7,2022-07-05,agungza3,@74bidadari @komstiroblak @BTS31193937 @CNNIndonesia Persentase Penduduk miskin Sumbar separonya  persentase Jateng prasaan. 😅 Cek data BPS dulu baru mangap..😁,persentase penduduk miskin sumbar separonya persentase jateng prasaan. cek data bps dulu baru mangap..,0,0,1,0,negative,0.8466717600822449,0.0,0.0,0.8466717600822449
1542905745636999171,2022-07-01 23:19:30+07:00,2022,7,2022-07-01,adepedia,"Tantangan pembangunan provinsi pemekaran sangat berat, terutama Papua Pegunungan dan juga Papua Tengah. 

Kabupaten/kota dengan persentase penduduk miskin tertinggi ngumpul di sini ☹️

https://t.co/Bx9XGMw9qS","tantangan pembangunan provinsi pemekaran sangat berat, terutama papua pegunungan dan juga papua tengah. kabupaten kota dengan persentase penduduk miskin tertinggi ngumpul di sini",19,4,1,0,negative,0.8547603487968445,0.0,0.0,0.8547603487968445
1564861706030813184,2022-08-31 13:24:39+07:00,2022,8,2022-08-31,ObiWan_Catnobi,"Membaca tabel sederhana dg komprehensif saja susah, apalagi disuruh ngitung jumlah &amp; persentase penduduk miskin hdhhhhhhh","membaca tabel sederhana dg komprehensif saja susah, apalagi disuruh ngitung jumlah amp persentase penduduk miskin hdhhhhhhh",10,1,2,0,negative,0.9963356256484985,0.0,0.0,0.9963356256484985
1560110116950618113,2022-08-18 10:43:31+07:00,2022,8,2022-08-18,cips_id,"Data Food Security and Vulnerability Atlas (FSVA) 2021, menunjukkan 74 kabupaten/kota masuk dalam kategori rentan rawan pangan. Penyebabnya yaitu produksi pangan lebih kecil dari kebutuhan, persentase penduduk miskin tinggi, prevalensi stunting tinggi &amp; akses air bersih terbatas. https://t.co/nUdwt3aep1","data food security and vulnerability atlas fsva , menunjukkan kabupaten kota masuk dalam kategori rentan rawan pangan. penyebabnya yaitu produksi pangan lebih kecil dari kebutuhan, persentase penduduk miskin tinggi, prevalensi stunting tinggi amp akses air bersih terbatas.",1,1,1,0,neutral,0.807094931602478,0.0,0.807094931602478,0.0
1559430206598746117,2022-08-16 13:41:48+07:00,2022,8,2022-08-16,fatmagnuscarlsn,@pr0f1tr0n1 @HitamSilit @littlevixen__ @katzedikke Mau data perbandingan apa nih sama Indonesia? GDP per kapita? Peringkat pendidikan? Kesehatan? Persentase penduduk miskin? Pengangguran?,mau data perbandingan apa nih sama indonesia gdp per kapita peringkat pendidikan kesehatan persentase penduduk miskin pengangguran,1,0,2,0,negative,0.9961524605751038,0.0,0.0,0.9961524605751038
1558646361675149312,2022-08-14 09:47:05+07:00,2022,8,2022-08-14,Bravo_munte,@tatakujiyati Memangnya udah hitung persentase penduduk miskin jakarta terhadap total penduduk jakarta ?.🤭,memangnya udah hitung persentase penduduk miskin jakarta terhadap total penduduk jakarta .,3,0,1,0,negative,0.9560835361480713,0.0,0.0,0.9560835361480713
1556889043631104001,2022-08-09 13:24:08+07:00,2022,8,2022-08-09,senyumi4j4,"Waduh, Persentase Penduduk Miskin di DIY Lampaui Angka Nasional https://t.co/sEOCHPR6XO","waduh, persentase penduduk miskin di diy lampaui angka nasional",0,0,0,0,neutral,0.4988461136817932,0.0,0.4988461136817932,0.0
1555427014261481473,2022-08-05 12:34:33+07:00,2022,8,2022-08-05,AHayH_yatt,"@ekowboy2 BELAJAR LAGI baca data. Provinsi termiskin tidak paralel dg jumlah penduduk miskin serta persentase penduduk miskin.
Tingkat pendapatan tidak sama dengan garis kemiskinan.",belajar lagi baca data. provinsi termiskin tidak paralel dg jumlah penduduk miskin serta persentase penduduk miskin. tingkat pendapatan tidak sama dengan garis kemiskinan.,2,0,0,0,negative,0.9810765981674194,0.0,0.0,0.9810765981674194
1572545429753196549,2022-09-21 18:17:01+07:00,2022,9,2022-09-21,smeleketeh,"Sekali2 ngeliatnya dari populasi, jangan persentase rasio mulu. Kalo penduduk Jawa Tengah 10 juta, hampir setegahnya miskin semua.","sekali2 ngeliatnya dari populasi, jangan persentase rasio mulu. kalo penduduk jawa tengah juta, hampir setegahnya miskin semua.",0,0,0,0,negative,0.994513988494873,0.0,0.0,0.994513988494873
1572081334872592386,2022-09-20 11:32:52+07:00,2022,9,2022-09-20,rezalisni,"7 provinsi dengan persentase penduduk miskin terbanyak di Indonesia:

1. Bengkulu 14,88%
2. NTB 14,10%
3. Sumatera Selatan 11,23%
4. Jambi 10,51%
5. DIY 10,56%
6. Aceh 10,31%
7. Jawa Tengah 9,92%

#miskin #indonesia #penduduk @ganjarpranowo https://t.co/nAqOvZwsY2","provinsi dengan persentase penduduk miskin terbanyak di indonesia . bengkulu , . ntb , . sumatera selatan , . jambi , . diy , . aceh , . jawa tengah , miskin indonesia penduduk",0,0,1,0,neutral,0.8838456273078918,0.0,0.8838456273078918,0.0
1572078129329631233,2022-09-20 11:20:08+07:00,2022,9,2022-09-20,kompascom,Jumlah penduduk miskin di Indonesia yakni 26 juta jiwa di mana jumlah penduduk miskin terbesar ada di Jawa dan persentase penduduk miskin di luar jawa https://t.co/kpMU4q3Dvz,jumlah penduduk miskin di indonesia yakni juta jiwa di mana jumlah penduduk miskin terbesar ada di jawa dan persentase penduduk miskin di luar jawa,2,1,1,0,neutral,0.6764960885047913,0.0,0.6764960885047913,0.0
1571451153115934722,2022-09-18 17:48:45+07:00,2022,9,2022-09-18,ohorella_b,"@Gunawanpark @simpatisanPKS @detikcom ayo kita masuk ke wilayah sama2 seuprit, yaitu wilayah kota (Depok itu kota), terlihat dlm screen capture di atas persentase penduduk miskin di depan tdk sampai 3% sdgkan semua kota di Jateng (kota = dipimpin walikota) semua di atas 4% bahkan ada yg 9,4% https://t.co/OJIDto3Qmk","ayo kita masuk ke wilayah sama2 seuprit, yaitu wilayah kota depok itu kota , terlihat dlm screen capture di atas persentase penduduk miskin di depan tdk sampai sdgkan semua kota di jateng kota dipimpin walikota semua di atas bahkan ada yg ,",1,0,1,0,negative,0.8560190200805664,0.0,0.0,0.8560190200805664
1569535672683495431,2022-09-13 10:57:19+07:00,2022,9,2022-09-13,yanpanjie,"Satu cara menurunkan persentase orang miskin.
Tinggal tunggu hasil survei yg menyatakan pasca kenaikan BBM,tingkat kepuasan masyarakat terhadap pemerintah naik &amp; jumlah penduduk “miskin” menurun😎","satu cara menurunkan persentase orang miskin. tinggal tunggu hasil survei yg menyatakan pasca kenaikan bbm,tingkat kepuasan masyarakat terhadap pemerintah naik amp jumlah penduduk miskin menurun",0,0,0,0,negative,0.6249370574951172,0.0,0.0,0.6249370574951172
1569535585039323137,2022-09-13 10:56:58+07:00,2022,9,2022-09-13,yanpanjie,"@SusantoMulyono2 Satu cara menurunkan persentase orang miskin.
Tinggal tunggu hasil survei yg menyatakan pasca kenaikan BBM,tingkat kepuasan masyarakat terhadap pemerintah naik &amp; jumlah penduduk “miskin” menurun😎","satu cara menurunkan persentase orang miskin. tinggal tunggu hasil survei yg menyatakan pasca kenaikan bbm,tingkat kepuasan masyarakat terhadap pemerintah naik amp jumlah penduduk miskin menurun",0,0,0,0,negative,0.6249370574951172,0.0,0.0,0.6249370574951172
1565254554408857606,2022-09-01 15:25:41+07:00,2022,9,2022-09-01,arissetyawan,"""Data BPS menunjukkan jumlah orang miskin dan persentase penduduk miskin di Yogyakarta dari 2013 hingga 2022 tidak mengalami penurunan, lebih buruk dari angka nasional. Ini dibarengi indeks ketimpangan yg meningkat di YK sejak UU Keistimewaan disahkan."" https://t.co/fcBHGXP1ze","data bps menunjukkan jumlah orang miskin dan persentase penduduk miskin di yogyakarta dari hingga tidak mengalami penurunan, lebih buruk dari angka nasional. ini dibarengi indeks ketimpangan yg meningkat di yk sejak uu keistimewaan disahkan.",0,0,0,0,neutral,0.8948306441307068,0.0,0.8948306441307068,0.0
1565220407694835713,2022-09-01 13:10:00+07:00,2022,9,2022-09-01,kepripostcom,"Berdasarkan data yang di keluarkan oleh #BPS (Badan Pusat Statistik) Provinsi Kepulauan Riau, Persentase Penduduk #Miskin di Provinsi Kepulauan Riau pada Maret 2022 sebesar 6,24 persen atau sekitar 151,68 Ribu Jiwa. https://t.co/hl9JFYVr54","berdasarkan data yang di keluarkan oleh bps badan pusat statistik provinsi kepulauan riau, persentase penduduk miskin di provinsi kepulauan riau pada maret sebesar , persen atau sekitar , ribu jiwa.",0,0,0,0,neutral,0.9071199297904968,0.0,0.9071199297904968,0.0
1586622632325095426,2022-10-30 14:34:48+07:00,2022,10,2022-10-30,VastExpanse93,"@nsnsnnqx @itskepinnnn @worksfess Wkwkwk gk bisa lu bikin korelasi UMK vs Jumlah penduduk miskin terus ambil kesimpulan  UMK tinggi gk bikin buruh sejahtera. Dangkal. Berapa sih persentase buruh pabrik di jatim vs jumlah penduduk ? 
Dan justru karna banyak yg dibayar di bawah UMK makanya  susah sejahtera",wkwkwk gk bisa lu bikin korelasi umk vs jumlah penduduk miskin terus ambil kesimpulan umk tinggi gk bikin buruh sejahtera. dangkal. berapa sih persentase buruh pabrik di jatim vs jumlah penduduk dan justru karna banyak yg dibayar di bawah umk makanya susah sejahtera,2,0,2,0,negative,0.9984942674636841,0.0,0.0,0.9984942674636841
1579665267755724800,2022-10-11 09:48:43+07:00,2022,10,2022-10-11,harisfirdaus,"Nderek mangayubagya pelantikan Gubernur dan Wakil Gubernur DIY. 

Sejumlah persoalan yang perlu mendapat perhatian: persentase penduduk miskin tertinggi di Jawa, rasio gini tertinggi se-Indonesia, dan UMR terendah kedua di Indonesia. 

Selengkapnya: https://t.co/KsSuMFMg48 https://t.co/z7gVgsUk8B","nderek mangayubagya pelantikan gubernur dan wakil gubernur diy. sejumlah persoalan yang perlu mendapat perhatian persentase penduduk miskin tertinggi di jawa, rasio gini tertinggi se indonesia, dan umr terendah kedua di indonesia. selengkapnya",26,13,1,0,neutral,0.9934670329093933,0.0,0.9934670329093933,0.0
1576056048309645313,2022-10-01 10:46:58+07:00,2022,10,2022-10-01,marbun_pm,"@bachrum_achmadi Maret 2018 Persentase penduduk miskin Jakarta 3,57%.
- Maret 2019 turun menjd 3,47%.
- Sept 2019 Turun 3,42% 
- Maret 2020 melesat menjd  4,53% 
- Sept 2020 naik menjd 4,69% 
- Maret 2021 naik menjd 4,72%.
- Sept 2021 turun menjd 4,67%.
- Maret 2022 naik menjd 4,69%.","maret persentase penduduk miskin jakarta , . maret turun menjd , . sept turun , maret melesat menjd , sept naik menjd , maret naik menjd , . sept turun menjd , . maret naik menjd , .",5,0,1,0,neutral,0.9755074381828308,0.0,0.9755074381828308,0.0
1597138223540510720,2022-11-28 15:00:00+07:00,2022,11,2022-11-28,NGIndonesia,"Populasi Roma berada di puncak di abad ke-1 SM sampai akhir abad ke-2 M, sekitar 1 juta penduduk. Diperkirakan orang miskin merupakan persentase yang cukup besar dari jumlah tersebut. https://t.co/aBmartaYcZ","populasi roma berada di puncak di abad ke sm sampai akhir abad ke m, sekitar juta penduduk. diperkirakan orang miskin merupakan persentase yang cukup besar dari jumlah tersebut.",3,1,0,0,negative,0.5247304439544678,0.0,0.0,0.5247304439544678
1596094881939992577,2022-11-25 17:54:08+07:00,2022,11,2022-11-25,yanpanjie,"@detikcom Setelah kompor listrik,skrg rice cooker...
Bukan gak mungkin tahun dpn bagi-bagi kulkas gratis.
Alasannya 2:
1.Memastikan surplus listrik @pln_123 terpakai.
2.Mengurangi persentase penduduk miskin versi bps melalui kenaikan daya PLN,meski absurd","setelah kompor listrik,skrg rice cooker... bukan gak mungkin tahun dpn bagi bagi kulkas gratis. alasannya .memastikan surplus listrik terpakai. .mengurangi persentase penduduk miskin versi bps melalui kenaikan daya pln,meski absurd",2,0,0,0,positive,0.955411434173584,0.955411434173584,0.0,0.0
1596094854823833600,2022-11-25 17:54:02+07:00,2022,11,2022-11-25,yanpanjie,"Setelah kompor listrik,skrg rice cooker...
Bukan gak mungkin tahun dpn bagi-bagi kulkas gratis.
Alasannya 2:
1.Memastikan surplus listrik @pln_123 terpakai.
2.Mengurangi persentase penduduk miskin versi bps melalui kenaikan daya PLN,meski absurd","setelah kompor listrik,skrg rice cooker... bukan gak mungkin tahun dpn bagi bagi kulkas gratis. alasannya .memastikan surplus listrik terpakai. .mengurangi persentase penduduk miskin versi bps melalui kenaikan daya pln,meski absurd",0,0,0,0,positive,0.955411434173584,0.955411434173584,0.0,0.0
1593454530137534464,2022-11-18 11:02:19+07:00,2022,11,2022-11-18,kemenkumaceh,"1 Banda Aceh - Meskipun mengalami penurunan, Badan Pusat Statistik (BPS) mencatat selama periode September 2021-Maret 2022, persentase penduduk miskin di Aceh mencapai 14,64 persen.

Kemenkumham Aceh","banda aceh meskipun mengalami penurunan, badan pusat statistik bps mencatat selama periode september maret , persentase penduduk miskin di aceh mencapai , persen. kemenkumham aceh",0,0,1,0,neutral,0.952349841594696,0.0,0.952349841594696,0.0
1589776350222614530,2022-11-08 07:26:33+07:00,2022,11,2022-11-08,mbenk5,"Menurunnya jumlah penduduk miskin perdesaan dari 17,7 juta tahun 2014 menjadi 17,1 juta tahun 2017 dan, adanya penurunan persentase penduduk miskin perdesaan dari 14,09% pada tahun 2015 menjadi 13,93% di tahun 2017. Pencapaian ini akan dapat ditingkatkan lagi di tahun2 mendatang","menurunnya jumlah penduduk miskin perdesaan dari , juta tahun menjadi , juta tahun dan, adanya penurunan persentase penduduk miskin perdesaan dari , pada tahun menjadi , di tahun . pencapaian ini akan dapat ditingkatkan lagi di tahun2 mendatang",0,0,1,0,neutral,0.7621694803237915,0.0,0.7621694803237915,0.0
1589129451342041089,2022-11-06 12:36:00+07:00,2022,11,2022-11-06,cari_cahya,"@k_homb @CutSarina5 Sekali lagi, coba baca data ini baik². Di perkotaan, masih lbh besar persentase penduduk miskin di DIY. DI perdesaan, masih lbh besar persentase penduduk miskin di Jatim. 
Atau sodare punya data lain?

https://t.co/7471kAT9NC","sekali lagi, coba baca data ini baik. di perkotaan, masih lbh besar persentase penduduk miskin di diy. di perdesaan, masih lbh besar persentase penduduk miskin di jatim. atau sodare punya data lain",0,0,0,0,negative,0.9700971841812134,0.0,0.0,0.9700971841812134
1587428510896779266,2022-11-01 19:57:04+07:00,2022,11,2022-11-01,Debus_Banten,"@ChusnulCh__ Persentase penduduk miskin tertinggi di Pulau Jawa Prov Jogja 11.91%, no 2 Jateng 11.25%.","persentase penduduk miskin tertinggi di pulau jawa prov jogja . , no jateng . .",0,0,0,0,neutral,0.9747776389122009,0.0,0.9747776389122009,0.0
1587339260038090752,2022-11-01 14:02:25+07:00,2022,11,2022-11-01,kabildjafar,"@ChusnulCh__ Dari segi jumlah, penduduk miskin Jateng lbh banyak dibanding DKI. Dari segi persentase, persentase pend. miskin Jateng jauh lbh tinggi dibanding DKI. Lalu dari segi apanya Jateng vs DKI, Jateng lebih baik dari DKI? Apa cuma sekedar bacot monolog @ChusnulCh__ ?","dari segi jumlah, penduduk miskin jateng lbh banyak dibanding dki. dari segi persentase, persentase pend. miskin jateng jauh lbh tinggi dibanding dki. lalu dari segi apanya jateng vs dki, jateng lebih baik dari dki apa cuma sekedar bacot monolog",4,2,1,0,negative,0.9532850384712219,0.0,0.0,0.9532850384712219
1606463503673413632,2022-12-24 08:35:20+07:00,2022,12,2022-12-24,Ontowirjobendor,"@UmarHasibuan77 @panca66 Membandingkan Pemerintahan SBY dan Jokowi sangat tidak layak bila pendekatannya dengan survey, biarkan data yg bicara, berupa pertumbuhan ekonomi, rasio utang, realisasi eksport import, persentase penduduk miskin, pengangguran, index demokrasi dll.","membandingkan pemerintahan sby dan jokowi sangat tidak layak bila pendekatannya dengan survey, biarkan data yg bicara, berupa pertumbuhan ekonomi, rasio utang, realisasi eksport import, persentase penduduk miskin, pengangguran, index demokrasi dll.",14,4,0,0,negative,0.9582263827323914,0.0,0.0,0.9582263827323914
1606252226749509633,2022-12-23 18:35:48+07:00,2022,12,2022-12-23,pacmannai,"Gimana caranya persentase penduduk miskin, angka ketimpangan, angka pengangguran, dan indikator-indikator lain terkait kependudukan dikeluarkan setiap tahunnya oleh BPS?

It comes down to SAMPLING!

Why it matters dan apa aja tipe-tipenya? Yuk disimak! https://t.co/wooPbrvcLk","gimana caranya persentase penduduk miskin, angka ketimpangan, angka pengangguran, dan indikator indikator lain terkait kependudukan dikeluarkan setiap tahunnya oleh bps it comes down to sampling why it matters dan apa aja tipe tipenya yuk disimak",461,88,1,7,negative,0.908084511756897,0.0,0.0,0.908084511756897
1605050105631068166,2022-12-20 10:59:00+07:00,2022,12,2022-12-20,golkarpedia,"Indah Putri Indriani Berhasil Tingkatkan IPM Dan Tekan Persentase Penduduk Miskin Di Luwu Utara
#airlanggahartarto #airlanggapemersatu #airlanggauntukindonesia #partaigolkar #golkarpedia #golkarsolid #AirlanggaPresiden
https://t.co/2Z2qkHgXLK",indah putri indriani berhasil tingkatkan ipm dan tekan persentase penduduk miskin di luwu utara airlanggahartarto airlanggapemersatu airlanggauntukindonesia partaigolkar golkarpedia golkarsolid airlanggapresiden,2,6,0,0,neutral,0.9938639402389526,0.0,0.9938639402389526,0.0
1603954554667782144,2022-12-17 10:25:40+07:00,2022,12,2022-12-17,politiknesiacom,"Luwu Utara di Bawah Indah Putri Indriani: IPM Naik, Persentase Penduduk Miskin Turun https://t.co/Wi5gTa5aem","luwu utara di bawah indah putri indriani ipm naik, persentase penduduk miskinturun",9,10,0,0,neutral,0.9781302213668823,0.0,0.9781302213668823,0.0
1602900541364912128,2022-12-14 12:37:24+07:00,2022,12,2022-12-14,moesa_jp02,"BPS Rilis Persentase Penduduk Miskin di Sumut, Terbanyak di Mana Ya? 

https://t.co/BiumypuzGG 
..","bps rilis persentase penduduk miskin di sumut, terbanyak di mana ya ..",3,0,0,0,neutral,0.8302130699157715,0.0,0.8302130699157715,0.0
1602183207004143618,2022-12-12 13:06:58+07:00,2022,12,2022-12-12,ObiWan_Catnobi,"Persentase penduduk miskin di Jateng ini konsisten kedua tertinggi di Pulau Jawa, di bawah DIY","persentase penduduk miskin di jateng ini konsisten kedua tertinggi di pulau jawa, di bawah diy",21,12,1,0,neutral,0.834480345249176,0.0,0.834480345249176,0.0
1600450908613398528,2022-12-07 18:23:26+07:00,2022,12,2022-12-07,IrawanRommi,"Bencana Covid. Pak Anies bisa menekan kenaikan penduduk miskin dari 3,78% menjadi 4,69% di Jakarta. Program bantuan tepat ke masyarakat. Bandingkan persentase tingkat kemiskinan di Indonesia, saat Covid. Dari angka 9,22 % naik menjadi 10,19% sebanyak 2,76 jt jiwa. (Data BPS).","bencana covid. pak anies bisa menekan kenaikan penduduk miskin dari , menjadi , di jakarta. program bantuan tepat ke masyarakat. bandingkan persentase tingkat kemiskinan di indonesia, saat covid. dari angka , naik menjadi , sebanyak , jt jiwa. data bps .",2,0,0,0,positive,0.9669303297996521,0.9669303297996521,0.0,0.0
1600060618249502720,2022-12-06 16:32:33+07:00,2022,12,2022-12-06,Himotherfather_,"@preedicamennt @otongkoil Urutan berdasarkan persentase penduduk miskin terhadap populasi.

1. NTT : 20.9 %
2. Sumatera Selatan : 12.4 %
3. Sumatera Utara : 10.6 %
4. Jawa Tengah : 10.2 %
5. Jawa Timur : 10.1 %
6. Jawa Barat : 8.3 %",urutan berdasarkan persentase penduduk miskin terhadap populasi. . ntt . . sumatera selatan . . sumatera utara . . jawa tengah . . jawa timur . . jawa barat .,0,0,1,0,neutral,0.9398321509361267,0.0,0.9398321509361267,0.0
1598642546582097920,2022-12-02 18:37:39+07:00,2022,12,2022-12-02,supriyadi_sawai,"Adakah yang bisa menjelaskan, angka pertumbuhan ekonomi ini dengan persentase penduduk miskin per kabupaten kota di Malut dimana wilayah-wilayah pertambangan nikel (Haltim dan Halteng) merupakn kabupaten dengan penduduk miskin no 1 dan 2 di Maluku Utara (data BPS 2020-2022).","adakah yang bisa menjelaskan, angka pertumbuhan ekonomi ini dengan persentase penduduk miskin per kabupaten kota di malut dimana wilayah wilayah pertambangan nikel haltim dan halteng merupakn kabupaten dengan penduduk miskin no dan di maluku utara data bps .",0,0,1,0,neutral,0.5638267993927002,0.0,0.5638267993927002,0.0
1598603378828857345,2022-12-02 16:02:00+07:00,2022,12,2022-12-02,bpspklkota,"Jadi penduduk miskin adalah penduduk yang memiliki rata-rata pengeluaran perkapita perbulan dibawah garis kemiskinan.

Persentase penduduk miskin Kota Pekalongan mengalami penurunan dari tahun 2021 yang sebesar 7,59 persen menjadi 7,00 persen pada tahun 2022.","jadi penduduk miskin adalah penduduk yang memiliki rata rata pengeluaran perkapita perbulan dibawah garis kemiskinan. persentase penduduk miskin kota pekalongan mengalami penurunan dari tahun yang sebesar , persen menjadi , persen pada tahun .",0,0,0,0,neutral,0.5157262086868286,0.0,0.5157262086868286,0.0
1598516580144799745,2022-12-02 10:17:06+07:00,2022,12,2022-12-02,kumparan,"Persentase penduduk miskin di Kabupaten Sikka pada tahun 2022 sebesar 12,61 persen, atau mengalami penurunan sebesar 0,74 persen poin terhadap tahun 2021. #publisherstory #florespedia https://t.co/XaiaMl87tN","persentase penduduk miskin di kabupaten sikka pada tahun sebesar , persen, atau mengalami penurunan sebesar , persen poin terhadap tahun . publisherstory florespedia",0,1,0,0,neutral,0.9912102222442627,0.0,0.9912102222442627,0.0
1685819798289338368,2023-07-31 08:08:55+07:00,2023,7,2023-07-31,bpsprovbali,"Badan Pusat Statistik Provinsi Bali merilis publikasi ""LAPORAN BULANAN DATA SOSIAL EKONOMI PROVINSI BALI JULI 2023""

Tahukah #SahabatData
Provinsi Bali tercatat sebagai Provinsi dengan persentase penduduk miskin terendah se-Indonesia periode Maret 2023. https://t.co/u7KDyjLmLc",badan pusat statistik provinsi bali merilis publikasi laporan bulanan data sosial ekonomi provinsi bali juli tahukah sahabatdata provinsi bali tercatat sebagai provinsi dengan persentase penduduk miskin terendah se indonesia periode maret .,0,0,1,0,neutral,0.9894715547561646,0.0,0.9894715547561646,0.0
1685698874646917120,2023-07-31 00:08:25+07:00,2023,7,2023-07-31,g_juaranya,"@_zhyme @ganjarpranowo Tegas dan lugas yg mananya?
Cepat apanya?
Jawa Tengah menjadi provinsi termiskin kedua di Jawa, dengan persentase 10,98 persen dan memiliki 3.858.230 penduduk miskin. Pada September 2022, BPS mencatat garis kemiskinan di Indonesia di angka Rp 535.547 per kapita per bulan. Why..?","tegas dan lugas yg mananya cepat apanya jawa tengah menjadi provinsi termiskin kedua di jawa, dengan persentase , persen dan memiliki .. penduduk miskin. pada september , bps mencatat garis kemiskinan di indonesia di angka rp . per kapita per bulan. why..",0,0,0,0,negative,0.9538745880126953,0.0,0.0,0.9538745880126953
1684491707348582400,2023-07-27 16:11:34+07:00,2023,7,2023-07-27,terkinidotid,"Data BPS, Kabupaten Pangkep dan Jeneponto Masuk Daerah Termiskin di Sulsel: Badan Pusat Statistik Sulawesi Selatan (BPS Sulsel) mencatat persentase penduduk miskin pada Maret 2023 sebesar 8,70 persen atau… #Sulsel #BPS #KabupatenPangkep #Jeneponto  https://t.co/eavGK4OHbS","data bps, kabupaten pangkep dan jeneponto masuk daerah termiskin di sulsel badan pusat statistik sulawesi selatan bps sulsel mencatat persentase penduduk miskin pada maret sebesar , persen atau sulsel bps kabupatenpangkep jeneponto",0,0,0,0,neutral,0.9729659557342529,0.0,0.9729659557342529,0.0
1684125103678980096,2023-07-26 15:54:48+07:00,2023,7,2023-07-26,ariefalqori,"Tweetnya https://t.co/mAvTrGNWrF soal cherry picking persentase penduduk miskin (di bawah Rp20.000/day, harusnya Rp50.000/day), DIHAPUS.

Waduh, ditandai tah ini??","tweetnya soal cherry picking persentase penduduk miskin di bawah rp20. day, harusnya rp50. day , dihapus. waduh, ditandai tah ini",0,0,0,0,negative,0.9969647526741028,0.0,0.0,0.9969647526741028
1683084277997768707,2023-07-23 18:58:56+07:00,2023,7,2023-07-23,JARING_,"Badan Pusat Statistik telah merilis Profil Kemiskinan di Indonesia edisi Maret 2023. Berdasarkan profil tersebut, persentase penduduk miskin di Indonesia pada Maret 2023 adalah 9,36 persen, menurun 0,21 persen dibandingkan dengan September 2022. https://t.co/a4XX1aJ8y8","badan pusat statistik telah merilis profil kemiskinan di indonesia edisi maret . berdasarkan profil tersebut, persentase penduduk miskin di indonesia pada maret adalah , persen, menurun , persen dibandingkan dengan september .",11,4,0,0,neutral,0.9452768564224243,0.0,0.9452768564224243,0.0
1681544915371819011,2023-07-19 13:02:04+07:00,2023,7,2023-07-19,antarabiz,"Persentase penduduk miskin di Malut naik 6,46 persen  https://t.co/mESj5wVKI6","persentase penduduk miskin di malut naik , persen",0,0,0,0,neutral,0.9942008852958679,0.0,0.9942008852958679,0.0
1681505324996657155,2023-07-19 10:24:44+07:00,2023,7,2023-07-19,AwalilRizky,"Jumlah penduduk miskin berkurang 1,35 jt org era 2014-Mar 22 lebih sedikit dari 2004-Mar 12 yang 7,65 jt org. Secara persentase, berkurang 5,29% poin berbanding 1,60% poin. Sebelum pandemi (2004-09 dengan 2014-19):  3,62 jt org dan 2,94 jt org, serta 2,51% poin dengan 1,74% poin. https://t.co/pjji8uvNEB","jumlah penduduk miskin berkurang , jt org era mar lebih sedikit dari mar yang , jt org. secara persentase, berkurang , poin berbanding , poin. sebelum pandemi dengan , jt org dan , jt org, serta , poin dengan , poin.",35,19,3,0,neutral,0.8133493661880493,0.0,0.8133493661880493,0.0
1681484042867449856,2023-07-19 09:00:10+07:00,2023,7,2023-07-19,marho_maxi,"BPS Kembali Rilis Persentase Penduduk Miskin NTT Per-Maret 2023, Turun menjadi 19,96 Persen https://t.co/QLKPxC7LpW","bps kembali rilis persentase penduduk miskin ntt per maret , turun menjadi , persen",0,0,0,0,neutral,0.9866683483123779,0.0,0.9866683483123779,0.0
1681244168994295814,2023-07-18 17:07:00+07:00,2023,7,2023-07-18,Munir_Timur,"Data BPS Maret 2023; kemiskinan masih lebih tinggi dari Pra Pandemi

✅Jumlah Penduduk Miskin pada Maret 2023 sebesar 25,90 juta orang, turun 0,46 juta orang terhadap September 2022 dan turun 0,26 juta orang terhadap Maret 2022.

✅Persentase Penduduk Miskin pada Maret 2023 https://t.co/6Baj0QOoAK","data bps maret kemiskinan masih lebih tinggi dari pra pandemi jumlah penduduk miskin pada maret sebesar , juta orang, turun , juta orang terhadap september dan turun , juta orang terhadap maret . persentase penduduk miskin pada maret",78,39,8,3,neutral,0.6084675192832947,0.0,0.6084675192832947,0.0
1681241183933321218,2023-07-18 16:55:08+07:00,2023,7,2023-07-18,bps_sulbar,"untuk memenuhi kebutuhan dasar makanan dan bukan makanan yang diukur dari sisi pengeluaran. Dengan pendekatan ini, dapat dihitung Headcount Index, yaitu persentase penduduk miskin terhadap total penduduk. https://t.co/2SCfa8kCKU","untuk memenuhi kebutuhan dasar makanan dan bukan makanan yang diukur dari sisi pengeluaran. dengan pendekatan ini, dapat dihitung headcount index, yaitu persentase penduduk miskin terhadap total penduduk.",0,0,1,0,positive,0.5520864129066467,0.5520864129066467,0.0,0.0
1681241145945505794,2023-07-18 16:54:59+07:00,2023,7,2023-07-18,bps_sulbar,"*Pada Maret 2023, Persentase Penduduk Miskin Sulawesi Barat Turun Menjadi 11,49 Persen* 

Hai Sahabat Data!

Persentase penduduk miskin di Provinsi Sulawesi Barat pada Maret 2023 sebesar 11,49 persen atau turun 0,43 persen poin https://t.co/jAxM01REGV","pada maret , persentase penduduk miskin sulawesi barat turun menjadi , persen hai sahabat data persentase penduduk miskin di provinsi sulawesi barat pada maret sebesar , persen atau turun , persen poin",1,0,1,0,neutral,0.9568971395492554,0.0,0.9568971395492554,0.0
1681229632681676801,2023-07-18 16:09:14+07:00,2023,7,2023-07-18,ayovestid,"Badan Pusat Statistik (BPS) mencatat persentase penduduk miskin di Indonesia tercatat sebesar 9,36% atau mencapai 25,9 juta orang. 

Sekretaris Utama BPS Atqo Mardiyanto menyampaikan angka tersebut mengalami penurunan atau lebih rendah bila dibandingkan kondisi September 2022. https://t.co/pha8AyNsLm","badan pusat statistik bps mencatat persentase penduduk miskin di indonesia tercatat sebesar , atau mencapai , juta orang. sekretaris utama bps atqo mardiyanto menyampaikan angka tersebut mengalami penurunan atau lebih rendah bila dibandingkan kondisi september .",0,0,1,0,neutral,0.938916027545929,0.0,0.938916027545929,0.0
1681189822810185730,2023-07-18 13:31:03+07:00,2023,7,2023-07-18,Bisniscom,Berikut daftar lengkap 10 provinsi dengan persentase penduduk miskin tertinggi:,berikut daftar lengkap provinsi dengan persentase penduduk miskin tertinggi,0,0,1,0,neutral,0.9945551156997681,0.0,0.9945551156997681,0.0
1681189814014734338,2023-07-18 13:31:01+07:00,2023,7,2023-07-18,Bisniscom,"Profil Kemiskinan di Indonesia per Maret 2023 dalam rilis BPS persentase penduduk miskin pada Maret 2023 sebesar 9,36 persen, menurun 0,21 persen poin terhadap September 2022 dan menurun 0,18 persen poin terhadap Maret 2022.","profil kemiskinan di indonesia per maret dalam rilis bps persentase penduduk miskin pada maret sebesar , persen, menurun , persen poin terhadap september dan menurun , persen poin terhadap maret .",0,0,1,0,neutral,0.9688416719436646,0.0,0.9688416719436646,0.0
1681189812433465344,2023-07-18 13:31:00+07:00,2023,7,2023-07-18,Bisniscom,Badan Pusat Statistik (BPS) melaporkan terdapat 10 provinsi dengan persentase penduduk miskin tertinggi di Indonesia. Wilayah Indonesia Timur tercatat yang mendominasi.,badan pusat statistik bps melaporkan terdapat provinsi dengan persentase penduduk miskin tertinggi di indonesia. wilayah indonesia timur tercatat yang mendominasi.,0,0,1,0,neutral,0.8897804617881775,0.0,0.8897804617881775,0.0
1681189810759950336,2023-07-18 13:31:00+07:00,2023,7,2023-07-18,Bisniscom,"10 Provinsi dengan Persentase Penduduk Miskin Tertinggi di Indonesia

#threadbisniscom https://t.co/FME55yNWu3",provinsi dengan persentase penduduk miskin tertinggi di indonesia threadbisniscom,15,4,1,0,neutral,0.987285315990448,0.0,0.987285315990448,0.0
1681153963733962752,2023-07-18 11:08:33+07:00,2023,7,2023-07-18,Harian_Jogja,10 Provinsi dengan Persentase Penduduk Miskin Tertinggi #beritajogja #jogja #jogjaistimewa https://t.co/MU4zXBkxxx https://t.co/5eMCoKqnkL,provinsi dengan persentase penduduk miskin tertinggi beritajogja jogja jogjaistimewa,0,0,0,0,neutral,0.9926483035087585,0.0,0.9926483035087585,0.0
1681148884406669312,2023-07-18 10:48:22+07:00,2023,7,2023-07-18,Metro_TV,"Persentase penduduk miskin pada Maret 2023 sebesar 9,36%, menurun 0,21% poin terhadap September 2022 dan menurun 0,18% poin terhadap Maret 2022.
Garis kemiskinan pada Maret 2023 tercatat sebesar Rp550.458 per kapita (bulan).

#gariskemiskinan #beritaekonomi #pendudukmiskin https://t.co/P42HO294FO","persentase penduduk miskin pada maret sebesar , , menurun , poin terhadap september dan menurun , poin terhadap maret . garis kemiskinan pada maret tercatat sebesar rp550. per kapita bulan . gariskemiskinan beritaekonomi pendudukmiskin",11,2,4,0,neutral,0.9414596557617188,0.0,0.9414596557617188,0.0
1681148326874603522,2023-07-18 10:46:10+07:00,2023,7,2023-07-18,cnbcindonesia,"Badan Pusat Statistik (BPS) mencatat jumlah dan persentase penduduk miskin di Provinsi Jawa Tengah terus melandai. Namun, penurunan kemiskinan juga dibayangi melebarnya jurang si kaya dan si miskin.

https://t.co/xk4UJ1wlhH","badan pusat statistik bps mencatat jumlah dan persentase penduduk miskin di provinsi jawa tengahterus melandai. namun, penurunan kemiskinan juga dibayangi melebarnya jurang si kaya dan si miskin.",0,1,2,0,neutral,0.55211341381073,0.0,0.55211341381073,0.0
1681146926409080833,2023-07-18 10:40:36+07:00,2023,7,2023-07-18,gokepricom,"Wilayah Indonesia Timur Mendominasi, Ini 10 Provinsi dengan Persentase Penduduk Miskin Tertinggi https://t.co/JByMPjWbij","wilayah indonesia timur mendominasi, ini provinsi dengan persentase penduduk miskin tertinggi",0,0,0,0,neutral,0.7438958287239075,0.0,0.7438958287239075,0.0
1681128980341198848,2023-07-18 09:29:17+07:00,2023,7,2023-07-18,LintasTerkini,"Maret 2023, Persentase Penduduk Miskin Sulsel Meningkat Menjadi 8,70 Persen https://t.co/8fQKxE597Y https://t.co/7wzYFbWOF8","maret , persentase penduduk miskin sulsel meningkat menjadi , persen",0,0,0,0,neutral,0.9822711944580078,0.0,0.9822711944580078,0.0
1681124798733381632,2023-07-18 09:12:40+07:00,2023,7,2023-07-18,acehsatumedia,"Badan Pusat Statistik (BPS) Aceh mencatat jumlah penduduk miskin di Aceh mengalami penurunan menjadi 806,75 ribu orang atau 14,45%. Persentase itu terendah sejak masa konflik.
https://t.co/Gbc7DR90dE","badan pusat statistik bps aceh mencatat jumlah penduduk miskin di aceh mengalami penurunan menjadi , ribu orang atau , . persentase itu terendah sejak masa konflik.",0,0,0,0,neutral,0.7230294346809387,0.0,0.7230294346809387,0.0
1681112311283728385,2023-07-18 08:23:03+07:00,2023,7,2023-07-18,Bisniscom,10 Provinsi dengan Persentase Penduduk Miskin Tertinggi di Indonesia https://t.co/wozRRIJaI3,provinsi dengan persentase penduduk miskin tertinggi di indonesia,1,0,1,0,neutral,0.8040529489517212,0.0,0.8040529489517212,0.0
1680969476932775936,2023-07-17 22:55:28+07:00,2023,7,2023-07-17,prokaltengdotco,"Maret 2023, BPS Catat Persentase Penduduk Miskin di Kalteng 5,11 Persen https://t.co/1qjvRHt8hJ lewat @prokaltengdotco","maret , bps catat persentase penduduk miskin di kalteng , persen lewat",0,0,0,0,neutral,0.9951606392860413,0.0,0.9951606392860413,0.0
1680947352130166784,2023-07-17 21:27:33+07:00,2023,7,2023-07-17,IDNTimesJogja,Persentase Penduduk Miskin di DIY Masih di Atas Nasional https://t.co/e5UO8qdhIb,persentase penduduk miskin di diy masih di atas nasional,0,1,0,0,neutral,0.8032466769218445,0.0,0.8032466769218445,0.0
1680933483584299008,2023-07-17 20:32:27+07:00,2023,7,2023-07-17,bpsprovbali,"Tahukah #SahabatData
Persentase penduduk miskin di Bali pada Maret 2023 sebesar 4,25%, turun 0,28 persen poin dibandingkan September 2022. https://t.co/l6js5Ndw5t","tahukah sahabatdata persentase penduduk miskin di bali pada maret sebesar , , turun , persen poin dibandingkan september .",0,0,1,0,neutral,0.9750086665153503,0.0,0.9750086665153503,0.0
1680931763688984578,2023-07-17 20:25:37+07:00,2023,7,2023-07-17,depotcepot,"Badan Pusat Statistik menjelaskan, Bali kembali menjadi provinsi dengan tingkat kemiskinan terendah di Indonesia. Pada Maret 2023 tercatat jumlah penduduk miskin 193,78 ribu orang atau secara persentase sebesar 4,25 persen.

Kereen pak Koster... https://t.co/z67ejGyz9P","badan pusat statistik menjelaskan, bali kembali menjadi provinsi dengan tingkat kemiskinan terendah di indonesia. pada maret tercatat jumlah penduduk miskin , ribu orang atau secara persentase sebesar , persen. kereen pak koster...",0,0,0,0,positive,0.5583128333091736,0.5583128333091736,0.0,0.0
1680890228922519552,2023-07-17 17:40:34+07:00,2023,7,2023-07-17,LiputanSbm,"Data Terbaru: Persentase Penduduk Miskin di Kalteng Turun Menjadi 5,11 Persen Pada Maret 2023 https://t.co/xwaAajl2G3","data terbaru persentase penduduk miskin di kalteng turun menjadi , persen pada maret",0,0,0,0,neutral,0.9937692284584045,0.0,0.9937692284584045,0.0
1680876306546982912,2023-07-17 16:45:15+07:00,2023,7,2023-07-17,bps_statistics,"Tingkat Kemiskinan Maret 2023 Tercatat 9,36 Persen

“Persentase penduduk miskin pada Maret 2023 sebesar 9,36 persen, menurun 0,21 persen poin terhadap September 2022 dan menurun 0,18 persen poin terhadap Maret 2022,” ujar Atqo Mardiyanto, Sekretaris Utama BPS... https://t.co/IoQb2ry83r","tingkat kemiskinan maret tercatat , persen persentase penduduk miskin pada maret sebesar , persen, menurun , persen poin terhadap september dan menurun , persen poin terhadap maret , ujar atqo mardiyanto, sekretaris utama bps...",9,3,2,1,neutral,0.9846128225326538,0.0,0.9846128225326538,0.0
1680852800526520320,2023-07-17 15:11:51+07:00,2023,7,2023-07-17,tempodotco,"BPS mencatat seluruh pulau di Indonesia mengalami penurunan persentase penduduk miskin, kecuali Sulawesi. https://t.co/js4JiJt3vL","bps mencatat seluruh pulau di indonesia mengalami penurunan persentase penduduk miskin, kecuali sulawesi.",0,0,0,0,neutral,0.979060173034668,0.0,0.979060173034668,0.0
1697227404346007718,2023-08-31 19:38:40+07:00,2023,8,2023-08-31,babegalak02,@KakekHalal Kalau ada yg miskin 4.180.000 dari jumlah penduduk 50.025.605   di banding jumlah penduduk miskin 3.790.000 dgn Total penduduk 37.032.410 banyakan mana persentase orang miskinnya ... gini aja kok susah ngertinya sih,kalau ada yg miskin .. dari jumlah penduduk .. di banding jumlah penduduk miskin .. dgn total penduduk .. banyakan mana persentase orang miskinnya ... gini aja kok susah ngertinya sih,0,0,0,0,negative,0.9984496831893921,0.0,0.0,0.9984496831893921
1696664525716529286,2023-08-30 06:22:00+07:00,2023,8,2023-08-30,alexanderdrspan,"@FelixSGL1 @strike_bravo_b @truesight88 @PNS_Ababil Tingkat kemiskinan (= persentase penduduk miskin) Kota Bekasi tidak terlalu tinggi, masih di bawah 5%. Memang di kawasan Jabodetabek, paling rendah Depok &amp; Tangsel. Tapi Kota Bekasi masih lbh rendah drpd DKI &amp; Kota Tangerang. https://t.co/tbpDtvKooB","tingkat kemiskinan persentase penduduk miskin kota bekasi tidak terlalu tinggi, masih di bawah . memang di kawasan jabodetabek, paling rendah depok amp tangsel. tapi kota bekasi masih lbh rendah drpd dki amp kota tangerang.",25,6,0,3,positive,0.6552301645278931,0.6552301645278931,0.0,0.0
1693602567463522377,2023-08-21 19:34:52+07:00,2023,8,2023-08-21,KATADATAcoid,"Tak hanya itu, angka kemiskinan di provinsi penghasil nikel meningkat di saat angka kemiskinan di provinsi lainnya menurun.

Berdasarkan Survei Sosial Ekonomi Nasional Maret 2023, persentase penduduk miskin terbesar berada di wilayah Pulau Maluku dan Papua. https://t.co/IfbwrHiDYE","tak hanya itu, angka kemiskinan di provinsi penghasil nikel meningkat di saat angka kemiskinan di provinsi lainnya menurun. berdasarkan survei sosial ekonomi nasional maret , persentase penduduk miskin terbesar berada di wilayah pulau maluku dan papua.",0,1,1,0,neutral,0.8610092997550964,0.0,0.8610092997550964,0.0
1692905143187210647,2023-08-19 21:23:33+07:00,2023,8,2023-08-19,DiskominfoPWK,"Capaian itu sejalan dengan pengentasan kemiskinan yang dilakukan oleh Pemprov Jabar. Menurut data BPS, persentase penduduk miskin di Jawa Barat mengalami penurunan pada Maret 2023. Pada bulan tersebut, persentase penduduk miskin di Jabar ada di angka 7,26% atau 3,89 juta orang.","capaian itu sejalan dengan pengentasan kemiskinan yang dilakukan oleh pemprov jabar. menurut data bps, persentase penduduk miskin di jawa barat mengalami penurunan pada maret . pada bulan tersebut, persentase penduduk miskin di jabar ada di angka , atau , juta orang.",0,0,1,0,neutral,0.6785169243812561,0.0,0.6785169243812561,0.0
1691985405485408551,2023-08-17 08:28:50+07:00,2023,8,2023-08-17,TeguhSudarisman,"@JuniorPrangko @AnggiP11430648 @Chynthia_K Ini yg namanya melacurkan diri dengan statistik. Jumlah &amp; persentase org miskinnya sengaja disembunyikan. Jmlh penduduk miskin Jateng 3,6jt (10%) sedangkan Jkt cuma 500rb (5%). Banyakan mana cur?
https://t.co/lrBOj0LBqK","ini yg namanya melacurkan diri dengan statistik. jumlah amp persentase org miskinnya sengaja disembunyikan. jmlh penduduk miskin jateng ,6jt sedangkan jkt cuma 500rb . banyakan mana cur",0,0,1,0,negative,0.9943773150444031,0.0,0.0,0.9943773150444031
1691728587588878724,2023-08-16 15:28:20+07:00,2023,8,2023-08-16,news_flores,"Floreseditorial.com- Luar biasa! Persentase Penduduk Miskin di Provinsi NTT turun menjadi 20,44 persen

#17AgustusPromedia  #Promedia
#SOCMEDPRENEUR

https://t.co/hV7QKFlWqL","floreseditorial.com luar biasa persentase penduduk miskindi provinsi ntt turunmenjadi , persen 17agustuspromedia promedia socmedpreneur",0,0,0,0,neutral,0.9197261333465576,0.0,0.9197261333465576,0.0
1691550068564996174,2023-08-16 03:38:58+07:00,2023,8,2023-08-16,Debus_Banten,@Miduk17 @Aryprasetyo85 @03__nakula @ch_chotimah2 @DrPullmanrogers @FirzaHusainID @ganjarpranowo @GunRomli @seruanhl @Yuliadi_Mr Gak ngerti ya kalo angka kemiskinan itu adalah persentase jumlah orang miskin dibagi dg jumlah penduduk ? Sono gih belajar lagi,gak ngerti ya kalo angka kemiskinan itu adalah persentase jumlah orang miskin dibagi dg jumlah penduduk sono gih belajar lagi,0,0,0,0,negative,0.9981445074081421,0.0,0.0,0.9981445074081421
1691414068824035328,2023-08-15 18:38:33+07:00,2023,8,2023-08-15,agok_habang,@kasrulsani9 @Miduk17 @Aryprasetyo85 @03__nakula @ch_chotimah2 @DrPullmanrogers @FirzaHusainID @ganjarpranowo @GunRomli @seruanhl @Yuliadi_Mr Kalau penduduk salah satu provinsi jumlah penduduk miskin nya 700 ribu terus yang miskin 700 ribu orang kalau di bandingkan dgn jateng mana yang provinsi yang paling miskin di lihat persentase nya.,kalau penduduk salah satu provinsi jumlah penduduk miskin nya ribu terus yang miskin ribu orang kalau di bandingkan dgn jateng mana yang provinsi yang paling miskin di lihat persentase nya.,0,0,0,0,negative,0.9878857135772705,0.0,0.0,0.9878857135772705
1691413545660153856,2023-08-15 18:36:28+07:00,2023,8,2023-08-15,FBinfauzan,@Miduk17 @Aryprasetyo85 @03__nakula @ch_chotimah2 @DrPullmanrogers @FirzaHusainID @ganjarpranowo @GunRomli @seruanhl @Yuliadi_Mr Dasar bungul ko ga tau persentase penduduk... miskin di Jabar 38xxx dari 40jt lebih penduduk... sedangkan Jateng 37xxx dari jumlah penduduk 28jt lebih...dasar otak SD loe ah...😂😂😂,dasar bungul ko ga tau persentase penduduk... miskin di jabar 38xxx dari 40jt lebih penduduk... sedangkan jateng 37xxx dari jumlah penduduk 28jt lebih...dasar otak sd loe ah...,0,0,0,0,negative,0.9990431666374207,0.0,0.0,0.9990431666374207
1689243612540960769,2023-08-09 18:53:56+07:00,2023,8,2023-08-09,Bisniscom,"Hal yang sama juga terjadi di provinsi yang kaya akan sumber daya alam kota Maluku Utara. Berdasarkan data BPS, persentase penduduk miskin di Maluku Utara tercatat sebesar 6,77 persen pada 2019 dan 6,78 persen pada 2020.","hal yang sama juga terjadi di provinsi yang kaya akan sumber daya alam kota maluku utara. berdasarkan data bps, persentase penduduk miskin di maluku utara tercatat sebesar , persen pada dan , persen pada .",0,0,1,0,neutral,0.45619136095046997,0.0,0.45619136095046997,0.0
1689243607239385088,2023-08-09 18:53:55+07:00,2023,8,2023-08-09,Bisniscom,Berdasarkan data BPS pada 2021 sebagian besar kabupaten di Papua memiliki persentase penduduk miskin sebesar 20 hingga 40 persen. Angka tersebut jauh di bawah rata-rata nasional,berdasarkan data bps pada sebagian besar kabupaten di papua memiliki persentase penduduk miskin sebesar hingga persen. angka tersebut jauh di bawah rata rata nasional,0,0,1,0,neutral,0.8882137537002563,0.0,0.8882137537002563,0.0
1689243602038521856,2023-08-09 18:53:54+07:00,2023,8,2023-08-09,Bisniscom,"Tanah Papua mencatatkan persentase penduduk miskin tertinggi di Indonesia per Maret 2023, sebesar 26,03 persen yang setara dengan 915.150 jiwa.","tanah papua mencatatkan persentase penduduk miskin tertinggi di indonesia per maret , sebesar , persen yang setara dengan . jiwa.",0,0,1,0,neutral,0.920061469078064,0.0,0.920061469078064,0.0
1689136734922244096,2023-08-09 11:49:14+07:00,2023,8,2023-08-09,theprakarsa,"Persentase jumlah penduduk miskin di perdesaan lebih tinggi dibandingkan di perkotaan. Rumah layak, air minum layak, dan bahan bakar memasak menjadi masalah utama kemiskinan multidimensi di perdesaan. ...","persentase jumlah penduduk miskin di perdesaan lebih tinggi dibandingkan di perkotaan. rumah layak, air minum layak, dan bahan bakar memasak menjadi masalah utama kemiskinan multidimensi di perdesaan. ...",0,0,1,0,negative,0.8049760460853577,0.0,0.0,0.8049760460853577
1686971280279601152,2023-08-03 12:24:30+07:00,2023,8,2023-08-03,bpskabpati,"Berdasarkan hasil Susenas Maret 2022, tercatat bahwa persentase penduduk miskin di Kab Pati sebesar 9,33 persen atau turun sebesar 0,08 poin dari posisi Maret 2021 sebesar 10,21 persen. Dari sisi jumlah, penduduk miskin per Maret 2022 turun mnjdi 118,04 ribu jiwa. @bpsprovjateng https://t.co/yi9IPNF66b","berdasarkan hasil susenas maret , tercatat bahwa persentase penduduk miskin di kab pati sebesar , persen atau turun sebesar , poin dari posisi maret sebesar , persen. dari sisi jumlah, penduduk miskin per maret turun mnjdi , ribu jiwa.",1,0,0,0,neutral,0.9776795506477356,0.0,0.9776795506477356,0.0
1686609675817721856,2023-08-02 12:27:37+07:00,2023,8,2023-08-02,suryaa_pratamaa,"280,68 Ribu Penduduk di Jambi Masih Miskin, BPS: Persentase Menurun
 https://t.co/CY6y2gR6UW",", ribu penduduk di jambi masih miskin, bps persentase menurun",0,0,0,0,neutral,0.8020092248916626,0.0,0.8020092248916626,0.0
1686313600749854720,2023-08-01 16:51:07+07:00,2023,8,2023-08-01,jatamnas,"Kendati berstatus wilayah pusat pengolahan nikel dengan pertumbuhan ekonomi yang tinggi, kemiskinan di Sulawesi dan Maluku naik ketika wilayah lain di Indonesia menurun.

Data Profil Kemiskinan di Indonesia Maret 2023 menunjukkan, persentase penduduk miskin di Sulawesi mencapai https://t.co/LNLm58MZ5s","kendati berstatus wilayah pusat pengolahan nikel dengan pertumbuhan ekonomi yang tinggi, kemiskinan di sulawesi dan maluku naik ketika wilayah lain di indonesia menurun. data profil kemiskinan di indonesia maret menunjukkan, persentase penduduk miskin di sulawesi mencapai",16,14,2,0,neutral,0.7741010785102844,0.0,0.7741010785102844,0.0
1707385904145519088,2023-09-28 20:24:55+07:00,2023,9,2023-09-28,WolfgangMathers,"@himawan4578 @GunRomli Sebelum pandemi persentase kemiskinan di Jateng dan DKI secara bertahap mulai menurun. Imbas pandemi COVID-19, progres pengentasan kemiskinan di seluruh Indonesia mengalami kemunduran. Angka kemiskinan absolut dan persentase penduduk miskin naik.","sebelum pandemi persentase kemiskinan di jateng dan dki secara bertahap mulai menurun. imbas pandemi covid , progres pengentasan kemiskinan di seluruh indonesia mengalami kemunduran. angka kemiskinan absolut dan persentase penduduk miskin naik.",0,0,1,0,neutral,0.4136323630809784,0.0,0.4136323630809784,0.0
1705559602702786730,2023-09-23 19:27:51+07:00,2023,9,2023-09-23,_palungmariana,Ketidakcukupan konsumsi pangan ialah persentase penduduk yg tdk mampu memenuhi kebutuhan kesehariannya krn tergolong miskin. https://t.co/Tbfi0uq2jH,ketidakcukupan konsumsi pangan ialah persentase penduduk yg tdk mampu memenuhi kebutuhan kesehariannya krn tergolong miskin.,2,2,1,0,negative,0.8014366626739502,0.0,0.0,0.8014366626739502
1704434946436465016,2023-09-20 16:58:52+07:00,2023,9,2023-09-20,PartaiPrbhn,"@BimoMarselino @RamliRizal Provinsi di Pulau Jawa termiskin kedua adalah Jawa Tengah dengan persentase penduduk miskin mencapai 10,98 persen pada September 2022. Jumlah ini meningkat dari Maret 2022 yang hanya mencapai 10,93 persen.17 Jan 2023","provinsi di pulau jawa termiskin kedua adalah jawa tengah dengan persentase penduduk miskin mencapai , persen pada september . jumlah ini meningkat dari maret yang hanya mencapai , persen. jan",1,0,0,0,neutral,0.7501932382583618,0.0,0.7501932382583618,0.0
1704311976175013989,2023-09-20 08:50:14+07:00,2023,9,2023-09-20,adypiliang,"@Prihati_utami Apakah mba tahu provinsi Jateng, total penduduk miskin sekitar 3,8 jt, persentase penduduk miskinnya 10,77% diatas rata2 Nasional yg 9,36%.
Tingkat penyelesaian pendidikan SLTA 58,7% dibawah rata Nasional 66,1%.
Tlg jelaskan,jk ngurus Jateng saja payah, gimana mau ngurus negara ?","apakah mba tahu provinsi jateng, total penduduk miskin sekitar , jt, persentase penduduk miskinnya , diatas rata2 nasional yg , . tingkat penyelesaian pendidikan slta , dibawah rata nasional , . tlg jelaskan,jk ngurus jateng saja payah, gimana mau ngurus negara",1,0,0,0,negative,0.9773284196853638,0.0,0.0,0.9773284196853638
1704142550175518829,2023-09-19 21:37:00+07:00,2023,9,2023-09-19,mohsen_lbs,"@Bumi_Intanpari @ch_chotimah2 @ganjarpranowo Belum yg ini, Peringkat 2 persentase jumlah penduduk miskin di pulau Jawa. 
Data BPS.
https://t.co/Th71Y6UoUX https://t.co/a7JBUUZUm1","belum yg ini, peringkat persentase jumlah penduduk miskin di pulau jawa. data bps.",0,0,0,0,negative,0.7937497496604919,0.0,0.0,0.7937497496604919
1703797049089720544,2023-09-18 22:44:06+07:00,2023,9,2023-09-18,beritamanado,Ini 3 Daerah dengan Angka Persentase Penduduk Miskin di Sulut Berdasarkan Data BPS - https://t.co/b9gYJweCjd https://t.co/aMERMXHF0U,ini daerah dengan angka persentase penduduk miskin di sulut berdasarkan data bps,0,0,0,0,neutral,0.9897174835205078,0.0,0.9897174835205078,0.0
1703382594258346360,2023-09-17 19:17:12+07:00,2023,9,2023-09-17,adypiliang,"@KompasTV Apakah Nitizen tahu, 3 provinsi dg penduduk miskin terbanya ?
Salah satunya JATENG, 3,8 JT persentase penduduk miskinnya 10,77 % diatas rata2 kemiskinan pddk Indonesia
Pertanyaannya, bgmn logikanya Gub 2 periode ini, 10 th mengubah fakta kemiskinan lambat dan susah payah.","apakah nitizen tahu, provinsi dg penduduk miskin terbanya salah satunya jateng, , jt persentase penduduk miskinnya , diatas rata2 kemiskinan pddk indonesia pertanyaannya, bgmn logikanya gub periode ini, th mengubah fakta kemiskinan lambat dan susah payah.",4,1,1,0,negative,0.9756223559379578,0.0,0.0,0.9756223559379578
1702558908735512973,2023-09-15 12:44:10+07:00,2023,9,2023-09-15,ram_udeng,"@txtdrjkt Kalau diconvert jadi persentase versus jumlah penduduknya gimana? Mosok kayak bandingin jumlah orang miskin Indonesia vs Mali. Ya pasti jumlahnya banyakan Indonesia, tp kalau persentase terhadap jumlah penduduk, belum tentu. 

Jadi data itu belum bisa menjadi informasi (DIKW).","kalau diconvert jadi persentase versus jumlah penduduknya gimana mosok kayak bandingin jumlah orang miskin indonesia vs mali. ya pasti jumlahnya banyakan indonesia, tp kalau persentase terhadap jumlah penduduk, belum tentu. jadi data itu belum bisa menjadi informasi dikw .",0,0,0,0,negative,0.9896067976951599,0.0,0.0,0.9896067976951599
1698877226002059665,2023-09-05 08:54:28+07:00,2023,9,2023-09-05,quintta1217,"BPS merilis data per Maret 2023, persentase penduduk miskin di Jateng turun menjadi 10,77%. Artinya Ganjar Pranowo sukses menurunkan angka kemiskinan di Jawa Tengah dan layak memimpin Indonesia berikutnya 

https://t.co/GO7tsbP1ct https://t.co/qijcAVPEj8","bps merilis data per maret , persentase penduduk miskin di jateng turun menjadi , . artinya ganjar pranowo sukses menurunkan angka kemiskinan di jawa tengah dan layak memimpin indonesia berikutnya",10,8,1,0,positive,0.5479199886322021,0.5479199886322021,0.0,0.0
1698192081897070804,2023-09-03 11:31:57+07:00,2023,9,2023-09-03,ahmadsahlan04,"@Hasbil_Lbs Jangan lupa
Provinsi di Pulau Jawa termiskin kedua adalah Jawa Tengah dengan persentase penduduk miskin mencapai 10,98 persen pada September 2022. Jumlah ini meningkat dari Maret 2022 yang hanya mencapai 10,93 persen","jangan lupa provinsi di pulau jawa termiskin keduaadalah jawa tengah dengan persentase penduduk miskin mencapai , persen pada september . jumlah ini meningkat dari maret yang hanya mencapai , persen",0,0,0,0,negative,0.5427165031433105,0.0,0.0,0.5427165031433105
1698191726308172038,2023-09-03 11:30:33+07:00,2023,9,2023-09-03,ahmadsahlan04,"@bobalvrs 3 periode aja pak sekalian
Provinsi di Pulau Jawa termiskin kedua adalah Jawa Tengah dengan persentase penduduk miskin mencapai 10,98 persen pada September 2022. Jumlah ini meningkat dari Maret 2022 yang hanya mencapai 10,93 persen","periode aja pak sekalian provinsi di pulau jawa termiskin keduaadalah jawa tengah dengan persentase penduduk miskin mencapai , persen pada september . jumlah ini meningkat dari maret yang hanya mencapai , persen",0,0,0,0,negative,0.4782448709011078,0.0,0.0,0.4782448709011078
1698190424173838372,2023-09-03 11:25:22+07:00,2023,9,2023-09-03,ahmadsahlan04,"@Waudira Provinsi di Pulau Jawa termiskin kedua adalah Jawa Tengah dengan persentase penduduk miskin mencapai 10,98 persen pada September 2022. Jumlah ini meningkat dari Maret 2022 yang hanya mencapai 10,93 persen","provinsi di pulau jawa termiskin keduaadalah jawa tengah dengan persentase penduduk miskin mencapai , persen pada september . jumlah ini meningkat dari maret yang hanya mencapai , persen",0,0,0,0,neutral,0.5487735271453857,0.0,0.5487735271453857,0.0
1717747015281742119,2023-10-27 10:36:17+07:00,2023,10,2023-10-27,bpsmadiunkota,"Persentase Penduduk Miskin Kota Madiun mengalami penurunan dari 4,76% dari Maret 2022 menjadi 4,74% pada Maret 2023. https://t.co/b5qLg94F3P","persentase penduduk miskin kota madiun mengalami penurunan dari , dari maret menjadi , pada maret .",0,0,0,0,neutral,0.9532538056373596,0.0,0.9532538056373596,0.0
1714568407918706826,2023-10-18 16:05:38+07:00,2023,10,2023-10-18,mawakresna,"Ini bagian Anies:

Persentase penduduk miskin DKI Jakarta tahun 2016-2022

Sebagai catatan Anies memimpin DKI Jakarta selama 5 tahun. https://t.co/S9GT9CbngA",ini bagian anies persentase penduduk miskin dki jakarta tahun sebagai catatan anies memimpin dki jakarta selama tahun.,2,0,1,0,neutral,0.7737700939178467,0.0,0.7737700939178467,0.0
1714568401333735481,2023-10-18 16:05:36+07:00,2023,10,2023-10-18,mawakresna,"Contohnya gini:

Data persentase penduduk miskin Jawa Tengah tahun 2013-2022 (Semasa Ganjar menjabat)

Sebagai catatan Ganjar memimpin Jawa Tengah selama 10 tahun

*Data setnya bisa didowload https://t.co/e7XBlkb6UZ",contohnya gini data persentase penduduk miskin jawa tengah tahun semasa ganjar menjabat sebagai catatan ganjar memimpin jawa tengah selama tahun data setnya bisa didowload,45,8,1,0,neutral,0.9899076223373413,0.0,0.9899076223373413,0.0
1714338250914218461,2023-10-18 00:51:04+07:00,2023,10,2023-10-18,bpskabblora,"Selain persentase kemiskinan, jumlah penduduk miskin serta indeks kedalaman dan keparahan kemiskinan juga ikut turun lho… 
Untuk informasi lebih lengkapnya #sobatdata bisa lihat di gambar ya… https://t.co/kEjXVSVWf0","selain persentase kemiskinan, jumlah penduduk miskin serta indeks kedalaman dan keparahan kemiskinan juga ikut turun lho untuk informasi lebih lengkapnya sobatdata bisa lihat di gambar ya",0,0,1,0,neutral,0.958928644657135,0.0,0.958928644657135,0.0
1714268523848183963,2023-10-17 20:14:00+07:00,2023,10,2023-10-17,bpskabblora,"Angka kemiskinan ini bersumber dari Survei Sosial Ekonomi Nasional (Susenas) yang dilaksanakan pada bulan Maret 2023.

Persentase penduduk miskin di Kabupaten Blora tahun 2023 adalah 11,49 persen. Angka ini turun 0,04 persen dari tahun 2022.","angka kemiskinan ini bersumber dari survei sosial ekonomi nasional susenas yang dilaksanakan pada bulan maret . persentase penduduk miskin di kabupaten blora tahun adalah , persen. angka ini turun , persen dari tahun .",0,0,1,0,neutral,0.7757087349891663,0.0,0.7757087349891663,0.0
1713492453289066529,2023-10-15 16:50:10+07:00,2023,10,2023-10-15,Harian_Jogja,"Persentase Penduduk Miskin Kota Magelang 6,11% https://t.co/h9jdr7j8sa #beritajogja #jogja #jogjaistimewa https://t.co/J1cr45ZY20","persentase penduduk miskin kota magelang , beritajogja jogja jogjaistimewa",0,0,0,0,neutral,0.9911106824874878,0.0,0.9911106824874878,0.0
1713034547829539180,2023-10-14 10:30:37+07:00,2023,10,2023-10-14,kompascom,"Di Pulau Jawa, Daerah Istimewa Yogyakarta (DIY) menjadi provinsi dengan persentase penduduk miskin tertinggi, yakni 11,04 persen atau 448.470 jiwa. https://t.co/8Dhjt5BuiG","di pulau jawa, daerah istimewa yogyakarta diy menjadi provinsi dengan persentase penduduk miskin tertinggi, yakni , persen atau . jiwa.",7,2,1,0,neutral,0.679185152053833,0.0,0.679185152053833,0.0
1711941200205467949,2023-10-11 10:06:03+07:00,2023,10,2023-10-11,mySnowyku,"@Miduk17 Apakabar 

Provinsi di Pulau Jawa termiskin kedua adalah Jawa Tengah dengan persentase penduduk miskin mencapai 10,98 persen pada September 2022. Jumlah ini meningkat dari Maret 2022 yang hanya mencapai 10,93 persen.17 Jan 2023

https://t.co/wfWCgWyZjR.","apakabar provinsi di pulau jawa termiskin kedua adalah jawa tengah dengan persentase penduduk miskin mencapai , persen pada september . jumlah ini meningkat dari maret yang hanya mencapai , persen. jan",0,0,0,0,neutral,0.9392198324203491,0.0,0.9392198324203491,0.0
1710574944223129813,2023-10-07 15:37:02+07:00,2023,10,2023-10-07,Tepo_Saliro,"@yukitawor @DoankWarto Aja dablongan bangzat lah.. 
Adapun pada saat kepemimpinan Ahok-Djarot, persentase penduduk miskin di DKI Jakarta rata-rata berada di angka 3,7%, yakni pada periode 2014 hingga 2017. Sementara itu, persentase penduduk miskin Ibu Kota tercatat sebesar 4,57% pada 2006","aja dablongan bangzat lah.. adapun pada saat kepemimpinan ahok djarot, persentase penduduk miskin di dki jakarta rata rata berada di angka3, , yakni pada periode hingga . sementara itu, persentase penduduk miskin ibu kota tercatat sebesar , pada",1,0,2,0,positive,0.5608103275299072,0.5608103275299072,0.0,0.0
1708895824288387186,2023-10-03 00:24:48+07:00,2023,10,2023-10-03,esp32indonesia,"@rmol_id Berdasarkan data Badan Pusat Statistik (BPS), persentase penduduk miskin di Kabupaten Kebumen pada tahun 2022 sebesar 16,41 persen 
jauh diatas rata2 nasional 9,5%
dan rata2 pulau jawa 8,6%

warga kebumen kecewa dgn ganjar dan mulai berharap dgn anies .","berdasarkan data badan pusat statistik bps , persentase penduduk miskin di kabupaten kebumen pada tahun sebesar , persen jauh diatas rata2 nasional , dan rata2 pulau jawa , warga kebumen kecewa dgn ganjar dan mulai berharap dgn anies .",0,0,0,0,negative,0.7081542611122131,0.0,0.0,0.7081542611122131
1708886097240187188,2023-10-02 23:46:09+07:00,2023,10,2023-10-02,esp32indonesia,"@OposisiCerdas Berdasarkan data Badan Pusat Statistik (BPS), persentase penduduk miskin di Kabupaten Kebumen pada tahun 2022 sebesar 16,41 persen 
jauh diatas rata2 nasional 9,5%
dan rata2 pulau jawa 8,6%

semoga anies membawa perubahan ke warga kebumen https://t.co/VPMgQLM5tT","berdasarkan data badan pusat statistik bps , persentase penduduk miskin di kabupaten kebumen pada tahun sebesar , persen jauh diatas rata2 nasional , dan rata2 pulau jawa , semoga anies membawa perubahan ke warga kebumen",0,0,0,0,neutral,0.8222570419311523,0.0,0.8222570419311523,0.0
1708879982909690309,2023-10-02 23:21:52+07:00,2023,10,2023-10-02,esp32indonesia,"@LANGKAHANIES @aniesbaswedan @bos_sir @AwalilRizky Berdasarkan data Badan Pusat Statistik (BPS), persentase penduduk miskin di Kabupaten Kebumen pada tahun 2022 sebesar 16,41 persen 
jauh diatas rata2 nasional 9,5%
dan rata2 pulau jawa 8,6%

itulah kenapa orang kebumen tidak lagi berharap pada ganjar lagi.. yg terbukti gagal 10th https://t.co/4izuIz6oOP","berdasarkan data badan pusat statistik bps , persentase penduduk miskin di kabupaten kebumen pada tahun sebesar , persen jauh diatas rata2 nasional , dan rata2 pulau jawa , itulah kenapa orang kebumen tidak lagi berharap pada ganjar lagi.. yg terbukti gagal 10th",0,0,0,0,negative,0.9001614451408386,0.0,0.0,0.9001614451408386
1708669407046799555,2023-10-02 09:25:06+07:00,2023,10,2023-10-02,OrdinaryIMe,"@Lopes89555059 @GunRomli lu ngomong apa? 🤣 Provinsi di Pulau Jawa termiskin kedua adalah Jawa Tengah dengan persentase penduduk miskin mencapai 10,98 persen pada September 2022 &lt;- 1 tahun yg lalu.. Jawa itu brp penduduknya? yg udah 2X Gub aja bahkan gak bisa menaikan significant UMP kok ngomongin buruh","lu ngomong apa provinsi di pulau jawa termiskin kedua adalah jawa tengah dengan persentase penduduk miskin mencapai , persen pada september lt tahun yg lalu.. jawa itu brp penduduknya yg udah 2x gub aja bahkan gak bisa menaikan significant ump kok ngomongin buruh",0,0,1,0,negative,0.9979137778282166,0.0,0.0,0.9979137778282166
1729401854306775505,2023-11-28 14:28:27+07:00,2023,11,2023-11-28,mawakresna,"Ilusi Kesuksesan Gibran
(Opini pribadi, tidak mewakili organisasi mana pun)
Sekitar enam bulan setelah mas @gibran_tweet dilantik jadi Wali Kota Solo, saya melancong ke kota batik itu bersama pacar (sekarang sudah jadi istri). Tujuan kami kulineran. Dari Jakarta naik kereta turun https://t.co/Oa4QwDNBrI","ilusi kesuksesan gibran opini pribadi, tidak mewakili organisasi mana pun sekitar enam bulan setelah mas dilantik jadi wali kota solo, saya melancong ke kota batik itu bersama pacar sekarang sudah jadi istri . tujuan kami kulineran. dari jakarta naik kereta turun",1608,671,139,133,positive,0.6481450200080872,0.6481450200080872,0.0,0.0
1727535551753113630,2023-11-23 10:52:26+07:00,2023,11,2023-11-23,bpkp_ntb,"Hai Sobwas Terdepan,

Data kemiskinan tingkat nasional menunjukkan persentase kenaikan jumlah penduduk miskin pada periode sampai dengan September 2020, sedangkan periode setelahnya sampai dengan Maret 2023 menunjukkan penurunan. Kenaikan tingkat kemiskinan sampai dengan periode https://t.co/0YqP0d1blo","hai sobwas terdepan, data kemiskinan tingkat nasional menunjukkan persentase kenaikan jumlah penduduk miskin pada periode sampai dengan september , sedangkan periode setelahnya sampai dengan maret menunjukkan penurunan. kenaikan tingkat kemiskinan sampai dengan periode",3,0,1,0,neutral,0.9324303865432739,0.0,0.9324303865432739,0.0
1727183208666845397,2023-11-22 11:32:21+07:00,2023,11,2023-11-22,admjurnalpantu1,"Angka Kemiskinan di Kudus pada tahun 2023 tercatat menurun sebesar 0,17 persen. Poin persentase penduduk miskin di Kota Kretek ini ini menjadi 7,24 persen dari 7,41 persen pada tahun 2022.

https://t.co/gT1piLncbi","angka kemiskinan di kudus pada tahun tercatat menurun sebesar , persen. poin persentase penduduk miskin di kota kretek ini ini menjadi , persen dari , persen pada tahun .",0,0,0,0,neutral,0.9196039438247681,0.0,0.9196039438247681,0.0
1726898610078613998,2023-11-21 16:41:27+07:00,2023,11,2023-11-21,t0d1_cool,"@ENJEULL @ganjarpranowo Provinsi di Pulau Jawa termiskin kedua adalah Jawa Tengah dengan persentase penduduk miskin mencapai 10,98 persen pada September 2022. Jumlah ini meningkat dari Maret 2022 yang hanya mencapai 10,93 persen.
Gitu kok mau jd presiden? tambah miskin seluruh rakyat Indonesia!","provinsi di pulau jawa termiskin kedua adalah jawa tengah denganpersentase penduduk miskin mencapai , persen pada september . jumlah ini meningkat dari maret yang hanya mencapai , persen. gitu kok mau jd presiden tambah miskin seluruh rakyat indonesia",0,0,6,0,negative,0.9927489161491394,0.0,0.0,0.9927489161491394
1725703293098246295,2023-11-18 09:31:41+07:00,2023,11,2023-11-18,kompasmuda,"Bengkulu menjadi provinsi dengan persentase penduduk miskin tertinggi kedua di Sumatera setelah Aceh. Kemiskinan yang semestinya bisa diatasi dengan memanfaatkan potensi perikanan di Bengkulu. #Nusantara #AdadiKompas

https://t.co/9ZHPcvLVt9",bengkulu menjadi provinsi dengan persentase penduduk miskin tertinggi kedua di sumatera setelah aceh. kemiskinan yang semestinya bisa diatasi dengan memanfaatkan potensi perikanan di bengkulu. nusantara adadikompas,0,0,0,0,neutral,0.6923221349716187,0.0,0.6923221349716187,0.0
1725701882675355942,2023-11-18 09:26:05+07:00,2023,11,2023-11-18,kompas_urbana,"Bengkulu menjadi provinsi dengan persentase penduduk miskin tertinggi kedua di Sumatera setelah Aceh. Kemiskinan yang semestinya bisa diatasi dengan memanfaatkan potensi perikanan di Bengkulu. #Nusantara #AdadiKompas

https://t.co/jiVPjJrQ5y",bengkulu menjadi provinsi dengan persentase penduduk miskin tertinggi kedua di sumatera setelah aceh. kemiskinan yang semestinya bisa diatasi dengan memanfaatkan potensi perikanan di bengkulu. nusantara adadikompas,0,0,0,0,neutral,0.6923221349716187,0.0,0.6923221349716187,0.0
1725699635983876555,2023-11-18 09:17:09+07:00,2023,11,2023-11-18,hariankompas,"Bengkulu menjadi provinsi dengan persentase penduduk miskin tertinggi kedua di Sumatera setelah Aceh. Kemiskinan yang semestinya bisa diatasi dengan memanfaatkan potensi perikanan di Bengkulu. #Nusantara #AdadiKompas 

 https://t.co/8xh1tketWl",bengkulu menjadi provinsi dengan persentase penduduk miskin tertinggi kedua di sumatera setelah aceh. kemiskinan yang semestinya bisa diatasi dengan memanfaatkan potensi perikanan di bengkulu. nusantara adadikompas,0,1,0,0,neutral,0.6923221349716187,0.0,0.6923221349716187,0.0
1724685921612964136,2023-11-15 14:09:01+07:00,2023,11,2023-11-15,nitisaputra,"Di tengah berbagai persoalan GEOPOLITIK GLOBAL, bangsa Indonesia masih  menghadapi beberapa PERSOALAN POKOK, di antaranya adalah:   

Pertama, KUALITAS SUMBER DAYA MANUSIA INDONESIA. Struktur tenaga kerja Indonesia  tahun 2022 mayoritas atau 56,33% adalah lulusan SMP ke bawah,","di tengah berbagai persoalan geopolitik global, bangsa indonesia masih menghadapi beberapa persoalan pokok, di antaranya adalah pertama, kualitas sumber daya manusia indonesia. struktur tenaga kerja indonesia tahun mayoritas atau , adalah lulusan smp ke bawah,",5,1,0,0,negative,0.5047807693481445,0.0,0.0,0.5047807693481445
1724665352905437620,2023-11-15 12:47:17+07:00,2023,11,2023-11-15,nitisaputra,"Ketiga, STRUKTUR PEREKONOMIAN nasional dan LINGKUNGAN. Meski persentase penduduk miskin terus berkurang hingga hanya 9,36% dari populasi pada Maret 2023. Namun, JEBAKAN KEMISKINAN masih akan terus MENJERAT PENDUDUK bila TIDAK MEMILIKI KESEMPATAN untuk mengubah hidupnya dengan","ketiga, struktur perekonomian nasional dan lingkungan. meski persentase penduduk miskin terus berkurang hingga hanya , dari populasi pada maret . namun, jebakan kemiskinan masih akan terus menjerat penduduk bila tidak memiliki kesempatan untuk mengubah hidupnya dengan",3,0,1,0,negative,0.9050470590591431,0.0,0.0,0.9050470590591431
1724492566102691851,2023-11-15 01:20:41+07:00,2023,11,2023-11-15,nitisaputra,"Ketiga, struktur perekonomian nasional dan lingkungan. Meski persentase penduduk miskin terus berkurang hingga hanya 9,36% dari populasi pada Maret 2023. Namun, JEBAKAN KEMISKINAN masih akan terus MENJERAT PENDUDUK bila tidak memiliki kesempatan  untuk mengubah hidupnya dengan","ketiga, struktur perekonomian nasional dan lingkungan. meski persentase penduduk miskin terus berkurang hingga hanya , dari populasi pada maret . namun, jebakan kemiskinan masih akan terus menjerat penduduk bila tidak memiliki kesempatan untuk mengubah hidupnya dengan",3,1,0,0,negative,0.42922502756118774,0.0,0.0,0.42922502756118774
1724047517988634733,2023-11-13 19:52:14+07:00,2023,11,2023-11-13,Leonita_Lestari,"Sulit bagi Paijo untuk menjatuhkan pilihan kepada mantan Gubernur Jawa Tengah itu pada pilpres 2024 nanti. Sederhana ukuran Paijo adalah kesejahteraan rakyat yang dipimpinnya.

Pernah di suatu saat dulu Paijo sampai harus berdebat panjang lebar hanya untuk sekedar mencari nilai https://t.co/WclgLDY0NZ",sulit bagi paijo untuk menjatuhkan pilihan kepada mantan gubernur jawa tengah itu pada pilpres nanti. sederhana ukuran paijo adalah kesejahteraan rakyat yang dipimpinnya. pernah di suatu saat dulu paijo sampai harus berdebat panjang lebar hanya untuk sekedar mencari nilai,229,91,318,40,positive,0.9222127795219421,0.9222127795219421,0.0,0.0
1723074069116178569,2023-11-11 03:24:05+07:00,2023,11,2023-11-11,DPPBMI,"Ganjar Pranowo dan Mahfud MD, calon presiden dan calon wakil presiden yang berkomitmen, menegaskan perhatian mereka terhadap fakir miskin dan anak telantar sebagai prioritas utama pembangunan. 

Dengan target mengurangi persentase penduduk miskin hingga 2,5 persen pada 2029, https://t.co/GoGHmvz734","ganjar pranowo dan mahfud md, calon presiden dan calon wakil presiden yang berkomitmen, menegaskan perhatian mereka terhadap fakir miskin dan anak telantar sebagai prioritas utama pembangunan. dengan target mengurangi persentase penduduk miskin hingga , persen pada ,",1,0,0,0,neutral,0.9482587575912476,0.0,0.9482587575912476,0.0
1722856500618760472,2023-11-10 12:59:33+07:00,2023,11,2023-11-10,mas_aro,@txtfromjogja Ngitung penduduk miskin tu pake persentase bkn pake jumlah.,ngitung penduduk miskin tu pake persentase bkn pake jumlah.,0,0,0,0,negative,0.9213439226150513,0.0,0.0,0.9213439226150513
1720794382440546788,2023-11-04 20:25:26+07:00,2023,11,2023-11-04,MgmPtmgm,"Kota Solo menjadi kota dengan persentase penduduk paling miskin terbanyak di Jawa Tengah. Berdasarkan data BPS tahun 2022
https://t.co/hQjf01avtg",kota solo menjadi kota dengan persentase penduduk paling miskin terbanyak di jawa tengah. berdasarkan data bps tahun,0,0,0,0,neutral,0.5814720392227173,0.0,0.5814720392227173,0.0
1740610604170457307,2023-12-29 12:48:01+07:00,2023,12,2023-12-29,bpskabwonogiri,"Panular Dinu Satomo, Statistisi Ahli Madya BPS Provinsi Jawa Tengah selaku narasumber pertama, menyampaikan bahwa persentase jumlah penduduk miskin di Kabupaten Wonogiri tahun 2023 memiliki kecenderungan lebih rendah dibandingkan Provinsi Jawa Tengah, yaitu sebesar 10,94 persen.","panular dinu satomo, statistisi ahli madya bps provinsi jawa tengah selaku narasumber pertama, menyampaikan bahwa persentase jumlah penduduk miskin di kabupaten wonogiri tahun memiliki kecenderungan lebih rendah dibandingkan provinsi jawa tengah, yaitu sebesar , persen.",0,0,0,0,neutral,0.9084728956222534,0.0,0.9084728956222534,0.0
1740357898142875946,2023-12-28 20:03:51+07:00,2023,12,2023-12-28,maqdisasha,Peta Persentase Penduduk Miskin &amp; Ketimpangan Ekonomi pada Setiap Provinsi di Indonesia Tahun 2022 https://t.co/dfQreLTv45,peta persentase penduduk miskin amp ketimpangan ekonomi pada setiap provinsi di indonesia tahun,5,2,0,1,neutral,0.8850922584533691,0.0,0.8850922584533691,0.0
1738767711059243061,2023-12-24 10:45:01+07:00,2023,12,2023-12-24,MongabayID,"Sumsel, disebut sebagai lumbung pangan dan energi justru masyarakatnya tercekik kemiskinan. Provinsi ini menempati urutan ke-10 provinsi dengan persentase penduduk miskin terbesar di Indonesia.Kemiskinan di wilayah pertambangan ada di urutan tertinggi. https://t.co/N1Uq1IZOwz https://t.co/wJmuA3h8LO","sumsel, disebut sebagai lumbung pangan dan energi justru masyarakatnya tercekik kemiskinan. provinsi ini menempati urutan ke provinsi dengan persentase penduduk miskin terbesar di indonesia.kemiskinan di wilayah pertambangan ada di urutan tertinggi.",6,2,0,0,negative,0.620638906955719,0.0,0.0,0.620638906955719
1738473494508449966,2023-12-23 15:15:55+07:00,2023,12,2023-12-23,FaGtng,"Gibran dengan pedenya beretorika, seolah-olah Solo dalam kepemimpinannya menjadi kota yang maju dan perekonomiannya tumbuh melesat. 
Faktanya tidak demikian !! 
Tak percaya ??? 
 Cek saja data BPS.

Solo tetap menjadi kota termiskin di bawah kepemimpinan @gibran_tweet dari total https://t.co/btmwl7l1wn","gibran dengan pedenya beretorika, seolah olah solo dalam kepemimpinannya menjadi kota yang maju dan perekonomiannya tumbuh melesat. faktanya tidak demikian tak percaya cek saja data bps. solo tetap menjadi kota termiskin di bawah kepemimpinan dari total",16,13,1,0,negative,0.6421719193458557,0.0,0.0,0.6421719193458557
1738431282269618531,2023-12-23 12:28:10+07:00,2023,12,2023-12-23,aan_muba,"Gibran Melebihi Ekspektasi tapi Problematik, Solo Tetap Jadi Kota Termiskin di Jateng

Retorika Gibran Rakabuming Raka dalam debat cawapres memang melebihi ekspektasi. Ia yang diperkirakan akan mati kutu, bisa 'menghajar' Cak Imin dengan istilah yang kurang familiar: SGIE, yang https://t.co/vXoL8DBasp","gibran melebihi ekspektasi tapi problematik, solo tetap jadi kota termiskindijateng retorika gibran rakabuming raka dalam debat cawapres memang melebihi ekspektasi. ia yang diperkirakan akan mati kutu, bisa menghajar cak imin dengan istilah yang kurang familiar sgie, yang",341,136,59,5,positive,0.8393599390983582,0.8393599390983582,0.0,0.0
1738428062625394971,2023-12-23 12:15:23+07:00,2023,12,2023-12-23,octajo__,"Gibran Melebihi Ekspektasi tapi Problematik, Solo Tetap Jadi Kota Termiskin di Jateng

Retorika Gibran Rakabuming Raka dalam debat cawapres memang melebihi ekspektasi. Ia yang diperkirakan akan mati kutu, bisa 'menghajar' Cak Imin dengan istilah yang kurang familiar : SGIE, yang https://t.co/M35VlAhB4D","gibran melebihi ekspektasi tapi problematik, solo tetap jadi kota termiskindijateng retorika gibran rakabuming raka dalam debat cawapres memang melebihi ekspektasi. ia yang diperkirakan akan mati kutu, bisa menghajar cak imin dengan istilah yang kurang familiar sgie, yang",4,0,0,0,positive,0.8679630756378174,0.8679630756378174,0.0,0.0
1737465621225656374,2023-12-20 20:30:59+07:00,2023,12,2023-12-20,sena_soetta,"Peningkatan jumlah penduduk miskin seiring sejalan dengan persentase penduduk miskin di Kota Medan yang juga meningkat menjadi 8,34% pada 2021 dan 8,07% pada 2022. Padahal, persentase penduduk miskin pada 2020 berada pada 8,01%.","peningkatan jumlah penduduk miskin seiring sejalan dengan persentase penduduk miskin di kota medan yang juga meningkat menjadi , pada dan , pada . padahal, persentase penduduk miskin pada berada pada , .",0,0,1,0,neutral,0.8911679983139038,0.0,0.8911679983139038,0.0
1737463423666200864,2023-12-20 20:22:15+07:00,2023,12,2023-12-20,sena_soetta,"Pemerintah Kota Madiun mampu menekan persentase penduduk miskin menjadi 4,76% pada 2022 dari sebelumnya 5,09% pada 2021 dan 4,98% pada 2020.","pemerintah kota madiun mampu menekan persentase penduduk miskin menjadi , pada dari sebelumnya , pada dan , pada .",0,0,1,0,neutral,0.9785640239715576,0.0,0.9785640239715576,0.0
1737457035590148407,2023-12-20 19:56:52+07:00,2023,12,2023-12-20,BdgBergerakID,"Jika melihat angka riil, jumlah pengangguran Kota Bandung masih di atas 100 ribu jiwa.

Sementara untuk jumlah kemiskinan, Badan Pusat Statistik (BPS) Kota Bandung mencatat persentase penduduk miskin pada Maret 2022 terdapat sebanyak 4,25 persen atau 109.820 orang.","jika melihat angka riil, jumlah pengangguran kota bandung masih di atas ribu jiwa. sementara untuk jumlah kemiskinan, badan pusat statistik bps kota bandung mencatat persentase penduduk miskin pada maret terdapat sebanyak , persen atau . orang.",0,0,1,0,neutral,0.7907804250717163,0.0,0.7907804250717163,0.0
1736916113416655143,2023-12-19 08:07:26+07:00,2023,12,2023-12-19,roysalam,"Prestasi Gubernur Maluku Utara yang di OTT KPK.

Persentase penduduk miskin di Malut naik 6,46 persen  https://t.co/6WYgqP5AeV","prestasi gubernur maluku utara yang di ott kpk. persentase penduduk miskin di malut naik , persen",0,0,0,0,neutral,0.9834028482437134,0.0,0.9834028482437134,0.0
1734883849317048414,2023-12-13 17:31:56+07:00,2023,12,2023-12-13,KUda_niell,"11.Mengutip data Badan Pusat Statistik (BPS), persentase penduduk miskin perkotaan ada 11,74 juta  (7,29 persen). Sementara itu, persentase penduduk miskin perdesaan 14,16 juta (12,22 persen) per Maret 2023. https://t.co/GWCKUj6Gso",".mengutip data badan pusat statistik bps , persentase penduduk miskin perkotaan ada , juta , persen . sementara itu, persentase penduduk miskin perdesaan , juta , persen per maret .",3,0,1,0,neutral,0.9506804943084717,0.0,0.9506804943084717,0.0
1734392344450044245,2023-12-12 08:58:53+07:00,2023,12,2023-12-12,TirtoID,"Gibran juga membawa tren kenaikan pertumbuhan ekonomi di Solo. Menurut BPS Kota Surakarta, ekonomi Solo tumbuh 4,01% (2021) &amp; 6,25% (2022) ini menjadi yang tertinggi selama 7 tahun terakhir.

Persentase penduduk miskin di Solo juga turun dari 9.40% (2021) ke 8,84% (2022).","gibran juga membawa tren kenaikan pertumbuhan ekonomi di solo. menurut bps kota surakarta, ekonomi solo tumbuh , amp , ini menjadi yang tertinggi selama tahun terakhir. persentase penduduk miskin di solo juga turun dari . ke , .",22,3,1,2,neutral,0.628212571144104,0.0,0.628212571144104,0.0
1732468418924921317,2023-12-07 01:33:53+07:00,2023,12,2023-12-07,lightcorql,@ardhitaindaeyo Cariin data persentase penduduk miskin kota malang 10 tahun terakhir,cariin data persentase penduduk miskin kota malang tahun terakhir,0,0,0,0,neutral,0.8623862862586975,0.0,0.8623862862586975,0.0
1731263455062266180,2023-12-03 17:45:47+07:00,2023,12,2023-12-03,rizalyahoo13,"@tagarabak Asumsi yg salah kaprah, mungkin dlm pembangunan jln tol agak lambat, tapi dlm pembangunan yg lain Sumbar nggak' kalah, salah satunya Sumbar termasuk 10 besar persentase penduduk miskin nya paling sedikit....","asumsi yg salah kaprah, mungkin dlm pembangunan jln tol agak lambat, tapi dlm pembangunan yg lain sumbar nggak kalah, salah satunya sumbar termasuk besar persentase penduduk miskin nya paling sedikit....",0,0,1,0,positive,0.6162417531013489,0.6162417531013489,0.0,0.0
1730904676613128701,2023-12-02 18:00:08+07:00,2023,12,2023-12-02,MongabayID,"https://t.co/N1Uq1IZgH1 
Sumsel, disebut sebagai lumbung pangan dan lumbung energi justru masyarakatnya tercekik kemiskinan. Provinsi ini menempati urutan ke-10 provinsi dengan persentase penduduk miskin terbesar di Indonesia https://t.co/dcd1VWJ8dl","sumsel, disebut sebagai lumbung pangan dan lumbung energi justru masyarakatnya tercekik kemiskinan. provinsi ini menempati urutan ke provinsi dengan persentase penduduk miskin terbesar di indonesia",4,2,0,0,negative,0.7320632338523865,0.0,0.0,0.7320632338523865
1745085507208421828,2024-01-10 21:09:41+07:00,2024,1,2024-01-10,zahradara98,"persentase penduduk miskin mencapai sebesar 9,36% atau mencapai 25,9 juta orang(CNBC). Berarti masih bantak rakyat yang membutuhkan bansos tersebut...minimal kasih usulan yang masuk akal lah
#CapresAntiBansos https://t.co/IOFKugti9a","persentase penduduk miskin mencapai sebesar , atau mencapai , juta orang cnbc . berarti masih bantak rakyat yang membutuhkan bansos tersebut...minimal kasih usulan yang masuk akal lah capresantibansos",12,0,5,0,negative,0.38474321365356445,0.0,0.0,0.38474321365356445
1744792267209257464,2024-01-10 01:44:27+07:00,2024,1,2024-01-10,FrontNelayan,"Cara Anies Entaskan Miskin Ekstrem

""Penyumbang terbesar kemiskinan adalah masyarakat yang berada di desa - desa pesisir. Bagaimana cara Anies Baswedan entaskan kemiskinan ekstrem berdasarkan pengalaman Gubernur DKI Jakarta ?."" @aniesbaswedan

Penulis: Rusdianto Samawa, FOURBES","cara anies entaskan miskin ekstrem penyumbang terbesar kemiskinan adalah masyarakat yang berada di desa desa pesisir. bagaimana cara anies baswedan entaskan kemiskinan ekstrem berdasarkan pengalaman gubernur dki jakarta . penulis rusdianto samawa, fourbes",0,0,0,0,negative,0.7178054451942444,0.0,0.0,0.7178054451942444
1742410545259536615,2024-01-03 12:00:21+07:00,2024,1,2024-01-03,databoksid,"Menurut data Badan Pusat Statistik (BPS), persentase anak-anak lebih tinggi dalam struktur penduduk miskin Indonesia pada 2022.

https://t.co/8n58ivD3Wq

#Kemiskinan #Miskin #PendudukMiskin #BPS #Databoks https://t.co/Nv16rDZ4lx","menurut data badan pusat statistik bps , persentase anak anak lebih tinggi dalam struktur penduduk miskin indonesia pada . kemiskinan miskin pendudukmiskin bps databoks",0,2,0,0,negative,0.8442914485931396,0.0,0.0,0.8442914485931396
1817919752066703610,2024-07-29 20:46:58+07:00,2024,7,2024-07-29,bps_kab_rembang,"Persentase penduduk miskin pada Maret 2024 sebesar 14,02 persen, mengalami penurunan 0,15 persen poin dibanding Maret 2023.

Pada Tahun 2024, Jumlah penduduk miskin Jawa Tengah berkurang 87,17 ribu orang dan angka kemiskinannya turun 0,30 persen poin.","persentase penduduk miskin pada maret sebesar , persen, mengalami penurunan , persen poin dibanding maret . pada tahun , jumlah penduduk miskin jawa tengah berkurang , ribu orang dan angka kemiskinannya turun , persen poin.",0,0,0,0,neutral,0.9563015103340149,0.0,0.9563015103340149,0.0
1817214377680138295,2024-07-27 22:04:04+07:00,2024,7,2024-07-27,ngopibareng_id,"Persentase penduduk miskin di wilayah Kabupaten Lumajang turun, dari 8,93 persen pada Maret 2023 menjadi 8,65 persen pada Maret 2024. https://t.co/nsTAV2XNJu #Lumajang","persentase penduduk miskin di wilayah kabupaten lumajang turun, dari , persen pada maret menjadi , persen pada maret . lumajang",0,0,0,0,neutral,0.9864082336425781,0.0,0.9864082336425781,0.0
1817016145112949200,2024-07-27 08:56:22+07:00,2024,7,2024-07-27,IDNTimesSumsel,"Pemerintah Kota Palembang masih menyimpan banyak pekerjaan rumah dalam mengentaskan angka kemiskinan. Apalagi pemerintah pusat menarget setiap wilayah harus menekan persentase warga miskin hingga 1% dari jumlah total penduduk daerah.

#IDNTimesSumsel

https://t.co/OekepkMNnd https://t.co/bWXvdM2Smz",pemerintah kota palembang masih menyimpan banyak pekerjaan rumah dalam mengentaskan angka kemiskinan. apalagi pemerintah pusat menarget setiap wilayah harus menekan persentase warga miskin hingga dari jumlah total penduduk daerah. idntimessumsel,1,1,0,0,neutral,0.8931896686553955,0.0,0.8931896686553955,0.0
1816355556313198595,2024-07-25 13:11:25+07:00,2024,7,2024-07-25,bps_kab_rembang,"Kabupaten Rembang mencatatkan  persentase penduduk miskin atau yang biasa disebut Angka Kemiskinan Maret 2024 sebesar 14,02 persen, turun sebesar 0,15 persen poin dari semula 14,17 persen.","kabupaten rembang mencatatkan persentase penduduk miskin atau yang biasa disebut angka kemiskinan maret sebesar , persen, turun sebesar , persen poin dari semula , persen.",0,0,0,0,neutral,0.9653043746948242,0.0,0.9653043746948242,0.0
1816302985074598291,2024-07-25 09:42:31+07:00,2024,7,2024-07-25,humasprolotim,"Persentase penduduk miskin kabupaten Lombok Timur berdasarkan data BPS pada Maret 2024 turun signifikan 1,12% menjadi 14,51%. Tahun 2023 lalu angka kemiskinan Lotim 15,63%.
https://t.co/k2u2PnN4Bf","persentase penduduk miskin kabupaten lombok timur berdasarkan data bps pada maret turun signifikan , menjadi , . tahun lalu angka kemiskinan lotim , .",0,0,0,0,neutral,0.9660698771476746,0.0,0.9660698771476746,0.0
1816041557583356195,2024-07-24 16:23:42+07:00,2024,7,2024-07-24,BpsSemarang,"Dari hasil Survei Sosial Ekonomi Nasional (Susenas) Maret 2024, jumlah penduduk miskin di Kabupaten Semarang sebanyak 76,87 ribu jiwa. 
Persentase penduduk miskin pada periode ini tercatat sebesar 6,96 persen, menurun 0,21 persen poin jika dibandingkan Maret 2023. https://t.co/7oI9EFFqoL","dari hasil survei sosial ekonomi nasional susenas maret , jumlah penduduk miskin di kabupaten semarang sebanyak , ribu jiwa. persentase penduduk miskin pada periode ini tercatat sebesar , persen, menurun , persen poin jika dibandingkan maret .",0,0,0,0,neutral,0.9569492936134338,0.0,0.9569492936134338,0.0
1815924847635226682,2024-07-24 08:39:56+07:00,2024,7,2024-07-24,datagodatago,"Sahabat Data,

Persentase penduduk miskin Kota Magelang di tahun 2024 (Maret) sebesar 5,94% turun 0,17 persen poin dibandingkan angka di tahun 2023 yang berada di 6,11%. Dengan capaian ini Kota Magelang merupakan wilayah dengan penduduk miskin terendah ke-3 di Jateng. https://t.co/G7JePRwYRz","sahabat data, persentase penduduk miskin kota magelang di tahun maret sebesar , turun , persen poin dibandingkan angka di tahun yang berada di , . dengan capaian ini kota magelang merupakan wilayah dengan penduduk miskin terendah ke di jateng.",0,0,0,0,neutral,0.9320758581161499,0.0,0.9320758581161499,0.0
1815292306444202069,2024-07-22 14:46:27+07:00,2024,7,2024-07-22,PemkabOKUS,"BERHASIL TURUNKAN ANGKA KEMISIKINAN MENCAPAI 1 DIGIT DI TAHUN 2024, BUPATI TARGETKAN HILANGKAN PERSENTASE PENDUDUK MISKIN EKSTREM https://t.co/1szEoLCokB","berhasil turunkan angka kemisikinan mencapai digit di tahun , bupati targetkan hilangkan persentase penduduk miskin ekstrem",0,0,0,0,neutral,0.9747257828712463,0.0,0.9747257828712463,0.0
1814609729651630179,2024-07-20 17:34:08+07:00,2024,7,2024-07-20,xdharmawigunax,"@LokalPendaki WAH WAH WAH  tingkat kepuasan ke pemerintahan 75% ,persentase penduduk miskin pada menurun 9,03 persen pada 2024 , Gini ratio masih 0,379

Rakyat pasti Sejahtera donggg ,ga mungkin terjadi ini","wah wah wah tingkat kepuasan ke pemerintahan ,persentase penduduk miskin pada menurun , persen pada , gini ratio masih , rakyat pasti sejahtera donggg ,ga mungkin terjadi ini",0,0,0,0,positive,0.792959988117218,0.792959988117218,0.0,0.0
1814472596425265597,2024-07-20 08:29:12+07:00,2024,7,2024-07-20,bps_kab_rembang,"Halo #SahabatData,

Tahukah kalian apa makna persentase penduduk miskin Kabupaten Rembang tahun 2023 sebesar 14,17%? Darimanakah angka persentase penduduk niskin didapatkan?
Nah lewat videografi kali ini, https://t.co/wCc2SkdEZM","halo sahabatdata, tahukah kalian apa makna persentase penduduk miskin kabupaten rembang tahun sebesar , darimanakah angka persentase penduduk niskin didapatkan nah lewat videografi kali ini,",1,0,4,0,neutral,0.512790322303772,0.0,0.512790322303772,0.0
1814110129018822779,2024-07-19 08:28:53+07:00,2024,7,2024-07-19,humasjateng,"Persentase penduduk miskin di Jateng mulai menunjukan angka penurunan. Tercatat, Maret 2023-Maret 2024 turun sebanyak 0,30%. Hal ini karena berbagai upaya yang sudah dilakukan Pemprov Jateng dalam penanggulangan kemiskinan. 

Kira-kira apa aja ya upaya nya? 🤔

#jawatengah https://t.co/9wCSdP9DCk","persentase penduduk miskin di jateng mulai menunjukan angka penurunan. tercatat, maret maret turun sebanyak , . hal ini karena berbagai upaya yang sudah dilakukan pemprov jateng dalam penanggulangan kemiskinan. kira kira apa aja ya upaya nya jawatengah",1,0,0,0,neutral,0.8636175990104675,0.0,0.8636175990104675,0.0
1813569318594163149,2024-07-17 20:39:54+07:00,2024,7,2024-07-17,bpsmojokerto,"Okeeeyy, jadi dari hasil pendataan Susenas Maret 2024 persentase penduduk miskin Kabupaten Mojokerto 2024 ialah sebesar 9,37 persen lho, angka ini menunjukkan penurunan kemiskinan dibandingkan 2023 yang sebesar 9,8 persen...","okeeeyy, jadi dari hasil pendataan susenas maret persentase penduduk miskin kabupaten mojokerto ialah sebesar , persen lho, angka ini menunjukkan penurunan kemiskinan dibandingkan yang sebesar , persen...",0,0,1,0,positive,0.5949365496635437,0.5949365496635437,0.0,0.0
1813130693222015245,2024-07-16 15:36:58+07:00,2024,7,2024-07-16,bung_madin,"Kemiskinan di Banten masih menjadi masalah serius. Pada Maret 2024, persentase penduduk miskin mencapai 5,84%, meskipun ada penurunan dari tahun sebelumnya. Sebagian besar penduduk miskin Banten berada di perkotaan dengan 5,69% dan di perdesaan 6,44%. 

https://t.co/SmocuI78pm","kemiskinan di banten masih menjadi masalah serius. pada maret , persentase penduduk miskin mencapai , , meskipun ada penurunan dari tahun sebelumnya. sebagian besar penduduk miskin banten berada di perkotaan dengan , dan di perdesaan , .",2,2,1,0,neutral,0.4773392975330353,0.0,0.4773392975330353,0.0
1812874177017422122,2024-07-15 22:37:40+07:00,2024,7,2024-07-15,qaz88mlp,"@reezalIl @ObiWan_Catnobi (ki): sumbu Y-nya sebelah kiri = populasi penduduk miskin dan rentan dalam satuan juta jiwa di tiap tahunnya
(ka): sumbu Y-nya sebelah kanan = persentase proporsi penduduk miskin dan rentan tiap tahunnya",ki sumbu y nya sebelah kiri populasi penduduk miskin dan rentan dalam satuan juta jiwa di tiap tahunnya ka sumbu y nya sebelah kanan persentase proporsi penduduk miskin dan rentan tiap tahunnya,1,1,1,0,neutral,0.9563081860542297,0.0,0.9563081860542297,0.0
1811268614798069979,2024-07-11 12:17:44+07:00,2024,7,2024-07-11,_ilc_Ramli,"Riau Urutan Ketujuh Persentase Jumlah Penduduk Miskin Terbanyak se Sumatera, Kalah dengan Sumbar https://t.co/Csc2wCKihs https://t.co/H5oj72vpGB","riau urutan ketujuh persentase jumlah penduduk miskin terbanyak se sumatera, kalah dengan sumbar",0,0,0,0,neutral,0.8020781874656677,0.0,0.8020781874656677,0.0
1810935066102747513,2024-07-10 14:12:19+07:00,2024,7,2024-07-10,kominfodiy,"Halo Sedulur, ada Kabar Baik untuk Warga D.I. Yogyakarta!

Persentase penduduk miskin di D.I. Yogyakarta pada Maret 2024 turun menjadi 10,83%. Turun 0,21 poin persen dibanding Maret 2023, dan 0,66 poin persen dibanding September 2022. https://t.co/cav7zVCaFU","halo sedulur, ada kabar baik untuk warga d.i. yogyakarta persentase penduduk miskin di d.i. yogyakarta pada maret turun menjadi , . turun , poin persen dibanding maret , dan , poin persen dibanding september .",0,0,1,0,positive,0.47545480728149414,0.47545480728149414,0.0,0.0
1810890581092225416,2024-07-10 11:15:33+07:00,2024,7,2024-07-10,bps_gorontalo,"Untuk pertama kalinya Persentase Penduduk Miskin Provinsi Gorontalo dibawah 15%! Secara persentase, angkanya terus berkurang setiap tahunnya. Pada Maret 2024 ini, persentase penduduk miskin di Gorontalo sebesar 14,57%, yang turun 0,58% dari Maret 2023.

#CintaData
#BPSGorontalo https://t.co/rb9pJQwpFr","untuk pertama kalinya persentase penduduk miskin provinsi gorontalo dibawah secara persentase, angkanya terus berkurang setiap tahunnya. pada maret ini, persentase penduduk miskin di gorontalo sebesar , , yang turun , dari maret . cintadata bpsgorontalo",0,0,0,0,negative,0.419880211353302,0.0,0.0,0.419880211353302
1809921781291209051,2024-07-07 19:05:54+07:00,2024,7,2024-07-07,GNafanu,"Inilah 10 Provinsi dengan Persentase Penduduk Miskin Terbanyak di  Indonesia, NTT Menempati Juara ke 4 https://t.co/SIK750D2Gd","inilah provinsi dengan persentase penduduk miskin terbanyak di indonesia, ntt menempati juara ke",0,0,0,0,neutral,0.5262575149536133,0.0,0.5262575149536133,0.0
1808865593233395874,2024-07-04 21:08:59+07:00,2024,7,2024-07-04,Popularitascom,"Persentase jumlah penduduk miskin di Aceh menurun

 #KemiskinandiAceh #pendudukmiskindiAceh #popularitascom
https://t.co/oh5EXTpSgs",persentase jumlah penduduk miskin di aceh menurun kemiskinandiaceh pendudukmiskindiaceh popularitascom,0,0,0,0,neutral,0.9934619665145874,0.0,0.9934619665145874,0.0
1808852802585965048,2024-07-04 20:18:09+07:00,2024,7,2024-07-04,antaranews,"BPS catat persentase penduduk miskin di Provinsi Gorontalo pada bulan Maret 2024 yaitu 14,57 persen, menurun 0,58 persen dari bulan Maret 2023.

https://t.co/PksrFCRmyy","bps catat persentase penduduk miskin di provinsi gorontalo pada bulan maret yaitu , persen, menurun , persen dari bulan maret .",1,0,0,0,neutral,0.9733691215515137,0.0,0.9733691215515137,0.0
1808746961081880654,2024-07-04 13:17:35+07:00,2024,7,2024-07-04,kumparan,"Berdasarkan data Susenas Maret 2024, persentase angka penduduk miskin di Sulawesi Utara adalah 7,25 persen, lebih kecil dari angka nasional yang mencapai 9,03 persen. #publisherstory #manadobacirita https://t.co/1ETZLh80xF","berdasarkan data susenas maret , persentase angka penduduk miskin di sulawesi utara adalah , persen, lebih kecil dari angka nasional yang mencapai , persen. publisherstory manadobacirita",0,0,1,0,neutral,0.9883927702903748,0.0,0.9883927702903748,0.0
1808412512905580827,2024-07-03 15:08:36+07:00,2024,7,2024-07-03,Harian_Jogja,"Persentase Penduduk Miskin DIY Paling Tinggi di Pulau Jawa, Ini Penjelasan Pemda dan DPRD https://t.co/1PhQ7LNzU5 #beritajogja #jogja #jogjaistimewa https://t.co/Shly1p8E9e","persentase penduduk miskin diy paling tinggi di pulau jawa, ini penjelasan pemda dan dprd beritajogja jogja jogjaistimewa",0,0,0,0,neutral,0.9558230638504028,0.0,0.9558230638504028,0.0
1808359979214426297,2024-07-03 11:39:51+07:00,2024,7,2024-07-03,DataindonesiaId,Data Sebaran Persentase Penduduk Miskin di Indonesia pada Maret 2024 https://t.co/DryAtd1xzK https://t.co/fiptrCNUpL,data sebaran persentase penduduk miskin di indonesia pada maret,0,0,0,0,neutral,0.9789142608642578,0.0,0.9789142608642578,0.0
1808115471964950975,2024-07-02 19:28:16+07:00,2024,7,2024-07-02,bpsprovjateng,"Sementara itu, persentase penduduk miskin Jawa Tengah pada Maret 2024 sebesar 10,47 persen, turun 0,30 persen dibanding Maret 2023. 

Rilis Indikator Strategis Provinsi Jawa Tengah kali ini istimewa karena dihadiri langsung oleh Penjabat (Pj) Gubernur Jawa Tengah, Nana Sudjana.","sementara itu, persentase penduduk miskin jawa tengah pada maret sebesar , persen, turun , persen dibanding maret . rilis indikator strategis provinsi jawa tengah kali ini istimewa karena dihadiri langsung oleh penjabat pj gubernur jawa tengah, nana sudjana.",0,0,1,0,neutral,0.9657077789306641,0.0,0.9657077789306641,0.0
1808115417871000063,2024-07-02 19:28:03+07:00,2024,7,2024-07-02,bpsprovjateng,"Sementara itu, persentase penduduk miskin Jawa Tengah pada Maret 2024 sebesar 10,47 persen, turun 0,30 persen dibanding Maret 2023. 

Rilis Indikator Strategis Provinsi Jawa Tengah kali ini istimewa karena dihadiri langsung oleh Penjabat (Pj) Gubernur Jawa Tengah, Nana Sudjana.","sementara itu, persentase penduduk miskin jawa tengah pada maret sebesar , persen, turun , persen dibanding maret . rilis indikator strategis provinsi jawa tengah kali ini istimewa karena dihadiri langsung oleh penjabat pj gubernur jawa tengah, nana sudjana.",0,0,1,0,neutral,0.9657077789306641,0.0,0.9657077789306641,0.0
1808108869811687735,2024-07-02 19:02:02+07:00,2024,7,2024-07-02,heralddotID,"Berdasarkan rilis yang dikeluarkan Badan Pusat Statistik (BPS), persentase penduduk miskin di Sulbar 2024 mengalami penurunan dibandingkan tahun sebelumnya. #bps #pendudukmiskin #sulbar  
 https://t.co/gvPGf2dOeA","berdasarkan rilis yang dikeluarkan badan pusat statistik bps , persentase penduduk miskin di sulbar mengalami penurunan dibandingkan tahun sebelumnya. bps pendudukmiskin sulbar",0,0,0,0,neutral,0.978793740272522,0.0,0.978793740272522,0.0
1808073655299235871,2024-07-02 16:42:06+07:00,2024,7,2024-07-02,Bisniscom,"Persentase Penduduk Miskin Sulsel Tahun ini Harus di Bawah 8%, Begini Strateginya https://t.co/rpDa9LkKUd https://t.co/it4MjF6utF","persentase penduduk miskin sulsel tahun ini harus di bawah , begini strateginya",0,0,2,0,negative,0.7524019479751587,0.0,0.0,0.7524019479751587
1807995595061449131,2024-07-02 11:31:55+07:00,2024,7,2024-07-02,akuratco,"Badan Pusat  Statistik (BPS) mengumumkan tingkat kemiskinan di Indonesia menurun  menjadi 9,03 persen atau setara dengan 25,22 juta orang pada Maret 2024.

Jumlah  penduduk miskin pada Maret 2024 menurun 0,68 juta orang dibandingkan  Maret 2023, dan menurun 1,14 juta orang https://t.co/8LETHu7fcb","badan pusat statistik bps mengumumkan tingkat kemiskinan di indonesia menurun menjadi , persen atau setara dengan , juta orang pada maret . jumlah penduduk miskin pada maret menurun , juta orang dibandingkan maret , dan menurun , juta orang",0,0,0,0,neutral,0.9177913069725037,0.0,0.9177913069725037,0.0
1807957054273081755,2024-07-02 08:58:46+07:00,2024,7,2024-07-02,Rhakkan09,"Data BPS, Persentase Penduduk Miskin Menurun di Jabar https://t.co/ZHLcHFtENt","data bps, persentase penduduk miskin menurun di jabar",0,0,0,0,neutral,0.9829747080802917,0.0,0.9829747080802917,0.0
1829134405861880075,2024-08-29 19:30:00+07:00,2024,8,2024-08-29,CNNIDdaily,"Badan Pusat Statistik mencatat persentase penduduk miskin ekstrem paling banyak merupakan orang dengan status bekerja. BPS memberikan rekomendasi kebijakan agar bisa meningkatkan kualitas pekerjaan, skala usaha, hingga penyesuaian upah buruh. https://t.co/ns6OyEQkD6 https://t.co/LVzmUnY0es","badan pusat statistik mencatat persentase penduduk miskin ekstrem paling banyak merupakan orang dengan status bekerja. bps memberikan rekomendasi kebijakan agar bisa meningkatkan kualitas pekerjaan, skala usaha, hingga penyesuaian upah buruh.",0,0,0,1,neutral,0.8470150828361511,0.0,0.8470150828361511,0.0
1829065629133091012,2024-08-29 14:56:43+07:00,2024,8,2024-08-29,kecsmgutara,"#Repost @semarangpemkot
・・・
Halo Sedulur Semarang!

Perlu kita ketahui bahwa Kota Semarang berhasil menjadi kota dengan persentase penduduk kategori miskin terendah se-Jawa Tengah dengan nilai 4,03% pada tahun 2024 ini.  Nah jika kita bandingkan dengan tahun 2023, Persentase https://t.co/ZMKnbxOihc","repost halo sedulur semarang perlu kita ketahui bahwa kota semarang berhasil menjadi kota dengan persentase penduduk kategori miskin terendah se jawa tengah dengan nilai , pada tahun ini. nah jika kita bandingkan dengan tahun , persentase",0,0,1,0,neutral,0.5109823942184448,0.0,0.5109823942184448,0.0
1828336663426388154,2024-08-27 14:40:04+07:00,2024,8,2024-08-27,bps7603mamasa,"Hallo #SahabatData

Mari kita simak Profil kemiskinan di Kabupaten Mamasa Tahun 2024.  Melalui infografis di atas, sahabat data dapat mengetahui gambaran mengenai perubahan garis kemiskinan, persentase dan jumlah penduduk miskin di wilayah tersebut.

#7603 #bpsmamasa #kemiskinan https://t.co/OgnLw4qRF9","hallo sahabatdata mari kita simak profil kemiskinan di kabupaten mamasa tahun . melalui infografis di atas, sahabat data dapat mengetahui gambaran mengenai perubahan garis kemiskinan, persentase dan jumlah penduduk miskin di wilayah tersebut. bpsmamasa kemiskinan",0,0,0,0,neutral,0.9875035881996155,0.0,0.9875035881996155,0.0
1824713032037175808,2024-08-17 14:41:03+07:00,2024,8,2024-08-17,komdigi_jateng,"Persentase penduduk miskin turun dari 10,77% pada Maret 2023, menjadi 10,47% pada Maret 2024. Angka kemiskinan ekstrem juga turun, dari 1,97% di tahun 2022 menjadi 1,11% pada 2023. https://t.co/rL0nLR2HSP","persentase penduduk miskin turun dari , pada maret , menjadi , pada maret . angka kemiskinan ekstrem juga turun, dari , di tahun menjadi , pada .",0,0,1,0,neutral,0.8260203003883362,0.0,0.8260203003883362,0.0
1823968514937684041,2024-08-15 13:22:36+07:00,2024,8,2024-08-15,J_a2y0,"Luar biasa. Sementara itu, ""Persentase penduduk miskin ekstrem Indonesia pada Maret 2024 sebesar 0,83 persen, berhasil turun 0,29 persen poin terhadap Maret 2023 sebesar 1,12 persen.""
https://t.co/NDJdBAoUrj.","luar biasa. sementara itu, persentase penduduk miskin ekstrem indonesia pada maret sebesar , persen, berhasil turun , persen poin terhadap maret sebesar , persen.",0,0,0,0,positive,0.5826448798179626,0.5826448798179626,0.0,0.0
1823334161328861458,2024-08-13 19:21:54+07:00,2024,8,2024-08-13,kmjeongsgf,"mereka tu apa² bayar... bukan iri jg ya, tpi feedback yg didapet tuh apa? kaga ada anjir, yg ada semua makin naik... mereka makin terdesak. setauku ada berita/data yg menyebutkan bahwa persentase penduduk miskin nya naik kan? banyak org menengah yang turun kelas.","mereka tu apa bayar... bukan iri jg ya, tpi feedback yg didapet tuh apa kaga ada anjir, yg ada semua makin naik... mereka makin terdesak. setauku ada berita data yg menyebutkan bahwa persentase penduduk miskin nya naik kan banyak org menengah yang turun kelas.",0,0,0,0,negative,0.9956283569335938,0.0,0.0,0.9956283569335938
1822889170743804346,2024-08-12 13:53:40+07:00,2024,8,2024-08-12,PEMKOT_SOLO,"Badan Pusat Statistik Kota Surakarta telah merilis Berita Resmi Statistik Kemiskinan Kota Surakarta Tahun 2024. Persentase penduduk miskin tahun 2024 sebesar 8,31 persen, turun 0,13 persen dibandingkan tahun 2023. Jumlah penduduk miskin tahun 2024 sebanyak 43,28 ribu orang. https://t.co/Eiri6u4NEK","badan pusat statistik kota surakarta telah merilis berita resmi statistik kemiskinan kota surakarta tahun . persentase penduduk miskin tahun sebesar , persen, turun , persen dibandingkan tahun . jumlah penduduk miskin tahun sebanyak , ribu orang.",1,1,1,0,neutral,0.943749725818634,0.0,0.943749725818634,0.0
1821820673083519191,2024-08-09 15:07:50+07:00,2024,8,2024-08-09,bps_deliserdang,"BPS Kab. Deli Serdang merilis data kemiskinan 2024. Persentase penduduk miskin sebesar 3,44% Tahun 2024. Meski menurun, kemiskinan tetap jadi perhatian utama. Upaya peningkatan kesejahteraan harus terus ditingkatkan dengan kerjasama semua pihak. Bersama menuju masa depan cerah 🌞 https://t.co/Xplp1ACTNF","bps kab. deli serdang merilis data kemiskinan . persentase penduduk miskin sebesar , tahun . meski menurun, kemiskinan tetap jadi perhatian utama. upaya peningkatan kesejahteraan harus terus ditingkatkan dengan kerjasama semua pihak. bersama menuju masa depan cerah",4,0,1,0,neutral,0.5104072690010071,0.0,0.5104072690010071,0.0
1820380790015856768,2024-08-05 15:46:16+07:00,2024,8,2024-08-05,komdigi_jateng,"Ditambahkan, berdasarkan data Badan Pusat Statistik (BPS) Jawa Tengah, persentase penduduk miskin di Jawa Tengah pada Maret 2024 mencapai 10,47%, atau sebanyak 3,70 juta orang. Angka itu turun 0,30% dibanding periode sebelumnya pada Maret 2023, yang sebanyak 3,79 juta orang. https://t.co/MQh8aVRpd9","ditambahkan, berdasarkan data badan pusat statistik bps jawa tengah, persentase penduduk miskin di jawa tengah pada maret mencapai , , atau sebanyak , juta orang. angka itu turun , dibanding periode sebelumnya pada maret , yang sebanyak , juta orang.",0,0,1,0,neutral,0.7851063013076782,0.0,0.7851063013076782,0.0
1820380770873315727,2024-08-05 15:46:11+07:00,2024,8,2024-08-05,pemprovkepbabel,"Berdasarkan data dari BPS, Maret 2024, Persentase Penduduk Miskin Provinsi Kepulauan Bangka Belitung peringkat ke-4 Terendah Nasional, setelah Provinsi Bali, Kalimantan Selatan dan DKI Jakarta.

#babelsemakincakapdigital https://t.co/sb0y3g0GQc","berdasarkan data dari bps, maret , persentase penduduk miskin provinsi kepulauan bangka belitung peringkat ke terendah nasional, setelah provinsi bali, kalimantan selatan dan dki jakarta. babelsemakincakapdigital",2,0,0,0,neutral,0.9572468996047974,0.0,0.9572468996047974,0.0
1820079143830331694,2024-08-04 19:47:37+07:00,2024,8,2024-08-04,bpskabpati,"Halo #SahabatStatistik..
Tanggal 31 Juli 2024 BPS Kabupaten Pati telah merilis angka kemiskinan Kab Pati tahun 2024.

Pada Maret 2024, tercatat bahwa persentase penduduk miskin di Kab Pati sebesar 9,17 persen atau turun sebesar 0,14 poin dari posisi Maret 2023 sebesar 9,31 persen https://t.co/f5fiytX7uh","halo sahabatstatistik.. tanggal juli bps kabupaten pati telah merilis angka kemiskinan kab pati tahun . pada maret , tercatat bahwa persentase penduduk miskin di kab pati sebesar , persen atau turun sebesar , poin dari posisi maret sebesar , persen",1,0,0,0,neutral,0.9568356871604919,0.0,0.9568356871604919,0.0
1818953344926502914,2024-08-01 17:14:06+07:00,2024,8,2024-08-01,soloposdotcom,Persentase Penduduk Miskin di Solo Lebih Rendah Ketimbang Jawa Tengah https://t.co/OCHxXYBxp4 https://t.co/Nv67F4TaS0,persentase penduduk miskin di solo lebih rendah ketimbang jawa tengah,0,0,0,0,neutral,0.7236908078193665,0.0,0.7236908078193665,0.0
1818894458244809014,2024-08-01 13:20:06+07:00,2024,8,2024-08-01,kominfomerangin,"Jumlah penduduk miskin per-Maret 2024 sebesar 8,40 persen (ekuivalen dengan 33,49 ribu jiwa). Kondisi itu menunjukan menurun 0,5 poin, dibandingkan persentase jumlah penduduk miskin per-Maret 2023 sebesar 8,90 persen.
#merangin
#jambi https://t.co/b22ddm0y2W","jumlah penduduk miskin per maret sebesar , persen ekuivalen dengan , ribu jiwa . kondisi itu menunjukan menurun , poin, dibandingkan persentase jumlah penduduk miskin per maret sebesar , persen. merangin jambi",0,0,0,0,neutral,0.9702516794204712,0.0,0.9702516794204712,0.0
1840743819522023742,2024-09-30 20:21:40+07:00,2024,9,2024-09-30,Beritasatu,"Persentase Penduduk Miskin di Paser 2024 Turun #BNetwork 
https://t.co/WzMrsGoOxm",persentase penduduk miskin di paser turun bnetwork,0,0,0,0,neutral,0.9936123490333557,0.0,0.9936123490333557,0.0
1838865768861114686,2024-09-25 15:58:58+07:00,2024,9,2024-09-25,misterdetektif,"Sulteng kaya akan sumber daya alam seperti emas, nikel, dan gas, justru menghadapi ironi besar. Berdasarkan data BPS, persentase penduduk miskin di provinsi ini pada Maret 2023 mencapai 12,41 persen, meningkat dari 12,3 persen pada September 2022. https://t.co/DHarGJ9ZQ3","sulteng kaya akan sumber daya alam seperti emas, nikel, dan gas, justru menghadapi ironi besar. berdasarkan data bps, persentase penduduk miskin di provinsi ini pada maret mencapai , persen, meningkat dari , persen pada september .",2,0,1,0,neutral,0.4699995219707489,0.0,0.4699995219707489,0.0
1838821532547846511,2024-09-25 13:03:11+07:00,2024,9,2024-09-25,akuratco,"Ekonom: Jokowi Gagal Capai Target Pengentasan Kemiskinan Selama Dua Periode

Tingkat kemiskinan atau persentase penduduk miskin diproyeksikan menurun tiap tahun pada Rencana Pembangunan Jangka Menengah Nasional (RPJMN) 2015-2019, yang ditetapkan Jokowi pada awal pemerintahannya. https://t.co/omgdmARvG0","ekonom jokowi gagal capai target pengentasan kemiskinan selama dua periode tingkat kemiskinan atau persentase penduduk miskin diproyeksikan menurun tiap tahun pada rencana pembangunan jangka menengah nasional rpjmn , yang ditetapkan jokowi pada awal pemerintahannya.",2,1,0,0,neutral,0.8876369595527649,0.0,0.8876369595527649,0.0
1838131321551610279,2024-09-23 15:20:32+07:00,2024,9,2024-09-23,merapi_uncover,"Daerah Istimewa Yogyakarta (DIY) diketahui menjadi provinsi dengan persentase penduduk miskin terbanyak di Pulau Jawa menurut data Badan Pusat Statistik (BPS) per Maret 2024 yaitu sebesar 10,83%. Meski demikian, salah satu kota yang ada di DIY, Kota Yogyakarta, ternyata memiliki https://t.co/0tAUYPbNlq","daerah istimewa yogyakarta diy diketahui menjadi provinsi dengan persentase penduduk miskin terbanyak di pulau jawa menurut data badan pusat statistik bps per maret yaitu sebesar , . meski demikian, salah satu kota yang ada di diy, kota yogyakarta, ternyata memiliki",48,19,13,4,neutral,0.4725687801837921,0.0,0.4725687801837921,0.0
1838043608114769984,2024-09-23 09:32:00+07:00,2024,9,2024-09-23,bpsprovlampung,"Data menunjukkan bahwa persentase penduduk miskin di Lampung mengalami penurunan dari tahun 2022 hingga 2024. Pada tahun 2022, persentase penduduk miskin tercatat sebesar 11,57%, menurun menjadi 11,11% pada tahun 2023, dan terus menurun menjadi 10,69% pada tahun 2024.

#cintadata https://t.co/teB3CW47Jn","data menunjukkan bahwa persentase penduduk miskin di lampung mengalami penurunan dari tahun hingga . pada tahun , persentase penduduk miskin tercatat sebesar , , menurun menjadi , pada tahun , dan terus menurun menjadi , pada tahun . cintadata",0,0,0,0,neutral,0.6840952634811401,0.0,0.6840952634811401,0.0
1837808648577503605,2024-09-22 17:58:21+07:00,2024,9,2024-09-22,Goncek,"@merapi_uncover Ketika jakarta menempati posisi paling bawah persentase penduduk miskin nya, saya kaget 😅","ketika jakarta menempati posisi paling bawah persentase penduduk miskin nya, saya kaget",1,0,0,0,negative,0.9760296940803528,0.0,0.0,0.9760296940803528
1837749398924939676,2024-09-22 14:02:55+07:00,2024,9,2024-09-22,merapi_uncover,"Jogja istimewa (?) 🤔

YouTuber IShowSpeed mendapatkan sambutan yang tidak kondusif dan cenderung rusuh dari masyarakat saat berkunjung ke Provinsi Daerah Istimewa Yogyakarta (DIY) pada Sabtu (21/9/2024). Bahkan, dikabarkan ada beberapa pedagang yang harus mengalami kerusakan https://t.co/oKkn3wBCgL","jogja istimewa youtuber ishowspeed mendapatkan sambutan yang tidak kondusif dan cenderung rusuh dari masyarakat saat berkunjung ke provinsi daerah istimewa yogyakarta diy pada sabtu . bahkan, dikabarkan ada beberapa pedagang yang harus mengalami kerusakan",694,98,119,34,negative,0.9535996317863464,0.0,0.0,0.9535996317863464
1836252538393497737,2024-09-18 10:54:55+07:00,2024,9,2024-09-18,SuaraTrenggalek,"Persentase penduduk miskin di Kabupaten Trenggalek juga mengalami penurunan dari 10,63 persen pada bulan Maret 2023 menjadi sebesar 10,50 persen pada bulan Maret 2024.

https://t.co/zh5Y4Tuti6","persentase penduduk miskin di kabupaten trenggalek juga mengalami penurunan dari , persen pada bulan maret menjadi sebesar , persen pada bulan maret .",0,0,0,0,neutral,0.9617815017700195,0.0,0.9617815017700195,0.0
1835439764360819114,2024-09-16 05:05:15+07:00,2024,9,2024-09-16,hendriansyahbn2,dan perkembangan penduduk miskin di Indonesia Indikatorindikator tersebut antara lain jumlah dan persentase penduduk miskin serta berbagai karakteristik kemiskinan lainnya yang terbanding antar waktu dan antar wilayah,dan perkembangan penduduk miskin di indonesia indikatorindikator tersebut antara lain jumlah dan persentase penduduk miskin serta berbagai karakteristik kemiskinan lainnya yang terbanding antar waktu dan antar wilayah,1,0,0,0,neutral,0.5875964760780334,0.0,0.5875964760780334,0.0
1834915168737771615,2024-09-14 18:20:41+07:00,2024,9,2024-09-14,GoodStatsid,"Dari tahun 2004 hingga 2024, persentase penduduk miskin di Indonesia menunjukkan tren penurunan yg signifikan.

Gimana, apa kamu optimis tingkat kemiskinan di Indonesia bakal terus turun ke depannya?

#goodstats #literasidata #tingkatkemiskinan #kemiskinan #indonesia https://t.co/YbNPxTLbAU","dari tahun hingga , persentase penduduk miskin di indonesia menunjukkan tren penurunan yg signifikan. gimana, apa kamu optimis tingkat kemiskinan di indonesia bakal terus turun ke depannya goodstats literasidata tingkatkemiskinan kemiskinan indonesia",6,3,2,0,positive,0.45127707719802856,0.45127707719802856,0.0,0.0
1834541240836403269,2024-09-13 17:34:50+07:00,2024,9,2024-09-13,creepylogy_,"Faktanya, Gunung Kidul merupakan salah satu daerah termiskin di Indonesia. Tingkat kemiskinan berkisar 15-17 persen atau hampir dua kali lipat dibanding persentase penduduk miskin secara nasional yang kini berkutat di angka 9 persen.","faktanya, gunung kidul merupakan salah satu daerah termiskin di indonesia. tingkat kemiskinan berkisar persen atau hampir dua kali lipat dibanding persentase penduduk miskin secara nasional yang kini berkutat di angka persen.",49,1,1,0,negative,0.9211573600769043,0.0,0.0,0.9211573600769043
1834154288962306378,2024-09-12 15:57:14+07:00,2024,9,2024-09-12,bpskabwonogiri,"Persentase penduduk miskin Kabupaten Wonogiri pada Maret 2024 sebesar 10,71 persen, mengalami penurunan, yaitu 0,23 persen poin dibanding Maret 2023. https://t.co/CWsaXwr4cc","persentase penduduk miskin kabupaten wonogiri pada maret sebesar , persen, mengalami penurunan, yaitu , persen poin dibanding maret .",0,0,1,0,neutral,0.9737359881401062,0.0,0.9737359881401062,0.0
1834141114632388640,2024-09-12 15:04:53+07:00,2024,9,2024-09-12,PemkotSalatiga,"#Sedulursalatiga, Indikator Data Kemiskinan Tahun 2024 tlh rilis. Dg nilai Presentase Penduduk Miskin sebesar 4,57% menjadikan Kota Salatiga menjadi kota dg persentase penduduk miskin kedua terendah di Jateng.

Informasi lengkap jangan lupa kunjungi https://t.co/NOvicekqGT https://t.co/fGthypSFQD","sedulursalatiga, indikator data kemiskinan tahun tlh rilis. dg nilai presentase penduduk miskin sebesar , menjadikan kota salatiga menjadi kota dg persentase penduduk miskin kedua terendah di jateng. informasi lengkap jangan lupa kunjungi",0,0,0,0,neutral,0.8678747415542603,0.0,0.8678747415542603,0.0
1834076181668176316,2024-09-12 10:46:51+07:00,2024,9,2024-09-12,nusabalicom,"Tingkat kemiskinan di Bali terus mengalami penurunan signifikan. Berdasarkan data Badan Pusat Statistik (BPS) Provinsi Bali, persentase penduduk miskin di Bali pada Maret 2024 tercatat sebesar 4,00 persen.
https://t.co/3r0UcXp4Cl","tingkat kemiskinan di bali terus mengalami penurunan signifikan. berdasarkan data badan pusat statistik bps provinsi bali, persentase penduduk miskin di bali pada maret tercatat sebesar , persen.",0,0,0,0,neutral,0.8742456436157227,0.0,0.8742456436157227,0.0
1851430119006679121,2024-10-30 08:05:12+07:00,2024,10,2024-10-30,dian_arifiya,"Berdasarkan data terbaru dari Badan Pusat Statistik (BPS), tingkat kemiskinan di Indonesia menunjukkan penurunan. Pada Maret 2024, persentase penduduk miskin turun menjadi 9,03%, dari 9,36% di tahun sebelumnya (Maret 2023). Secara keseluruhan, jumlah penduduk miskin pada Maret https://t.co/UYeUTmtFdk","berdasarkan data terbaru dari badan pusat statistik bps , tingkat kemiskinan di indonesia menunjukkan penurunan. pada maret , persentase penduduk miskin turun menjadi , , dari , di tahun sebelumnya maret . secara keseluruhan, jumlah penduduk miskin pada maret",65,0,121,0,neutral,0.8469314575195312,0.0,0.8469314575195312,0.0
1850753568195924477,2024-10-28 11:16:50+07:00,2024,10,2024-10-28,banten_pemprov,"Berdasarkan data Badan Pusat Statistik (BPS), persentase penduduk miskin pada Maret 2024 sebesar 9,03 persen, menurun 0,33 persen poin terhadap Maret 2023 dan menurun 0,54 persen poin terhadap September 2022. 

Selengkapnya di sini⤵️
https://t.co/YcWkU1UjFI","berdasarkan data badan pusat statistik bps , persentase penduduk miskin pada maret sebesar , persen, menurun , persen poin terhadap maret dan menurun , persen poin terhadap september . selengkapnya di sini",0,0,0,0,neutral,0.9823645353317261,0.0,0.9823645353317261,0.0
1850753564697932022,2024-10-28 11:16:49+07:00,2024,10,2024-10-28,banten_pemprov,"Pada periode Maret 2023-Maret 2024, tingkat kemiskinan di Indonesia mengalami penurunan baik dari sisi jumlah maupun persentase. 

Jumlah penduduk miskin di Indonesia pada Maret 2024 mencapai 25,22 juta orang. https://t.co/rUbptTJJ4A","pada periode maret maret , tingkat kemiskinan di indonesia mengalami penurunan baik dari sisi jumlah maupun persentase. jumlah penduduk miskin di indonesia pada maret mencapai , juta orang.",0,0,1,0,neutral,0.8148928284645081,0.0,0.8148928284645081,0.0
1849589016871698738,2024-10-25 06:09:19+07:00,2024,10,2024-10-25,akageyma,"Badan Pusat Statistik Indonesia. (17 Juli 2024). Persentase Penduduk Miskin (P0) Menurut Provinsi dan Daerah. Diakses pada 25 Oktober 2024, dari https://t.co/369NewUbjU","badan pusat statistik indonesia. juli . persentase penduduk miskin p0 menurut provinsi dan daerah. diakses pada oktober , dari",0,0,0,0,neutral,0.9392848014831543,0.0,0.9392848014831543,0.0
1848913160931250191,2024-10-23 09:23:43+07:00,2024,10,2024-10-23,akuratco,"Kabinet Merah Putih Prabowo Agar Waspada Soal Kondisi Ekonomi, Jangan Terlena 

Ekonom Fakultas Ekonomi dan Bisnis Universitas Indonesia (FEB UI), Teguh Dartanto memberikan  masukan untuk pemerintahan Prabowo Subianto-Gibran Rakabuming Raka untuk  menyiapkan langkah-langkah https://t.co/ZHbdAQvf0X","kabinet merah putih prabowo agar waspada soal kondisi ekonomi, jangan terlena ekonom fakultas ekonomi dan bisnis universitas indonesia feb ui , teguh dartanto memberikan masukan untuk pemerintahan prabowo subianto gibran rakabuming raka untuk menyiapkan langkah langkah",1,1,0,0,neutral,0.9717541933059692,0.0,0.9717541933059692,0.0
1848581006661672976,2024-10-22 11:23:51+07:00,2024,10,2024-10-22,Shankara_Q,"@JhonSitorus_18 @sayurteron @ganjarpranowo Provinsi gw jumlah penduduk miskin ya dikit, padahal termasuk provinsi miskin, ya karena penduduknya cuma sekelas kabupaten di Jawa. Kalo mau fair harus liat persentase nya donk.","provinsi gw jumlah penduduk miskin ya dikit, padahal termasuk provinsi miskin, ya karena penduduknya cuma sekelas kabupaten di jawa. kalo mau fair harus liat persentase nya donk.",0,0,0,0,negative,0.9930311441421509,0.0,0.0,0.9930311441421509
1846705867632398732,2024-10-17 07:12:43+07:00,2024,10,2024-10-17,economyforum_id,"Berdasarkan data Badan Pusat Statistik (BPS), sejak 2014 persentase penduduk miskin ekstrem di Indonesia terus mengalami tren penurunan dari 6,18 persen menjadi 0,83 persen atau sekitar 2,3 juta orang per Maret 2024.","berdasarkan data badan pusat statistik bps , sejak persentase penduduk miskin ekstrem di indonesia terus mengalami tren penurunan dari , persen menjadi , persen atau sekitar , juta orang per maret .",0,0,1,0,neutral,0.8202955722808838,0.0,0.8202955722808838,0.0
1846521481305424118,2024-10-16 19:00:02+07:00,2024,10,2024-10-16,detikfinance,"#Foto Persentase penduduk miskin Jakarta pada Maret 2024 sebesar 4,30%. Hal itu berdasarkan data Badan Pusat Statistik (BPS).

&gt;&gt; https://t.co/XdqDWJDtz2

Foto: Ari Saputra/detikFinance

#detikfinance #Kemiskinan #Jakarta https://t.co/4Giqyugtr2","foto persentase penduduk miskin jakarta pada maret sebesar , . hal itu berdasarkan data badan pusat statistik bps . gt gt foto ari saputra detikfinance detikfinance kemiskinan jakarta",0,0,0,0,neutral,0.9923288226127625,0.0,0.9923288226127625,0.0
1845709827806265539,2024-10-14 13:14:49+07:00,2024,10,2024-10-14,detikfinance,"Persentase penduduk miskin Jakarta pada Maret 2024 sebesar 4,30%. Hal itu berdasarkan data Badan Pusat Statistik (BPS). https://t.co/xnzllYn6wh","persentase penduduk miskin jakarta pada maret sebesar , . hal itu berdasarkan data badan pusat statistik bps .",0,0,0,0,neutral,0.981084406375885,0.0,0.981084406375885,0.0
1845268127514493370,2024-10-13 07:59:39+07:00,2024,10,2024-10-13,spidyyy26,"@huseinheikal Data darimana penduduk miskin Indon 9.03 %? Jgn terima muluk"" standar miskin itu di rendahkan oleh pemerintah, gw yakin lebih itu persentase nya.","data darimana penduduk miskin indon . jgn terima muluk standar miskin itu di rendahkan oleh pemerintah, gw yakin lebih itu persentase nya.",0,0,0,0,negative,0.9912416934967041,0.0,0.0,0.9912416934967041
1844527185618759948,2024-10-11 06:55:25+07:00,2024,10,2024-10-11,pisudesu,"@pousaylova6 @bersuwara Persentase penduduk miskin tertinggi di Jawa-Bali, bahkan lebih tinggi dari Jawa Tengah yg punya populasi 10x lipatnya 😭😭 https://t.co/cdtc4ToXxq","persentase penduduk miskin tertinggi di jawa bali, bahkan lebih tinggi dari jawa tengah yg punya populasi 10x lipatnya",0,0,2,0,negative,0.6723548173904419,0.0,0.0,0.6723548173904419
1844317055903731893,2024-10-10 17:00:26+07:00,2024,10,2024-10-10,VIVAcoid,"Persentase penduduk miskin pada Maret 2024 sebesar 9,79 persen, menurun 0,56 persen poin terhadap Maret 2023. Jumlah penduduk miskin pada Maret 2024 sebesar 3,983 juta orang, menurun 0,206 juta orang terhadap Maret 2023. 

Berikut upaya Pemerintahan Jokowi dan hasilnya selama 10 https://t.co/ULccKjYR25","persentase penduduk miskin pada maret sebesar , persen, menurun , persen poin terhadap maret . jumlah penduduk miskin pada maret sebesar , juta orang, menurun , juta orang terhadap maret . berikut upaya pemerintahan jokowi dan hasilnya selama",0,0,0,0,neutral,0.9411295652389526,0.0,0.9411295652389526,0.0
1843072471395954706,2024-10-07 06:34:54+07:00,2024,10,2024-10-07,antmegapolitan,"Persentase penduduk miskin pada 2024 sebanyak 7,2 persen atau turun 0,3 persen dibandingkan 2023 yang saat itu 7,5 persen... https://t.co/c7CAqbNA9J","persentase penduduk miskin pada sebanyak , persen atau turun , persen dibandingkan yang saat itu , persen...",0,0,0,0,neutral,0.9341731667518616,0.0,0.9341731667518616,0.0
1842835283685044660,2024-10-06 14:52:24+07:00,2024,10,2024-10-06,solokselatankab,"Berdasarkan data BPS Solok Selatan, persentase penduduk miskin terus menurun setiap tahunnya sejak tahun 2019 lalu 

#solsel #solokselatan #sumbar https://t.co/UwLXgpwBCo","berdasarkan data bps solok selatan, persentase penduduk miskin terus menurun setiap tahunnya sejak tahun lalu solsel solokselatan sumbar",0,1,0,0,neutral,0.9905375838279724,0.0,0.9905375838279724,0.0
1862679212777513473,2024-11-30 09:05:05+07:00,2024,11,2024-11-30,mraldy13,"Kemisinan di Banten Mengalami Penurunan, mengamati data terkini, Persentase penduduk miskin di Provinsi Banten pada Maret 2024 tercatat sebesar 5,84%, menurun 0,33 persentase dari periode sebelumnya, dibulan Maret 2023 yang mencapai 6,17%
#Ekonomi
#Banten https://t.co/dyZaPxF3v5","kemisinan di banten mengalami penurunan, mengamati data terkini, persentase penduduk miskin di provinsi banten pada maret tercatat sebesar , , menurun , persentase dari periode sebelumnya, dibulan maret yang mencapai , ekonomi banten",0,0,0,0,neutral,0.910946249961853,0.0,0.910946249961853,0.0
1862274804981932383,2024-11-29 06:18:07+07:00,2024,11,2024-11-29,idoasberger,"@indrasbitchhere propinsi paling banyak orang miskinnya Jatim,propinsi persentase penduduk miskin terbanyak adl NTT!BUKAN JATENG!elu masih kemakan rethorika anti PDIP dengan ngambil sample Jateng,SBY dari Jatim bukan Jateng,Suharto dari Jogja,Sukarno Surabaya,Gusdur Jatim,Habibi Sulsel!","propinsi paling banyak orang miskinnya jatim,propinsi persentase penduduk miskin terbanyak adl ntt bukan jateng elu masih kemakan rethorika anti pdip dengan ngambil sample jateng,sby dari jatim bukan jateng,suharto dari jogja,sukarno surabaya,gusdur jatim,habibi sulsel",2,1,0,0,negative,0.9879004955291748,0.0,0.0,0.9879004955291748
1862040462825267502,2024-11-28 14:46:56+07:00,2024,11,2024-11-28,pudin69,"@gus_dibyo Coba aja liat statistik nya berapa persen yg berpendidikan tinggi dan rendah, liat juga persentase penduduk miskin nya. Faktor inilah yg dimanfaatkan, coba liat aja pilkada di Tegal sbg salah satu contohnya https://t.co/l5MSkshIIo","coba aja liat statistik nya berapa persen yg berpendidikan tinggi dan rendah, liat juga persentase penduduk miskin nya. faktor inilah yg dimanfaatkan, coba liat aja pilkada di tegal sbg salah satu contohnya",5,3,1,0,negative,0.7662297487258911,0.0,0.0,0.7662297487258911
1862028656979460378,2024-11-28 14:00:01+07:00,2024,11,2024-11-28,idoasberger,"@tekarok007 Heran aja masih pake stigma ginian buat ngatain Jateng,pdhal provinsi dengan jumlah penduduk miskin terbanyak adalah Jatim, sedangkan kalau berdasarkan persentase penduduk miskin maka nomer satu adl NTT","heran aja masih pake stigma ginian buat ngatain jateng,pdhal provinsi dengan jumlah penduduk miskin terbanyak adalah jatim, sedangkan kalau berdasarkan persentase penduduk miskin maka nomer satu adl ntt",0,1,1,0,negative,0.9409869909286499,0.0,0.0,0.9409869909286499
1860847358592065608,2024-11-25 07:45:57+07:00,2024,11,2024-11-25,viqhani,"@kompascom Pada tahun 2023, persentase penduduk miskin di Bengkulu sebesar 14,04%. Tingkat kemiskinan di Bengkulu hampir sama di pedesaan dan perkotaan. Udahlah provinsi mkskin di Sumatera . Dapat gubernur setan...  Selain bunga bangkai apa sih yg ada di bengkulu
 Ya pejabat kayak bangkee","pada tahun , persentase penduduk miskin di bengkulu sebesar , . tingkat kemiskinan di bengkulu hampir sama di pedesaan dan perkotaan. udahlah provinsi mkskin di sumatera . dapat gubernur setan... selain bunga bangkai apa sih yg ada di bengkulu ya pejabat kayak bangkee",101,6,5,0,negative,0.9905900955200195,0.0,0.0,0.9905900955200195
1859225406437822772,2024-11-20 20:20:54+07:00,2024,11,2024-11-20,lensaRTV,"Persentase penduduk miskin di Jateng lebih tinggi dibanding kondisi nasional yang sebesar 9,03 persen.

#debatpilgub #pilgubjateng #debatpilgubjateng #ahmadluthfi #kemiskinan #makanmurah #sekolahgratis #kesehatangratis","persentase penduduk miskin di jateng lebih tinggi dibanding kondisi nasional yang sebesar , persen. debatpilgub pilgubjateng debatpilgubjateng ahmadluthfi kemiskinan makanmurah sekolahgratis kesehatangratis",0,0,0,0,neutral,0.9918102622032166,0.0,0.9918102622032166,0.0
1854001971570860417,2024-11-06 10:24:50+07:00,2024,11,2024-11-06,BPS_Kobar,"[Mabar Asik Ep.34]🎮
Halo #SahabatData
Beberapa Indikator kunci yang dapat menggambarkan pembangunan daerah diantaranya pertumbuhan ekonomi, persentase penduduk miskin, persentase pengangguran, gini rasio, dan Indeks Pembangunan Manusia (IPM).

#MabarAsik yuk! https://t.co/aeyQOarAq2","mabar asik ep. halo sahabatdata beberapa indikator kunci yang dapat menggambarkan pembangunan daerah diantaranya pertumbuhan ekonomi, persentase penduduk miskin, persentase pengangguran, gini rasio, dan indeks pembangunan manusia ipm . mabarasik yuk",0,0,0,0,neutral,0.9510013461112976,0.0,0.9510013461112976,0.0
1862078080342458770,2024-11-28 17:16:24+07:00,2024,11,2024-11-28,fiansyah1_fian,"@dusrimulya Tahun 2024 malah naik peringkat ke 4.
Sumber: https://t.co/LWxgE8Quce https://t.co/tqP4oMgmF1",tahun malah naik peringkat ke . sumber,0,0,0,0,neutral,0.9649287462234497,0.0,0.9649287462234497,0.0
1862032402790613286,2024-11-28 14:14:54+07:00,2024,11,2024-11-28,fiansyah1_fian,"@wiariutami @Piyusaja2 ya dari BPS

https://t.co/LWxgE8Quce",ya dari bps,1,0,0,0,neutral,0.955880880355835,0.0,0.955880880355835,0.0
1870356468626829575,2024-12-21 13:31:46+07:00,2024,12,2024-12-21,cruisinglewy,"kayak gini cuma 1 dari sepersekian ribu atau ratusan ribu. faktor hoki. there's a reason why persentase penduduk miskin di indonesia masih 9,03%","kayak gini cuma dari sepersekian ribu atau ratusan ribu. faktor hoki. there s a reason why persentase penduduk miskin di indonesia masih ,",0,0,0,0,negative,0.9643254280090332,0.0,0.0,0.9643254280090332
1869320698046587211,2024-12-18 16:55:59+07:00,2024,12,2024-12-18,nonparametriek,"Persentase penduduk miskin =&gt; indikator.
DTKS &amp; Regsosek =&gt; database.

Sejauh ini, untuk urusan bantuan sosial, kita masih bergantung sama database yang penyusunannya bergantung pada konsen atau pelaporan kepala satuan setempat. Gak ada urusannya sama World Bank.","persentase penduduk miskin gt indikator. dtks amp regsosek gt database. sejauh ini, untuk urusan bantuan sosial, kita masih bergantung sama database yang penyusunannya bergantung pada konsen atau pelaporan kepala satuan setempat. gak ada urusannya sama world bank.",1,0,1,0,neutral,0.7808881402015686,0.0,0.7808881402015686,0.0
1867919826792091783,2024-12-14 20:09:25+07:00,2024,12,2024-12-14,maqdisasha,"Kepulauan Meranti merupakan kabupaten dengan persentase penduduk miskin tertinggi di Pulau Sumatera, di mana pada tahun 2022 sebesar 23,84% lalu pada tahun 2023 sempat turun menjadi 22,98% dan pada tahun 2024 kembali meningkat menjadi 23,15% https://t.co/l83r9Dq30j","kepulauan meranti merupakan kabupaten dengan persentase penduduk miskin tertinggi di pulau sumatera, di mana pada tahun sebesar , lalu pada tahun sempat turun menjadi , dan pada tahun kembali meningkat menjadi ,",21,2,1,0,neutral,0.7210960984230042,0.0,0.7210960984230042,0.0
1869178597963169833,2024-12-18 07:31:20+07:00,2024,12,2024-12-18,ashaabull,"Indonesia standar/garis kemiskinannya aja kalah dan gak update demi data yang bagus
Orang yang hanya mampu ngeluarin duit 20k sehari udah nggak dianggap miskin di Indonesia

https://t.co/TA1mu3ieGu 

https://t.co/Ck2EWdQnQj https://t.co/5S1Xvg0zuH",indonesia standar garis kemiskinannya aja kalah dan gak update demi data yang bagus orang yang hanya mampu ngeluarin duit 20k sehari udah nggak dianggap miskin di indonesia,0,0,1,0,negative,0.9963678121566772,0.0,0.0,0.9963678121566772
1866353077412049217,2024-12-10 12:23:43+07:00,2024,12,2024-12-10,MaliminRinaldi,"@anshory72 Angka Garis Kemiskinan Indonesia 2024 Rp 582.932 Mas

Angka di gambar yg Mas shared unt thn 2017

https://t.co/1ZHwvpdI5J",angka garis kemiskinan indonesia rp . mas angka di gambar yg mas shared unt thn,35,1,3,1,neutral,0.9967664480209351,0.0,0.9967664480209351,0.0
1928116104062197799,2025-05-29 22:47:56+07:00,2025,5,2025-05-29,AskPerplexity,"@grok @moluccas97 @wisnudinarko @Sentjoko @DedynurPalakka @jokowi Terkait hasil untuk pemasukan negara, selama 10 tahun kepemimpinan Jokowi, pendapatan negara dari sektor pajak memang naik, dengan tax ratio (pendapatan pajak terhadap PDB) mencapai 11,8% di akhir 2024, meski masih relatif rendah dibanding negara tetangga. 

Utang pemerintah naik","terkait hasil untuk pemasukan negara, selama tahun kepemimpinan jokowi, pendapatan negara dari sektor pajak memang naik, dengan tax ratio pendapatan pajak terhadap pdb mencapai , di akhir , meski masih relatif rendah dibanding negara tetangga. utang pemerintah naik",0,0,0,0,neutral,0.7758541703224182,0.0,0.7758541703224182,0.0
1926190486710104069,2025-05-24 15:16:13+07:00,2025,5,2025-05-24,qentrunx,"Tak habis pikir mengapa Indonesia yg memiliki SDA cukup besar tak dapat memberikan kesejahteraan bagi rakyatnya, terbelakang dibandingkan dgn negara-negara tetangga, bahkan terjerumus ke dlm jurang kemiskinan dgn jumlah persentase penduduk miskin tertinggi di antara negara ASEAN. https://t.co/s6gipcyYZq","tak habis pikir mengapa indonesia yg memiliki sda cukup besar tak dapat memberikan kesejahteraan bagi rakyatnya, terbelakang dibandingkan dgn negara negara tetangga, bahkan terjerumus ke dlm jurang kemiskinan dgn jumlah persentase penduduk miskin tertinggi di antara negara asean.",1,0,0,0,negative,0.9958184361457825,0.0,0.0,0.9958184361457825
1925864173256249639,2025-05-23 17:39:34+07:00,2025,5,2025-05-23,atipsthahir,"Indonesia menempati peringkat keempat dunia dalam daftar negara dengan persentase penduduk miskin terbanyak selama 2024, yakni mencapai 60,3 persen. Data ini dirilis Bank Dunia dalam laporan Macro Poverty Outlook edisi April 2025. https://t.co/ndlUWXppoV","indonesia menempati peringkat keempat dunia dalam daftar negara dengan persentase penduduk miskin terbanyak selama , yakni mencapai , persen. data ini dirilis bank dunia dalam laporan macro poverty outlook edisi april .",1,0,0,0,neutral,0.9749842882156372,0.0,0.9749842882156372,0.0
1925809880855613549,2025-05-23 14:03:50+07:00,2025,5,2025-05-23,coachaddie_off,"MINGGIR LU BANGSA MISKIN!

Hallo @prabowo

Menurut laporan Macro Poverty Outlook Bank Dunia (April 2025), Indonesia menempati posisi ke-4 dunia dalam hal persentase penduduk miskin, dengan angka 60,3%. Standar kemiskinan yang digunakan adalah penghasilan di bawah $6,85 https://t.co/9RcF8n2ILI","minggir lu bangsa miskin hallo menurut laporan macro poverty outlook bank dunia april , indonesia menempati posisi ke dunia dalam hal persentase penduduk miskin, dengan angka , . standar kemiskinan yang digunakan adalah penghasilan di bawah ,",1,1,0,0,negative,0.8994144201278687,0.0,0.0,0.8994144201278687
1924672128554811821,2025-05-20 10:42:48+07:00,2025,5,2025-05-20,pajakkotabumi,"[13] persentase penduduk miskin pada September 2024 adalah sebesar 8,57 %, menurun sebesar 0,46 persen terhadap Maret 2024, dan menurun sebesar 0,79 persen terhadap Maret 2023.","persentase penduduk miskin pada september adalah sebesar , , menurun sebesar , persen terhadap maret , dan menurun sebesar , persen terhadap maret .",0,0,1,0,neutral,0.9340324401855469,0.0,0.9340324401855469,0.0
1924672126126280809,2025-05-20 10:42:48+07:00,2025,5,2025-05-20,pajakkotabumi,"[12] Salah satu bukti kontribusi penerimaan negara yang berdampak pada kesejahteraan bangsa tereeksi pada turunnya persentase jumlah penduduk miskin pada tahun 2024. Dilansir dari data Badan Pusat Statistik tanggal 15 Januari 2025, ...","salah satu bukti kontribusi penerimaan negara yang berdampak pada kesejahteraan bangsa tereeksi pada turunnya persentase jumlah penduduk miskin pada tahun . dilansir dari data badan pusat statistik tanggal januari , ...",0,0,1,0,neutral,0.9268748164176941,0.0,0.9268748164176941,0.0
1924647304327528471,2025-05-20 09:04:10+07:00,2025,5,2025-05-20,warta_desa,"Meski diklaim dalam data BPS, kemiskinan di @kota_santri_  ini selalu turun, namun dibandingkan dengan kabupaten/kota lain di Jawa  Tengah, Kabupaten Pekalongan berada di urutan 22 dari 35 kabupaten/kota  dalam hal persentase penduduk miskin.","meski diklaim dalam data bps, kemiskinan di ini selalu turun, namun dibandingkan dengan kabupaten kota lain di jawa tengah, kabupaten pekalongan berada di urutan dari kabupaten kota dalam hal persentase penduduk miskin.",0,0,1,0,neutral,0.490144819021225,0.0,0.490144819021225,0.0
1939683973405540698,2025-06-30 20:54:31+07:00,2025,6,2025-06-30,Iqbal_langdon,"@kompascom Indonesia masuk peringkat 4 negara dengan persentase penduduk miskin tertinggi di dunia tahun 2024, mencapai 60,3%. https://t.co/IzBzbq8on5","indonesia masuk peringkat negara dengan persentase penduduk miskin tertinggi di dunia tahun , mencapai , .",49,15,8,3,neutral,0.7107429504394531,0.0,0.7107429504394531,0.0
1937101569348268502,2025-06-23 17:52:58+07:00,2025,6,2025-06-23,AwalilRizky,"Bank Dunia mengolah data serupa (Susenas) dengan BPS. Persentase penduduk miskin Indonesia 2024 garis kemiskinan Upper Middle Income Bank Dunia yang $6,85 (2017 PPP) sebesar 60,3% (168,41 juta); dan $8,3 (2021 PPP) sebesar 68,3% (190,75 juta). Ukuran BPS hanya 9,03% (25,22 juta). https://t.co/OcfuZMgezS","bank dunia mengolah data serupa susenas dengan bps. persentase penduduk miskin indonesia garis kemiskinan upper middle income bank dunia yang , ppp sebesar , , juta dan , ppp sebesar , , juta . ukuran bps hanya , , juta .",29,20,4,1,neutral,0.821139931678772,0.0,0.821139931678772,0.0
1937075040757190836,2025-06-23 16:07:33+07:00,2025,6,2025-06-23,AwalilRizky,"Bank Dunia mengolah data serupa BPS (Susenas). Persentase penduduk miskin Indonesia 2024 garis kemiskinan Lower Middle Income Bank Dunia yang $3,65 (2017 PPP) sebesar 15,6% (43,57 juta); yang $4,20 (2021 PPP) sebesar 19,99% (55,83 juta). Ukuran BPS hanya 9,03% (25,22 juta org). https://t.co/TY4CKe2e2D","bank dunia mengolah data serupa bps susenas . persentase penduduk miskin indonesia garis kemiskinan lower middle income bank dunia yang , ppp sebesar , , juta yang , ppp sebesar , , juta . ukuran bps hanya , , juta org .",63,37,3,2,neutral,0.8406184315681458,0.0,0.8406184315681458,0.0
1934474988792447233,2025-06-16 11:55:52+07:00,2025,6,2025-06-16,FPKSDPRRI,"Komisi XI DPR FPKS Anis Byarwati Usulkan Pemerintah Perlu Revisi Garis Kemiskinan Nasional 

Anggota Komisi XI DPR RI dari Fraksi PKS, Anis Byarwati, menyambut baik usulan DEN untuk merevisi garis kemiskinan nasional sebesar Rp595.242 per orang per bulan.

Menurutnya, standar https://t.co/M5eMQgaRHC","komisi xi dpr fpks anis byarwati usulkan pemerintah perlu revisi garis kemiskinan nasional anggota komisi xi dpr ri dari fraksi pks, anis byarwati, menyambut baik usulan den untuk merevisi garis kemiskinan nasional sebesar rp595. per orang per bulan. menurutnya, standar",19,4,2,0,neutral,0.9585313200950623,0.0,0.9585313200950623,0.0
1934429649834262932,2025-06-16 08:55:43+07:00,2025,6,2025-06-16,gembelsuci,"@Aceh @prabowo @DPDRI @DPR_RI @DPR_Aceh @humasaceh @KemenATRPBN @CNNIndonesia @serambinews @KoranRakyatAceh Dengan data ini, maka sumut akan bisa kelola pulau itu dgn maksimal.

Persentase Penduduk Miskin (P0) Menurut Provinsi dan Daerah - Tabel Statistik - Badan Pusat Statistik Indonesia.

https://t.co/17lY5ldy0m","dengan data ini, maka sumut akan bisa kelola pulau itu dgn maksimal. persentase penduduk miskin p0 menurut provinsi dan daerah tabel statistik badan pusat statistik indonesia.",0,0,0,0,neutral,0.8815683126449585,0.0,0.8815683126449585,0.0
1933500163374657705,2025-06-13 19:22:16+07:00,2025,6,2025-06-13,Om_HME,"@tempodotco Standar kemiskinan mau direvisi (dimanipulasi) bagaimana pun, sdh tdk bs menutupi fakta bahwa Indonesia adlh negara dgn persentase penduduk miskin terbanyak ke-2 stlh Zimbabwe.

Dan itu adalah legasi pemerintahan boneka JKW, yg LBP merupakan pemegang remote-nya.

Bangsat..","standar kemiskinan mau direvisi dimanipulasi bagaimana pun, sdh tdk bs menutupi fakta bahwa indonesia adlh negara dgn persentase penduduk miskin terbanyak ke stlh zimbabwe. dan itu adalah legasi pemerintahan boneka jkw, yg lbp merupakan pemegang remote nya. bangsat..",20,7,0,0,negative,0.9753938913345337,0.0,0.0,0.9753938913345337
1933389207273419198,2025-06-13 12:01:22+07:00,2025,6,2025-06-13,Om_HME,"Standar kemiskinan mau direvisi (dimanipulasi) bagaimana pun, sdh tdk bs menutupi fakta bahwa Indonesia adlh negara dgn persentase penduduk miskin terbanyak ke-2 stlh Zimbabwe.

Dan itu adalah legasi pemerintahan boneka JKW, yg LBP merupakan pemegang remote-nya.

Bangsat..","standar kemiskinan mau direvisi dimanipulasi bagaimana pun, sdh tdk bs menutupi fakta bahwa indonesia adlh negara dgn persentase penduduk miskin terbanyak ke stlh zimbabwe. dan itu adalah legasi pemerintahan boneka jkw, yg lbp merupakan pemegang remote nya. bangsat..",3,1,1,0,negative,0.9753938913345337,0.0,0.0,0.9753938913345337
1933389159177335022,2025-06-13 12:01:10+07:00,2025,6,2025-06-13,Om_HME,"@alisyarief @mardigu024 Standar kemiskinan mau direvisi (dimanipulasi) bagaimana pun, sdh tdk bs menutupi fakta bahwa Indonesia adlh negara dgn persentase penduduk miskin terbanyak ke-2 stlh Zimbabwe.

Dan itu adalah legasi pemerintahan boneka JKW, yg LBP merupakan pemegang remote-nya.

Bangsat..","standar kemiskinan mau direvisi dimanipulasi bagaimana pun, sdh tdk bs menutupi fakta bahwa indonesia adlh negara dgn persentase penduduk miskin terbanyak ke stlh zimbabwe. dan itu adalah legasi pemerintahan boneka jkw, yg lbp merupakan pemegang remote nya. bangsat..",1,0,1,0,negative,0.9753938913345337,0.0,0.0,0.9753938913345337
1933350681823551866,2025-06-13 09:28:17+07:00,2025,6,2025-06-13,ArtaN7707,"4 Mei 202510 negara dengan persentase penduduk miskin tertinggi, Indonesia posisi 4

Data Bank Dunia

#TitoPemecahBangsa 
#TitoPemecahBangsa https://t.co/Oes0WVt7cO","mei negara dengan persentase penduduk miskin tertinggi, indonesia posisi data bank dunia titopemecahbangsa titopemecahbangsa",20,13,3,0,neutral,0.9925811290740967,0.0,0.9925811290740967,0.0
1932988576293400628,2025-06-12 09:29:24+07:00,2025,6,2025-06-12,Jin_KohXi,"@kompascom Skrng jadi negara dengan persentase jumlah penduduk miskin no 2 di dunia wok @prabowo, hebat kan? Omon2 mulu cook","skrng jadi negara dengan persentase jumlah penduduk miskin no di dunia wok , hebat kan omon2 mulu cook",17,0,0,0,negative,0.9931910634040833,0.0,0.0,0.9931910634040833
1932792405960618353,2025-06-11 20:29:53+07:00,2025,6,2025-06-11,voxindonesia_id,"Dengan standar baru ini, Bank Dunia melaporkan bahwa persentase penduduk miskin di Indonesia melonjak menjadi 68,25% dari total populasi atau sekitar 194,6 juta jiwa.","dengan standar baru ini, bank dunia melaporkan bahwa persentase penduduk miskin di indonesia melonjak menjadi , dari total populasi atau sekitar , juta jiwa.",0,0,1,0,neutral,0.9011772274971008,0.0,0.9011772274971008,0.0
1932411211087540682,2025-06-10 19:15:09+07:00,2025,6,2025-06-10,LuqamChopin,"@BB_Rauna @mkoen13 @Franken_blues Kalo datanya bener justru Indonesia parah banget, itu kan yg ditulis persentase bukan jumlah satuannya. Berarti dengan jumlah penduduk yg besar, orang miskin di Indonesia sangat banyak.. semoga datanya salah..","kalo datanya bener justru indonesia parah banget, itu kan yg ditulis persentase bukan jumlah satuannya. berarti dengan jumlah penduduk yg besar, orang miskin di indonesia sangat banyak.. semoga datanya salah..",0,0,0,0,negative,0.9978886246681213,0.0,0.0,0.9978886246681213
1932387388439122001,2025-06-10 17:40:30+07:00,2025,6,2025-06-10,fx_raptor,"@gg_02022020 @March3n2312 @txtdrjkt Bahkan kalau pakai persentase penduduk miskin &lt;$6,85/hari (PPP 2017) versi World Bank, Indonesia ≈ 61,8%. Banyak negara di atas kita—Nigeria, Kongo, Madagaskar tembus 90%—kita bahkan gak masuk 10 besar.","bahkan kalau pakai persentase penduduk miskin lt , hari ppp versi world bank, indonesia , . banyak negara di atas kitanigeria, kongo, madagaskar tembus kita bahkan gak masuk besar.",0,0,0,0,negative,0.6017329096794128,0.0,0.0,0.6017329096794128
1932154949397516360,2025-06-10 02:16:52+07:00,2025,6,2025-06-10,Samuder53291026,"Indonesia sbg negara termiskin ke2 di dunia tdk didukung oleh data yg kredibel.Peringkat kemiskinan biasanya berdasar PDB per kapita,dan Indonesia jauh dari posisi terbawah. Klaim ini berasal dari interpretasi keliru ttg  persentase penduduk miskin berdasarkan standar Bank Dunia https://t.co/kLyTvNGI2L","indonesia sbg negara termiskin ke2 di dunia tdk didukung oleh data yg kredibel.peringkat kemiskinan biasanya berdasar pdb per kapita,dan indonesia jauh dari posisi terbawah. klaim ini berasal dari interpretasi keliru ttg persentase penduduk miskin berdasarkan standar bank dunia",1,0,1,0,negative,0.9785891175270081,0.0,0.0,0.9785891175270081
1932016456293814722,2025-06-09 17:06:32+07:00,2025,6,2025-06-09,anneserlo,"APAKAH INDONESIA TERMASUK NEGARA MISKIN?

Menurut data Bank Dunia, pada 2024 sekitar 60,3 % atau setara dengan 171 juta warga Indonesia hidup di bawah ambang kemiskinan negara berpendapatan menengah‑atas (US$ 6,85 per hari). Ini menempatkan Indonesia sebagai negara dengan","apakah indonesia termasuk negara miskin menurut data bank dunia, pada sekitar , atau setara dengan juta warga indonesia hidup di bawah ambang kemiskinan negara berpendapatan menengahatas us , per hari . ini menempatkan indonesia sebagai negara dengan",1,0,0,0,negative,0.7046521306037903,0.0,0.0,0.7046521306037903
1931943778266517552,2025-06-09 12:17:45+07:00,2025,6,2025-06-09,gwathrenin,"@txtdrjkt Bener juga kata Wowo, kita ini bangsa yang besar! Iya, besar persentase penduduk miskin terbanyak di dunia.","bener juga kata wowo, kita ini bangsa yang besar iya, besar persentase penduduk miskin terbanyak di dunia.",0,0,0,0,positive,0.7148953676223755,0.7148953676223755,0.0,0.0
1931934304969621564,2025-06-09 11:40:06+07:00,2025,6,2025-06-09,limlimbam,"Indonesia sama Brazil emang ya saudaraan, sama2 di 10 negara penduduk terbanyak, sama2 di 10 negara dengan persentase penduduk miskin terbanyak 
🙂","indonesia sama brazil emang ya saudaraan, sama2 di negara penduduk terbanyak, sama2 di negara dengan persentase penduduk miskin terbanyak",0,0,1,1,negative,0.7593497633934021,0.0,0.0,0.7593497633934021
1931786358294827329,2025-06-09 01:52:13+07:00,2025,6,2025-06-09,ArtaN7707,"4 Mei 202510 negara dengan persentase penduduk miskin tertinggi, Indonesia posisi 4

#2025JokowiGibranTamat 
#AdaAguanDiRajaAmpat 
#AdaAguanDiRajaAmpat https://t.co/iDfqYIY2OY","mei negara dengan persentase penduduk miskin tertinggi, indonesia posisi 2025jokowigibrantamat adaaguandirajaampat adaaguandirajaampat",1,1,0,0,neutral,0.97270667552948,0.0,0.97270667552948,0.0
1950751973118034148,2025-07-31 09:54:48+07:00,2025,7,2025-07-31,bappedajabar,"📉 Tingkat Kemiskinan di Jawa Barat Turun Lagi!

Pada Maret 2025, persentase penduduk miskin di Jawa Barat turun menjadi 7,02%, menurun 0,06 poin dari September 2024. Jumlah penduduk miskin juga berkurang sebanyak 13,61 ribu orang. 👏 https://t.co/XOknTZRmgq","tingkat kemiskinan di jawa barat turun lagi pada maret , persentase penduduk miskin di jawa barat turun menjadi , , menurun , poin dari september . jumlah penduduk miskin juga berkurang sebanyak , ribu orang.",0,0,10,0,neutral,0.7694447040557861,0.0,0.7694447040557861,0.0
1950715195871072286,2025-07-31 07:28:39+07:00,2025,7,2025-07-31,beritaKBR,"Fenomena rombongan jarang beli (Rojali) dan rombongan hanya tanya (Rohana) di mal dan pusat perbelanjaan banyak dikaitkan dengan kemiskinan di perkotaan. Rojali dan Rohana dianggap mencerminkan pelemahan daya beli karena masyarakat mengerem belanja.

Namun, analisis itu ditepis https://t.co/aCs5kqDvro","fenomena rombongan jarang beli rojali dan rombongan hanya tanya rohana di mal dan pusat perbelanjaan banyak dikaitkan dengan kemiskinan di perkotaan. rojali dan rohana dianggap mencerminkan pelemahan daya beli karena masyarakat mengerem belanja. namun, analisis itu ditepis",0,0,0,0,negative,0.6128740906715393,0.0,0.0,0.6128740906715393
1950408915310825600,2025-07-30 11:11:36+07:00,2025,7,2025-07-30,txtangkringan,"Badan Pusat Statistik (BPS) melaporkan bahwa per Maret 2025, 
persentase penduduk miskin turun menjadi 8.47% (sekitar 23.85 juta jiwa), 
dari sebelumnya 8.57% pada September 2024 (sekitar 24 juta jiwa).

https://t.co/g2xlcoDMXz","badan pusat statistik bps melaporkan bahwa per maret , persentase penduduk miskin turun menjadi . sekitar . juta jiwa , dari sebelumnya . pada september sekitar juta jiwa .",0,0,1,0,neutral,0.946061909198761,0.0,0.946061909198761,0.0
1950032371517915625,2025-07-29 10:15:21+07:00,2025,7,2025-07-29,Harian_Jogja,"Ekonom Sebut Persentase Penurunan Penduduk Miskin DIY Relatif Lambat, Ini Penyebabnya https://t.co/HBMtQlSZaP https://t.co/PhOudH1tvK","ekonom sebut persentase penurunan penduduk miskin diy relatif lambat, ini penyebabnya",0,0,0,0,neutral,0.9376609325408936,0.0,0.9376609325408936,0.0
1950019631160467843,2025-07-29 09:24:44+07:00,2025,7,2025-07-29,kompascom,"10 Provinsi dengan Tingkat Kemiskinan Tertinggi 2025, Pulau Jawa Mendominasi

Badan Pusat Statistik (BPS) merilis daftar provinsi dengan tingkat kemiskinan tertinggi pada 2025, baik dari segi jumlah maupun persentase.  

Berdasarkan laporan BPS, Jumat (25/7/2025), persentase https://t.co/uu7suhLhR1","provinsi dengan tingkat kemiskinan tertinggi , pulau jawa mendominasi badan pusat statistik bps merilis daftar provinsi dengan tingkat kemiskinan tertinggi pada , baik dari segi jumlah maupun persentase. berdasarkan laporan bps, jumat , persentase",1,0,1,0,neutral,0.8460763096809387,0.0,0.8460763096809387,0.0
1949957426066624969,2025-07-29 05:17:33+07:00,2025,7,2025-07-29,KompasData,"Data BPS Maret 2025 menunjukkan, persentase dan jumlah penduduk miskin turun, demikian pula kemiskinan ekstrem dan ketimpangan. Benarkah itu dirasakan masyarakat? #Tajuk #AdadiKompas

https://t.co/1Lhm7T8IaV","data bps maret menunjukkan, persentase dan jumlah penduduk miskin turun, demikian pula kemiskinan ekstrem dan ketimpangan. benarkah itu dirasakan masyarakat tajuk adadikompas",0,0,0,0,neutral,0.939565896987915,0.0,0.939565896987915,0.0
1949956670701912133,2025-07-29 05:14:33+07:00,2025,7,2025-07-29,hariankompas,"Data BPS Maret 2025 menunjukkan, persentase dan jumlah penduduk miskin turun, demikian pula kemiskinan ekstrem dan ketimpangan. Benarkah itu dirasakan masyarakat? #Tajuk #AdadiKompas

https://t.co/5z6Vl9HP1Y","data bps maret menunjukkan, persentase dan jumlah penduduk miskin turun, demikian pula kemiskinan ekstrem dan ketimpangan. benarkah itu dirasakan masyarakat tajuk adadikompas",2,0,0,1,neutral,0.939565896987915,0.0,0.939565896987915,0.0
1949820357021663656,2025-07-28 20:12:53+07:00,2025,7,2025-07-28,bpsprovdiy,"Secara absolut, terdapat 425,82 ribu penduduk miskin. Persentase penduduk miskin di perkotaan sebesar 10,16 persen, sedangkan di perdesaan sebesar 11,46 persen.

Garis kemiskinan pada Maret 2025 tercatat sebesar Rp 626.363/kapita/bulan. https://t.co/stLfrzSfiY","secara absolut, terdapat , ribu penduduk miskin. persentase penduduk miskin di perkotaan sebesar , persen, sedangkan di perdesaan sebesar , persen. garis kemiskinan pada maret tercatat sebesar rp . kapita bulan.",0,0,1,0,neutral,0.9180890321731567,0.0,0.9180890321731567,0.0
1949820310967976144,2025-07-28 20:12:42+07:00,2025,7,2025-07-28,bpsprovdiy,"Persentase Penduduk Miskin dan Ketimpangan Pengeluaran DIY Maret 2025 Turun 

#Sahabatdata, BPS mencatat persentase penduduk miskin DIY pada Maret 2025 sebesar 10,23 persen, atau turun 0,17 persen poin dibandingkan September 2024. https://t.co/mYvAO0a2Vq","persentase penduduk miskin dan ketimpangan pengeluaran diy maret turun sahabatdata, bps mencatat persentase penduduk miskin diy pada maret sebesar , persen, atau turun , persen poin dibandingkan september .",0,0,1,0,neutral,0.967968761920929,0.0,0.967968761920929,0.0
1949793532337938460,2025-07-28 18:26:18+07:00,2025,7,2025-07-28,guesihya,"@tempodotco Tolong buat berdasarkan jumlah penduduk miskin terbanyak per provinsi, bukan berdasarkan persentase","tolong buat berdasarkan jumlah penduduk miskin terbanyak per provinsi, bukan berdasarkan persentase",0,0,1,0,neutral,0.9373193383216858,0.0,0.9373193383216858,0.0
1949750800756187341,2025-07-28 15:36:30+07:00,2025,7,2025-07-28,detikkalimantan,10 Provinsi dengan Persentase Penduduk Miskin Tertinggi https://t.co/8IpRhAXQhR,provinsi dengan persentase penduduk miskin tertinggi,0,0,0,0,neutral,0.8689152598381042,0.0,0.8689152598381042,0.0
1949742319827300539,2025-07-28 15:02:48+07:00,2025,7,2025-07-28,radarsumbarcom,"BPS: Persentase Penduduk Miskin Turun jadi 8,47 Persen pada Maret 2025
https://t.co/dQJryHqrVr","bps persentase penduduk miskin turun jadi , persen pada maret",0,0,0,0,neutral,0.9897688627243042,0.0,0.9897688627243042,0.0
1949726517849985170,2025-07-28 14:00:00+07:00,2025,7,2025-07-28,Metro_TV,"BPS mengumumkan bahwa jumlah penduduk miskin di Indonesia pada Maret 2025 mencapai 23,85 juta orang. Angka ini menunjukkan penurunan tipis dibandingkan periode sebelumnya dan merupakan yang terendah dalam dua dekade terakhir. Persentase penduduk miskin terhadap total populasi https://t.co/sEjElwCTjH","bps mengumumkan bahwa jumlah penduduk miskin di indonesia pada maret mencapai , juta orang. angka ini menunjukkan penurunan tipis dibandingkan periode sebelumnya dan merupakan yang terendah dalam dua dekade terakhir. persentase penduduk miskin terhadap total populasi",3,1,0,0,neutral,0.9096991419792175,0.0,0.9096991419792175,0.0
1949470613695062452,2025-07-27 21:03:08+07:00,2025,7,2025-07-27,bpsprovjateng,"RIlis dilaksanakan secara daring melalui kanal Youtube BPS Provinsi Jawa Tengah.

Persentase penduduk miskin pada Maret 2025 sebesar 9,48 persen, mengalami penurunan, yaitu 0,10 persen poin dibanding September 2024 dan 0,99 persen poin dibanding Maret 2024. https://t.co/5Q0JrkpoyK","rilis dilaksanakan secara daring melalui kanal youtube bps provinsi jawa tengah. persentase penduduk miskin pada maret sebesar , persen, mengalami penurunan, yaitu , persen poin dibanding september dan , persen poin dibanding maret .",0,0,1,0,neutral,0.9460179805755615,0.0,0.9460179805755615,0.0
1949470597068779773,2025-07-27 21:03:04+07:00,2025,7,2025-07-27,bpsprovjateng,"Persentase Penduduk Miskin Maret 2025 Sebesar 9,48 Persen

BPS Provinsi Jawa Tengah menyelenggarakan Rilis Berita Resmi Statistik Indikator Strategis pada Jumat, 25 Juli 2025 yang disampaikan oleh Plt. Kepala BPS Provinsi Jawa Tengah, Endang Tri Wahyuningsih. https://t.co/PQ6dV3uYGz","persentase penduduk miskin maret sebesar , persen bps provinsi jawa tengah menyelenggarakan rilis berita resmi statistik indikator strategis pada jumat, juli yang disampaikan oleh plt. kepala bps provinsi jawa tengah, endang tri wahyuningsih.",0,0,1,0,neutral,0.9839097857475281,0.0,0.9839097857475281,0.0
1949444822433255886,2025-07-27 19:20:39+07:00,2025,7,2025-07-27,Om_HME,"@ARSIPAJA Standar kemiskinan mau direvisi (dimanipulasi) bagaimana pun, sdh tdk bs menutupi fakta bahwa Indonesia adlh negara dgn persentase penduduk miskin terbanyak ke-2 stlh Zimbabwe.

Dan itu adalah legasi pemerintahan boneka JKW, yg LBP merupakan pemegang remote-nya.

Bangsat..","standar kemiskinan mau direvisi dimanipulasi bagaimana pun, sdh tdk bs menutupi fakta bahwa indonesia adlh negara dgn persentase penduduk miskin terbanyak ke stlh zimbabwe. dan itu adalah legasi pemerintahan boneka jkw, yg lbp merupakan pemegang remote nya. bangsat..",0,0,0,0,negative,0.9753938913345337,0.0,0.0,0.9753938913345337
1949343120472129856,2025-07-27 12:36:31+07:00,2025,7,2025-07-27,Badika_,"Cici 
Benarkah Jumlah Penduduk miskin Indonesia turun? Berikut ini persentase nya. https://t.co/BuIYAiRj3X",cici benarkah jumlah penduduk miskin indonesia turun berikut ini persentase nya.,0,0,0,0,negative,0.63311767578125,0.0,0.0,0.63311767578125
1949323701545251103,2025-07-27 11:19:21+07:00,2025,7,2025-07-27,AwalilRizky,"Persentase Penduduk miskin ekstrem Indonesia pada 2024 standar US$3,00/orang/hari(2021 PPP) sebanyak 5,44%. Telah mencapai 0%: China (2021), Malaysia (2021), Thailand (2023). Mongolia: 0,44% (2022). Vietnam: 1,6% (2022). Indonesia targetkan 0% pada 2024, diubah lagi pada 2026. https://t.co/BIYfchMJ5U","persentase penduduk miskin ekstrem indonesia pada standar us , orang hari ppp sebanyak , . telah mencapai china , malaysia , thailand . mongolia , . vietnam , . indonesia targetkan pada , diubah lagi pada .",29,14,0,0,neutral,0.9509033560752869,0.0,0.9509033560752869,0.0
1949174406020042864,2025-07-27 01:26:06+07:00,2025,7,2025-07-27,cp_ino75218,"@hnirankara 20rb kebawah miskin. Klo pas 20rb itu gembel sih. Strata gembel versi bps lebih tinggi dr pada miskin. Versi bps penduduk miskin skrg 8.47% bank dunia di 60%an.
Anggap aja 51,63% versi bps dr persentase bank dunia itu namanya Gembel.","20rb kebawah miskin. klo pas 20rb itu gembel sih. strata gembel versi bps lebih tinggi dr pada miskin. versi bps penduduk miskin skrg . bank dunia di an. anggap aja , versi bps dr persentase bank dunia itu namanya gembel.",0,1,0,0,negative,0.9939543604850769,0.0,0.0,0.9939543604850769
1949118651292119136,2025-07-26 21:44:33+07:00,2025,7,2025-07-26,FuzaFirdaus,"Kalau menurut Justforstev24, Kalimantan Barat jauh lebih sejahtera dari Sarawak, persentase penduduk miskin lebih rendah.😂","kalau menurut justforstev24, kalimantan barat jauh lebih sejahtera dari sarawak, persentase penduduk miskin lebih rendah.",26,0,3,0,positive,0.5723410248756409,0.5723410248756409,0.0,0.0
1949064560855679223,2025-07-26 18:09:37+07:00,2025,7,2025-07-26,AwalilRizky,"Persentase penduduk miskin atas total penduduk di wilayahnya per Maret 2025: perkotaan (6,73%) dan perdesaan (11,03%). Selama setahun, perkotaan turun 0,36% poin dan perdesaan turun 0,76% poin. Laju penurunan di perkotaan lebih lambat, dan masih belum kembali ke era pra covid. https://t.co/RorWVm1T2Q","persentase penduduk miskin atas total penduduk di wilayahnya per maret perkotaan , dan perdesaan , . selama setahun, perkotaan turun , poin dan perdesaan turun , poin. laju penurunan di perkotaan lebih lambat, dan masih belum kembali ke era pra covid.",14,9,1,0,neutral,0.8680746555328369,0.0,0.8680746555328369,0.0
1949050451049201994,2025-07-26 17:13:33+07:00,2025,7,2025-07-26,IDNTimes,"Badan Pusat Statistik (BPS) melaporkan bahwa tingkat kemiskinan di Indonesia mengalami penurunan. Pada Maret 2025, jumlah penduduk miskin tercatat sebanyak 23,85 juta orang. Jumlah penduduk miskin turun lebih dari 200 ribu orang dibandingkan dengan kondisi pada September 2024, https://t.co/dXjBB4AQaa","badan pusat statistik bps melaporkan bahwa tingkat kemiskinan di indonesia mengalami penurunan. pada maret , jumlah penduduk miskin tercatat sebanyak , juta orang. jumlah penduduk miskin turun lebih dari ribu orang dibandingkan dengan kondisi pada september ,",0,0,0,0,neutral,0.7848999500274658,0.0,0.7848999500274658,0.0
1949002488994058734,2025-07-26 14:02:58+07:00,2025,7,2025-07-26,Beritasatu,"BPS Aceh mencatat jumlah penduduk miskin turun 14.264 orang pada Maret 2025 menjadi 704.690, namun persentase angka kemiskinannya masih paling tinggi di Sumatera.

Selalu update di https://t.co/KR6X4XL0d4 &amp; Youtube BeritaSatu!

#Aceh #Sumatera #AngkaKemiskinan #BeritaSatu https://t.co/D3xcalYzlB","bps aceh mencatat jumlah penduduk miskin turun . orang pada maret menjadi ., namun persentase angka kemiskinannya masih paling tinggi di sumatera. selalu update di amp youtube beritasatu aceh sumatera angkakemiskinan beritasatu",0,0,0,0,positive,0.7394765615463257,0.7394765615463257,0.0,0.0
1948995092418887785,2025-07-26 13:33:35+07:00,2025,7,2025-07-26,tvOneNews,"Kepala Badan Pusat Statistik (BPS) Jakarta, Nurul Hasanudin, menyebut tingkat kemiskinan di ibu kota meningkat pada Maret 2025. 

Nurul menyampaikan, persentase penduduk miskin Jakarta mencapai 4,28 persen, meningkat 0,14 persen poin dibandingkan September 2024 yang sebesar 4,14 https://t.co/YZ4SVpOnRR","kepala badan pusat statistik bps jakarta, nurul hasanudin, menyebut tingkat kemiskinan di ibu kota meningkat pada maret . nurul menyampaikan, persentase penduduk miskin jakarta mencapai , persen, meningkat , persen poin dibandingkan september yang sebesar ,",7,7,5,0,neutral,0.9383898973464966,0.0,0.9383898973464966,0.0
1948991492191912024,2025-07-26 13:19:16+07:00,2025,7,2025-07-26,AwalilRizky,"Jumlah penduduk miskin per Maret 2025 sebanyak 23,85 juta orang, berkurang 1,37 juta. Persentase penduduk miskin atas total penduduk sebesar 8,47%, turun 0,56% poin. Keduanya cenderung berkurang, namun lajunya melandai. Wajar jika penurunan signifikan tahun ini mengundang tanya. https://t.co/qmasMe34mW","jumlah penduduk miskin per maret sebanyak , juta orang, berkurang , juta. persentase penduduk miskin atas total penduduk sebesar , , turun , poin. keduanya cenderung berkurang, namun lajunya melandai. wajar jika penurunan signifikan tahun ini mengundang tanya.",30,13,1,0,neutral,0.7565961480140686,0.0,0.7565961480140686,0.0
1948985289449636117,2025-07-26 12:54:38+07:00,2025,7,2025-07-26,pojok6indonesia,"BPS : Persentase Penduduk Miskin Gorontalo Maret 2025 Capai 13,24 Persen 

https://t.co/tZszEkuBgu","bps persentase penduduk miskin gorontalo maret capai , persen",0,0,0,0,neutral,0.9856479167938232,0.0,0.9856479167938232,0.0
1948984629106753795,2025-07-26 12:52:00+07:00,2025,7,2025-07-26,pojok6indonesia,"Persentase Penduduk Miskin Gorontalo Capai 13,24 Persen, Wahyudin Katili : Angka Kemiskinan Menurun Konsisten 

https://t.co/vFnPmKtk9i

#gorontalomajudansejahtera","persentase penduduk miskin gorontalo capai , persen, wahyudin katili angka kemiskinan menurun konsisten gorontalomajudansejahtera",0,0,0,0,neutral,0.9679638743400574,0.0,0.9679638743400574,0.0
1948979128331632891,2025-07-26 12:30:09+07:00,2025,7,2025-07-26,Om_HME,"@kafiradikalis Standar kemiskinan mau direvisi (dimanipulasi) bagaimana pun, sdh tdk bs menutupi fakta bahwa Indonesia adlh negara dgn persentase penduduk miskin terbanyak ke-2 stlh Zimbabwe.

Dan itu adalah legasi pemerintahan boneka JKW, yg LBP merupakan pemegang remote-nya.

Bangsat..","standar kemiskinan mau direvisi dimanipulasi bagaimana pun, sdh tdk bs menutupi fakta bahwa indonesia adlh negara dgn persentase penduduk miskin terbanyak ke stlh zimbabwe. dan itu adalah legasi pemerintahan boneka jkw, yg lbp merupakan pemegang remote nya. bangsat..",1,0,0,0,negative,0.9753938913345337,0.0,0.0,0.9753938913345337
1948979105061634091,2025-07-26 12:30:03+07:00,2025,7,2025-07-26,Om_HME,"@ARSIPAJA Standar kemiskinan mau direvisi (dimanipulasi) bagaimana pun, sdh tdk bs menutupi fakta bahwa Indonesia adlh negara dgn persentase penduduk miskin terbanyak ke-2 stlh Zimbabwe.

Dan itu adalah legasi pemerintahan boneka JKW, yg LBP merupakan pemegang remote-nya.

Bangsat..","standar kemiskinan mau direvisi dimanipulasi bagaimana pun, sdh tdk bs menutupi fakta bahwa indonesia adlh negara dgn persentase penduduk miskin terbanyak ke stlh zimbabwe. dan itu adalah legasi pemerintahan boneka jkw, yg lbp merupakan pemegang remote nya. bangsat..",0,0,0,0,negative,0.9753938913345337,0.0,0.0,0.9753938913345337
1948959560829489652,2025-07-26 11:12:23+07:00,2025,7,2025-07-26,pasfm,"BPS catat, pada Maret 2025 jumlah penduduk miskin di Indonesia capai 23,85 juta orang, atau turun 200 ribu orang dibandingdengan September 2024. BPS sampaikan, angka kemiskinan Maret 2025 merupakan terendah sejak 20 tahun terakhir. Persentase penduduk miskin Maret 2025 itu turun","bps catat, pada maret jumlah penduduk miskin di indonesia capai , juta orang, atau turun ribu orang dibandingdengan september . bps sampaikan, angka kemiskinan maret merupakan terendah sejak tahun terakhir. persentase penduduk miskin maret itu turun",0,0,0,0,neutral,0.9046278595924377,0.0,0.9046278595924377,0.0
1948950159104061508,2025-07-26 10:35:02+07:00,2025,7,2025-07-26,pikiran_rakyat,"Badan Pusat Statistik (BPS) mencatat jumlah penduduk miskin di Indonesia mengalami penurunan pada Maret 2025. Deputi Bidang Statistik Sosial BPS, Ateng Hartono, menjelaskan bahwa garis kemiskinan nasional pada Maret 2025 ditetapkan sebesar Rp609.160 per kapita per bulan, atau https://t.co/ntomgwkd0y","badan pusat statistik bps mencatat jumlah penduduk miskin di indonesia mengalami penurunan pada maret . deputi bidang statistik sosial bps, ateng hartono, menjelaskan bahwa garis kemiskinan nasional pada maret ditetapkan sebesar rp609. per kapita per bulan, atau",3,0,3,1,neutral,0.9595130681991577,0.0,0.9595130681991577,0.0
1948773239079272787,2025-07-25 22:52:01+07:00,2025,7,2025-07-25,Om_HME,"@CNNIndonesia Standar kemiskinan mau direvisi (dimanipulasi) bagaimana pun, sdh tdk bs menutupi fakta bahwa Indonesia adlh negara dgn persentase penduduk miskin terbanyak ke-2 stlh Zimbabwe.

Dan itu adalah legasi pemerintahan boneka JKW, yg LBP merupakan pemegang remote-nya.

Bangsat..","standar kemiskinan mau direvisi dimanipulasi bagaimana pun, sdh tdk bs menutupi fakta bahwa indonesia adlh negara dgn persentase penduduk miskin terbanyak ke stlh zimbabwe. dan itu adalah legasi pemerintahan boneka jkw, yg lbp merupakan pemegang remote nya. bangsat..",0,0,0,0,negative,0.9753938913345337,0.0,0.0,0.9753938913345337
1948769162236756403,2025-07-25 22:35:49+07:00,2025,7,2025-07-25,txtdarillm,"BPS mencatat persentase penduduk miskin nasional turun ke 8,47% (Maret 2025). Namun, di perkotaan, jumlah penduduk miskin bertambah 220.000 orang, dari 6,66% menjadi 6,73%. Sebuah anomali yang perlu dicermati lebih dalam.","bps mencatat persentase penduduk miskin nasional turun ke , maret . namun, di perkotaan, jumlah penduduk miskin bertambah . orang, dari , menjadi , . sebuah anomali yang perlu dicermati lebih dalam.",0,1,2,0,neutral,0.7878983616828918,0.0,0.7878983616828918,0.0
1948764564482654404,2025-07-25 22:17:33+07:00,2025,7,2025-07-25,RadioElshinta,"Badan Pusat Statistik (BPS) mencatat persentase penduduk miskin pada Maret 2025 menurun 0,10 persen terhadap September 2024, menjadi 8,47 persen. Jumlah penduduk miskin berkurang 210.000 orang pada periode sama. Meski secara keseluruhan jumlah penduduk miskin menurun, BPS https://t.co/YyVT0AuCCk","badan pusat statistik bps mencatat persentase penduduk miskin pada maret menurun , persen terhadap september , menjadi , persen. jumlah penduduk miskin berkurang . orang pada periode sama. meski secara keseluruhan jumlah penduduk miskin menurun, bps",0,0,0,0,neutral,0.940561056137085,0.0,0.940561056137085,0.0
1948730442146087158,2025-07-25 20:01:57+07:00,2025,7,2025-07-25,bpsprovbali,"Tingkat Kemiskinan di Provinsi Bali Mengalami Penurunan Pada Maret 2025. 

Persentase penduduk miskin di Provinsi Bali pada Maret 2025 tercatat sebesar 3,72 persen, turun 0,08 persen poin terhadap September 2024 dan turun 0,28 persen poin terhadap Maret 2024. https://t.co/AaLh0r8bk3","tingkat kemiskinan di provinsi bali mengalami penurunan pada maret . persentase penduduk miskin di provinsi bali pada maret tercatat sebesar , persen, turun , persen poin terhadap september dan turun , persen poin terhadap maret .",0,0,1,0,neutral,0.9405129551887512,0.0,0.9405129551887512,0.0
1948697765166678333,2025-07-25 17:52:06+07:00,2025,7,2025-07-25,nu_online,"Jumlah penduduk miskin di Indonesia terus menunjukkan tren penurunan. Namun, data terbaru Badan Pusat Statistik (BPS) mencatat bahwa kemiskinan di wilayah perkotaan justru mengalami kenaikan. 

Per Maret 2025, jumlah penduduk miskin nasional tercatat sebanyak 23,85 juta jiwa, https://t.co/eQw9eY0eIH","jumlah penduduk miskin di indonesia terus menunjukkan tren penurunan. namun, data terbaru badan pusat statistik bps mencatat bahwa kemiskinan di wilayah perkotaan justru mengalami kenaikan. per maret , jumlah penduduk miskin nasional tercatat sebanyak , juta jiwa,",4,0,0,0,neutral,0.49697616696357727,0.0,0.49697616696357727,0.0
1948687314458476675,2025-07-25 17:10:35+07:00,2025,7,2025-07-25,kompascom,"Persentase penduduk miskin di Jawa Tengah pada Maret 2025 tercatat sebesar 9,48 persen. | #Kemiskinan #Jateng 

https://t.co/A3RwDM0RL6","persentase penduduk miskin di jawa tengah pada maret tercatat sebesar , persen. kemiskinan jateng",2,0,1,0,neutral,0.976594865322113,0.0,0.976594865322113,0.0
1948667634544697828,2025-07-25 15:52:23+07:00,2025,7,2025-07-25,tvOneNews,"Badan Pusat Statistik (BPS) mencatat jumlah penduduk miskin di Indonesia pada Maret 2025 sebanyak 23,85 juta orang.

Jumlah ini turun 0,2 juta orang dibandingkan dengan kondisi September 2024. Dalam persentase, tingkat kemiskinan nasional berada di angka 8,47 persen, turun 0,1 https://t.co/4QcQONGjUz","badan pusat statistik bps mencatat jumlah penduduk miskin di indonesia pada maret sebanyak , juta orang. jumlah ini turun , juta orang dibandingkan dengan kondisi september . dalam persentase, tingkat kemiskinan nasional berada di angka , persen, turun ,",8,0,50,0,neutral,0.6484936475753784,0.0,0.6484936475753784,0.0
1948640014356586524,2025-07-25 14:02:38+07:00,2025,7,2025-07-25,liputan6dotcom,"Badan Pusat Statistik (BPS) mencatat jumlah penduduk miskin Indonesia pada Maret 2025 mencapai 23,85 juta orang, turun 0,2 juta dari September 2024. Persentase kemiskinan nasional juga turun menjadi 8,47 persen. Penurunan ini mencerminkan pemulihan ekonomi dan stabilitas harga. https://t.co/d8Mn9K2VyB","badan pusat statistik bps mencatat jumlah penduduk miskin indonesia pada maret mencapai , juta orang, turun , juta dari september . persentase kemiskinan nasional juga turun menjadi , persen. penurunan ini mencerminkan pemulihan ekonomi dan stabilitas harga.",6,3,39,1,neutral,0.9317387342453003,0.0,0.9317387342453003,0.0
1948612602889970099,2025-07-25 12:13:42+07:00,2025,7,2025-07-25,dimas_satura,"Kendati begitu, Prabowo tidak merinci besaran angka penurunan pada kemiskinan dan pengangguran.  Menurut data BPS per 15 Januari 2025, persentase penduduk miskin pada September 2024 sebesar 8,57%, menurun 0,46% terhadap Maret 2024 dan menurun 0,79% terhadap Maret 2023.","kendati begitu, prabowo tidak merinci besaran angka penurunan pada kemiskinan dan pengangguran. menurut data bps per januari , persentase penduduk miskin pada september sebesar , , menurun , terhadap maret dan menurun , terhadap maret .",0,0,1,0,neutral,0.9236581325531006,0.0,0.9236581325531006,0.0
1948609158351389144,2025-07-25 12:00:01+07:00,2025,7,2025-07-25,officialinews_,"Badan Pusat Statistik (BPS) melaporkan tingkat kemiskinan Indonesia dari segi persentase jumlah penduduk miskin terhadap total populasi dari laporan pada Maret 2025. Deputi Bidang Statistik Sosial BPS, Ateng Hartono menjelaskan, persentase penduduk miskin pada Maret 2025 turun https://t.co/f1Cz832I4J","badan pusat statistik bps melaporkan tingkat kemiskinan indonesia dari segi persentase jumlah penduduk miskin terhadap total populasi dari laporan pada maret . deputi bidang statistik sosial bps, ateng hartono menjelaskan, persentase penduduk miskin pada maret turun",0,0,0,0,neutral,0.9593638181686401,0.0,0.9593638181686401,0.0
1948600846553677892,2025-07-25 11:26:59+07:00,2025,7,2025-07-25,pasfm,"Badan Pusat Statistik mencatat terdapat 23,85 juta penduduk miskin di Indonesia per Maret 2025. Angka ini mengalami penurunan 0,2 juta orang di bandingkan September 2024. BPS mengatakan angka ini merupakan 8,47% terhadap populasi di Indonesia. Persentase ini mengalami penurunan","badan pusat statistik mencatat terdapat , juta penduduk miskin di indonesia per maret . angka ini mengalami penurunan , juta orang di bandingkan september . bps mengatakan angka ini merupakan , terhadap populasi di indonesia. persentase ini mengalami penurunan",0,0,0,0,neutral,0.8971518874168396,0.0,0.8971518874168396,0.0
1948598220776767832,2025-07-25 11:16:33+07:00,2025,7,2025-07-25,FrankyTts,"Badan Pusat Statistik (BPS) mengungkap angka kemiskinan turun menjadi 23,85 juta orang per Maret 2025.
Saat ini penduduk miskin setara 8,47 persen dari total populasi Indonesia. Persentase itu turun 0,1 persen dibandingkan September lalu.
https://t.co/x2BhLkQqv0.","badan pusat statistik bps mengungkap angka kemiskinan turun menjadi , juta orang per maret . saat ini penduduk miskin setara , persen dari total populasi indonesia. persentase itu turun , persen dibandingkan september lalu.",0,0,0,0,neutral,0.6250903010368347,0.0,0.6250903010368347,0.0
1948585273572614244,2025-07-25 10:25:06+07:00,2025,7,2025-07-25,garudatvnews,"Persentase Penduduk Miskin Maret 2025 Turun Jadi 8,47%, Perubahan Signifikan di Perkotaan dan Perdesaan https://t.co/3FTPvQuG9A","persentase penduduk miskin maret turun jadi , , perubahan signifikan di perkotaan dan perdesaan",0,0,0,0,neutral,0.9769927263259888,0.0,0.9769927263259888,0.0
1948199792997523597,2025-07-24 08:53:21+07:00,2025,7,2025-07-24,FatiahEriska11,"@abu_waras persentase penduduk miskin pada September 2024 tercatat sebesar 8,57 persen. Angka ini memang menurun 0,46 persen poin dibanding Maret 2024, dan turun 0,79 persen poin dibanding Maret 2023. ini berdasarkan pada prosentase ya, bukan jumlah","persentase penduduk miskin pada september tercatat sebesar , persen. angka ini memang menurun , persen poin dibanding maret , dan turun , persen poin dibanding maret . ini berdasarkan pada prosentase ya, bukan jumlah",0,0,0,0,neutral,0.7072216868400574,0.0,0.7072216868400574,0.0
1945020824668246317,2025-07-15 14:21:15+07:00,2025,7,2025-07-15,djpbsulut,"Tingkat pengangguran &amp; ketimpangan berada dlm tren menurun, sementara persentase penduduk miskin berada di bawah tingkat nasional. Kinerja positif tersebut tidak terlepas dari aktivitas produksi &amp; bauran kebijakan pemerintah terhadap pertumbuhan ekonomi &amp; kesejahteraan masyarakat https://t.co/X4ld8b11WZ","tingkat pengangguran amp ketimpangan berada dlm tren menurun, sementara persentase penduduk miskin berada di bawah tingkat nasional. kinerja positif tersebut tidak terlepas dari aktivitas produksi amp bauran kebijakan pemerintah terhadap pertumbuhan ekonomi amp kesejahteraan masyarakat",0,0,1,0,neutral,0.5322878956794739,0.0,0.5322878956794739,0.0
1944769059083760069,2025-07-14 21:40:50+07:00,2025,7,2025-07-14,Om_HME,"Kata siapa?

Yg pasti itu, Indonesia negara ke-2 di dunia dgn persentase penduduk miskin terbanyak setelah Zimbabwe menurut Bank Dunia.

Amsiong..","kata siapa yg pasti itu, indonesia negara ke di dunia dgn persentase penduduk miskin terbanyak setelah zimbabwe menurut bank dunia. amsiong..",1,2,0,0,negative,0.9916016459465027,0.0,0.0,0.9916016459465027
1944769040272285960,2025-07-14 21:40:45+07:00,2025,7,2025-07-14,Om_HME,"@CNNIndonesia Kata siapa?

Yg pasti itu, Indonesia negara ke-2 di dunia dgn persentase penduduk miskin terbanyak setelah Zimbabwe menurut Bank Dunia.

Amsiong..","kata siapa yg pasti itu, indonesia negara ke di dunia dgn persentase penduduk miskin terbanyak setelah zimbabwe menurut bank dunia. amsiong..",0,0,0,0,negative,0.9916016459465027,0.0,0.0,0.9916016459465027
1944573234764292232,2025-07-14 08:42:42+07:00,2025,7,2025-07-14,amien_xkw,"Negara tanpa penegakkan hukum, pemberantasan korupsi dan makin bertambahnya persentase penduduk miskin, Indonesia mau tampil di forum PBB. Indonesia mirip India, besar kepala tak sadar diri. Bagai kucing berhalusinasi jadi macan.","negara tanpa penegakkan hukum, pemberantasan korupsi dan makin bertambahnya persentase penduduk miskin, indonesia mau tampil di forum pbb. indonesia mirip india, besar kepala tak sadar diri. bagai kucing berhalusinasi jadi macan.",0,0,0,0,negative,0.9973044395446777,0.0,0.0,0.9973044395446777
1958034862109065548,2025-08-20 12:14:24+07:00,2025,8,2025-08-20,Om_HME,"Kurang bangsat apa, data per org dijadikan per kapita.

Akrobat data yg semakin memalukan stlh data kemiskinan Indonesia dipermalukan oleh data Bank Dunia sbg negara dgn persentase penduduk miskin terbesar ke-2 stlh Zimbabwe.","kurang bangsat apa, data per org dijadikan per kapita. akrobat data yg semakin memalukan stlh data kemiskinan indonesia dipermalukan oleh data bank dunia sbg negara dgn persentase penduduk miskin terbesar ke stlh zimbabwe.",1,1,0,0,negative,0.9975764155387878,0.0,0.0,0.9975764155387878
1958034841917939814,2025-08-20 12:14:19+07:00,2025,8,2025-08-20,Om_HME,"@hipohan Kurang bangsat apa, data per org dijadikan per kapita.

Akrobat data yg semakin memalukan stlh data kemiskinan Indonesia dipermalukan oleh data Bank Dunia sbg negara dgn persentase penduduk miskin terbesar ke-2 stlh Zimbabwe.","kurang bangsat apa, data per org dijadikan per kapita. akrobat data yg semakin memalukan stlh data kemiskinan indonesia dipermalukan oleh data bank dunia sbg negara dgn persentase penduduk miskin terbesar ke stlh zimbabwe.",7,1,0,0,negative,0.9975764155387878,0.0,0.0,0.9975764155387878
1958031238763360495,2025-08-20 12:00:00+07:00,2025,8,2025-08-20,GNFI,"Terdapat 15 aspek lain perbandingan Indonesia tahun 1945 dengan 2025 seperti: Angka kelahiran penduduk, rata-rata lama sekolah, pengangguran terbuka, rasio gini, persentase penduduk miskin, dll. 

Perbandingan antara Indonesia tahun 1945 dan 2025 sangat penting karena https://t.co/kbX6YipEre","terdapat aspek lain perbandingan indonesia tahun dengan seperti angka kelahiran penduduk, rata rata lama sekolah, pengangguran terbuka, rasio gini, persentase penduduk miskin, dll. perbandingan antara indonesia tahun dan sangat penting karena",15,6,0,1,neutral,0.8171897530555725,0.0,0.8171897530555725,0.0
1955846045214368025,2025-08-14 11:16:49+07:00,2025,8,2025-08-14,egiitaaa,"@truthcoldback 5.1. selain pendekatan CBN (Cost of Basic Needs; i.e. pengeluaran per kapita), BPS juga menggunakan beberapa indikator lain untuk mengukur kemiskinan, termasuk Persentase Penduduk Miskin (P0), Indeks Kedalaman Kemiskinan (P1), dan Indeks Keparahan Kemiskinan (P2)",".. selain pendekatan cbn cost of basic needs i.e. pengeluaran per kapita , bps juga menggunakan beberapa indikator lain untuk mengukur kemiskinan, termasuk persentase penduduk miskin p0 , indeks kedalaman kemiskinan p1 , dan indeks keparahan kemiskinan p2",0,0,1,0,neutral,0.8402697443962097,0.0,0.8402697443962097,0.0
1954318987929760208,2025-08-10 06:08:50+07:00,2025,8,2025-08-10,asyouwishweh,@ARSIPAJA kalo data persentase penduduk miskin juga bisa engga sih? apa karena perbedaan persepsi standar batas miskin jadi valid valid aja?,kalo data persentase penduduk miskin juga bisa engga sih apa karena perbedaan persepsi standar batas miskin jadi valid valid aja,0,0,1,0,negative,0.8106448650360107,0.0,0.0,0.8106448650360107
1953746801028477097,2025-08-08 16:15:10+07:00,2025,8,2025-08-08,serambinews,"Garis Kemiskinan Aceh Singkil Terus Naik, Pengeluaran Per Kapita Rp 609.322/ Bulan

Jika dibandingkan empat tahun terakhir, maka persentase penduduk miskin Aceh Singkil, mengalami penurunan. 

https://t.co/6mDnHZ1kVd","garis kemiskinan aceh singkil terus naik, pengeluaran per kapita rp . bulan jika dibandingkan empat tahun terakhir, maka persentase penduduk miskin aceh singkil, mengalami penurunan.",1,1,0,0,neutral,0.8246733546257019,0.0,0.8246733546257019,0.0
1953299743704269222,2025-08-07 10:38:44+07:00,2025,8,2025-08-07,lampunggehh,"Lampung masih masuk 10 besar jumlah penduduk miskin di Indonesia!

Menurut data BPS RI dalam rilis Profil Kemiskinan pada Maret 2025, jumlah penduduk miskin di Provinsi Lampung tercatat 887,02 ribu jiwa, menjadikannya provinsi dengan jumlah penduduk miskin terbanyak ke-7 https://t.co/tonIgWExf8","lampung masih masuk besar jumlah penduduk miskin di indonesia menurut data bps ri dalam rilis profil kemiskinan pada maret , jumlah penduduk miskin di provinsi lampung tercatat , ribu jiwa, menjadikannya provinsi dengan jumlah penduduk miskin terbanyak ke",1,0,0,0,negative,0.7638521194458008,0.0,0.0,0.7638521194458008
1952610519892046196,2025-08-05 13:00:00+07:00,2025,8,2025-08-05,akuratco,"Angka Kemiskinan Turun, Data BPS Dinilai Sudah Usang, Penduduk Miskin Kota Malah Meningkat!

Data terbaru dari Badan Pusat Statistik (BPS) pada Maret 2025 menunjukkan adanya fenomena menarik sekaligus mengkhawatirkan terkait angka kemiskinan di Indonesia.

Dimana persentase https://t.co/qd1l2FeJKL","angka kemiskinan turun, data bps dinilai sudah usang, penduduk miskin kota malah meningkat data terbaru dari badan pusat statistik bps pada maret menunjukkan adanya fenomena menarik sekaligus mengkhawatirkan terkait angka kemiskinan di indonesia. dimana persentase",0,0,0,0,negative,0.8436650633811951,0.0,0.0,0.8436650633811951
1951230452507046221,2025-08-01 17:36:06+07:00,2025,8,2025-08-01,Om_HME,"@elisa_jkt Standar kemiskinan mau direvisi (dimanipulasi) bagaimana pun, sdh tdk bs menutupi fakta bahwa Indonesia adlh negara dgn persentase penduduk miskin terbanyak ke-2 stlh Zimbabwe.

Dan itu adalah legasi pemerintahan boneka JKW, yg LBP merupakan pemegang remote-nya.

Bangsat..","standar kemiskinan mau direvisi dimanipulasi bagaimana pun, sdh tdk bs menutupi fakta bahwa indonesia adlh negara dgn persentase penduduk miskin terbanyak ke stlh zimbabwe. dan itu adalah legasi pemerintahan boneka jkw, yg lbp merupakan pemegang remote nya. bangsat..",4,0,0,0,negative,0.9753938913345337,0.0,0.0,0.9753938913345337
1970297106276728954,2025-09-23 08:20:11+07:00,2025,9,2025-09-23,bpsmojokerto,"Telah Terbit 📌
Berita Resmi Statistik Profil Kemiskinan Kabupaten Mojokerto Maret 2025

Akhirnya yang ditunggu-tunggu telah rilis, persentase penduduk miskin pada Maret 2025 sebesar 8,79 persen atau menurun 0,58 persen poin terhadap Maret 2024.
Selengkapnya dapat dilihat...","telah terbit berita resmi statistik profil kemiskinan kabupaten mojokerto maret akhirnya yang ditunggu tunggu telah rilis, persentase penduduk miskin pada maret sebesar , persen atau menurun , persen poin terhadap maret . selengkapnya dapat dilihat...",0,0,1,0,neutral,0.9632612466812134,0.0,0.9632612466812134,0.0
1970280866661441742,2025-09-23 07:15:39+07:00,2025,9,2025-09-23,bpsmojokerto,"Persentase Penduduk miskin (Po) Kab Mojokerto 2025 sebesar 8,79 persen mengalami penurunan dibanding 2024 yang sebesar 9,37persen.

Adapun jumlah penduduk miskin 2025 tercatat sebesar 102,67 ribu jiwa, mengalami penurunan dibandingkan tahun 2024 yang sebesar 108,72 ribu jiwa.","persentase penduduk miskin po kab mojokerto sebesar , persen mengalami penurunan dibanding yang sebesar ,37persen. adapun jumlah penduduk miskin tercatat sebesar , ribu jiwa, mengalami penurunan dibandingkan tahun yang sebesar , ribu jiwa.",0,0,1,0,neutral,0.9597730040550232,0.0,0.9597730040550232,0.0
1982634410001432983,2025-10-27 09:24:13+07:00,2025,10,2025-10-27,PonorogoKab,"Tren positif di Ponorogo ini sejalan dengan kondisi Provinsi Jawa Timur yang juga mengalami penurunan kemiskinan. Berdasarkan data BPS Jawa Timur, pada Maret 2025 persentase penduduk miskin di provinsi ini mencapai 9,5 persen, turun dari 9,56 persen pada Maret 2024.","tren positif di ponorogo ini sejalan dengan kondisi provinsi jawa timur yang juga mengalami penurunan kemiskinan. berdasarkan data bps jawa timur, pada maret persentase penduduk miskin di provinsi ini mencapai , persen, turun dari , persen pada maret .",0,0,1,0,neutral,0.6053650379180908,0.0,0.6053650379180908,0.0
1982634408093106453,2025-10-27 09:24:13+07:00,2025,10,2025-10-27,PonorogoKab,"Berdasarkan persentase penduduk miskin di Kabupaten Ponorogo dalam rentang waktu satu tahun, persentasenya menurun 0,25 persen poin, dari 9,11 persen pada Maret 2024 menjadi 8,86 persen pada Maret 2025.","berdasarkan persentase penduduk miskin di kabupaten ponorogo dalam rentang waktu satu tahun, persentasenya menurun , persen poin, dari , persen pada maret menjadi , persen pada maret .",0,0,1,0,neutral,0.9719110727310181,0.0,0.9719110727310181,0.0
1992627454243201084,2025-11-23 23:13:00+07:00,2025,11,2025-11-23,jusapluka,@O5Bravo bagaimana dengan data persentase penduduk miskin dan hdi disana?🤔,bagaimana dengan data persentase penduduk miskin dan hdi disana,0,0,0,0,negative,0.9780375957489014,0.0,0.0,0.9780375957489014
1991767376170262544,2025-11-21 14:15:22+07:00,2025,11,2025-11-21,radarmadiunweb,"BPS Madiun mencatat persentase miskin turun, namun jumlah penduduk miskin naik akibat populasi meningkat. Garis kemiskinan juga ikut naik. https://t.co/hdPG6pHw5K","bps madiun mencatat persentase miskin turun, namun jumlah penduduk miskin naik akibat populasi meningkat. garis kemiskinan juga ikut naik.",0,0,0,0,neutral,0.8855714201927185,0.0,0.8855714201927185,0.0
1989156944737927670,2025-11-14 09:22:27+07:00,2025,11,2025-11-14,komdigi_jateng,"Menurutnya, model percepatan itu terbukti efektif. Berdasarkan data Badan Pusat Statistik (BPS) Jateng, persentase penduduk miskin di provinsi ini turun dari 9,58 persen pada September 2024, menjadi 9,48 persen pada Maret 2025, atau turun 0,10 persen.","menurutnya, model percepatan itu terbukti efektif. berdasarkan data badan pusat statistik bps jateng, persentase penduduk miskin di provinsi ini turun dari , persen pada september , menjadi , persen pada maret , atau turun , persen.",0,0,1,0,positive,0.6413835287094116,0.6413835287094116,0.0,0.0
1988860606791786531,2025-11-13 13:44:54+07:00,2025,11,2025-11-13,babagajah46,"Angka tak pernah bohong.
Dalam dua dekade, persentase penduduk miskin turun dari sekitar 60% menjadi di bawah 15%. Sebuah lompatan luar biasa di masa kepemimpinan Soeharto.
https://t.co/fm253a3Srq","angka tak pernah bohong. dalam dua dekade, persentase penduduk miskin turun dari sekitar menjadi di bawah . sebuah lompatan luar biasa di masa kepemimpinan soeharto.",0,0,0,0,positive,0.9660729765892029,0.9660729765892029,0.0,0.0
1987878368394809751,2025-11-10 20:41:50+07:00,2025,11,2025-11-10,indozonemedia,"Di Indonesia saat ini, tantangan kemiskinan masih nyata meski dalam tren penurunan. Berdasarkan data Badan Pusat Statistik (BPS), persentase penduduk miskin pada Maret 2025 tercatat sebesar 8,47 % atau setara dengan 23,85 juta orang. 

Lebih lanjut, kemiskinan ekstrem tercatat https://t.co/WpJieHf7Fn","di indonesia saat ini, tantangan kemiskinan masih nyata meski dalam tren penurunan. berdasarkan data badan pusat statistik bps , persentase penduduk miskin pada maret tercatat sebesar , atau setara dengan , juta orang. lebih lanjut, kemiskinan ekstrem tercatat",0,0,0,0,positive,0.4101529121398926,0.4101529121398926,0.0,0.0
1987763102964666797,2025-11-10 13:03:49+07:00,2025,11,2025-11-10,bettwerg,Persentase penduduk miskin menurun drastis selama periode Orde Baru itu adalah Jasa Pak Harto yang sangat berdampak pada rakyat kecil Pahlawan Juga Manusia https://t.co/CU0SAXHhWM,persentase penduduk miskin menurun drastis selama periode orde baru itu adalah jasa pak harto yang sangat berdampak pada rakyat kecil pahlawan juga manusia,0,0,1,0,positive,0.9484630823135376,0.9484630823135376,0.0,0.0
1986607157777973394,2025-11-07 08:30:30+07:00,2025,11,2025-11-07,bpskabwonogiri,"Persentase penduduk miskin pada Maret 2025 sebesar 9,59 persen, mengalami penurunan, yaitu 1,12 persen poin dibanding Maret 2024. Garis Kemiskinan pada Maret 2025 tercatat sebesar Rp479.566/kapita/bulan meningkat 8,12 persen dibanding Maret 2024. https://t.co/WY5sWZrM1Z","persentase penduduk miskin pada maret sebesar , persen, mengalami penurunan, yaitu , persen poin dibanding maret . garis kemiskinan pada maret tercatat sebesar rp479. kapita bulan meningkat , persen dibanding maret .",0,0,1,0,neutral,0.9454190731048584,0.0,0.9454190731048584,0.0
2001952713052164535,2025-12-19 16:48:15+07:00,2025,12,2025-12-19,alineadotid,"Menteri Dalam Negeri Muhammad Tito Karnavian menegaskan persentase kemiskinan Papua tergolong sangat tinggi meski jumlah penduduk miskin bukan yang terbesar nasional. 

#PembangunanPapua #Mendagri #Yukgasss",menteri dalam negeri muhammad tito karnavian menegaskan persentase kemiskinan papua tergolong sangat tinggi meski jumlah penduduk miskin bukan yang terbesar nasional. pembangunanpapua mendagri yukgasss,0,0,1,0,neutral,0.9680717587471008,0.0,0.9680717587471008,0.0
1999694885801328837,2025-12-13 11:16:27+07:00,2025,12,2025-12-13,RadioElshinta,"Program Makan Bergizi Gratis Jadi Investasi Strategis SDM Menuju Indonesia Emas 2045

Program Makan Bergizi Gratis (MBG) yang dicanangkan pemerintah ditegaskan sebagai investasi jangka panjang untuk menyiapkan kualitas sumber daya manusia Indonesia menuju Indonesia Emas 2045. https://t.co/3PwSZHHkb0",program makan bergizi gratis jadi investasi strategis sdm menuju indonesia emas program makan bergizi gratis mbg yang dicanangkan pemerintah ditegaskan sebagai investasi jangka panjang untuk menyiapkan kualitas sumber daya manusia indonesia menuju indonesia emas .,0,0,0,0,positive,0.8749092221260071,0.8749092221260071,0.0,0.0
1998422704722973177,2025-12-09 23:01:16+07:00,2025,12,2025-12-09,IndonesiaCrowd,Top 5 provinsi dengan persentase penduduk miskin terendah di Indonesia menurut data BPS 2025 https://t.co/9sUwRkZPUl,top provinsi dengan persentase penduduk miskin terendah di indonesia menurut data bps,0,0,0,0,neutral,0.9884926080703735,0.0,0.9884926080703735,0.0
1997253022196625799,2025-12-06 17:33:22+07:00,2025,12,2025-12-06,yangbikinrb,"@rommybrother @pakmurdian @pepengnursery @rahmatsn masnya liat saya pake bahasa kasar? masnya bisa nyusun argumen, silakan saya baca, saya hargai. lagipula saya ga bilang world bank pake standar atau indikator yg mana, saya hanya ngutip versi persentase angka penduduk miskin di Indonesia menurut world bank.","masnya liat saya pake bahasa kasar masnya bisa nyusun argumen, silakan saya baca, saya hargai. lagipula saya ga bilang world bank pake standar atau indikator yg mana, saya hanya ngutip versi persentase angka penduduk miskin di indonesia menurut world bank.",1,0,0,0,negative,0.9515225887298584,0.0,0.0,0.9515225887298584
1996929105808535849,2025-12-05 20:06:14+07:00,2025,12,2025-12-05,ImaginarySteady,"Gini Mamas, konsepnya itu sederhana. 
Daerah dgn hasil kaya tetapi penduduknya seperti dimiskinkan. Mereka itu uhm, mungkin bukan sombong tetapi lebih ingin menegaskan, provinsinya sebenarnya kaya. Jadi semacam, ingin menunjukan pride dan bahkan (mungkin), merasa dianak","gini mamas, konsepnya itu sederhana. daerah dgn hasil kaya tetapi penduduknya seperti dimiskinkan. mereka itu uhm, mungkin bukan sombong tetapi lebih ingin menegaskan, provinsinya sebenarnya kaya. jadi semacam, ingin menunjukan pride dan bahkan mungkin , merasa dianak",1,0,0,0,negative,0.9733496904373169,0.0,0.0,0.9733496904373169
1996409427428278435,2025-12-04 09:41:13+07:00,2025,12,2025-12-04,Harian_Pilar,"Pemerintah Provinsi (Pemprov) Lampung meraih penghargaan dari Kementerian Dalam Negeri (Kemendagri) sebagai Provinsi dengan Penanggulangan Kemiskinan Terbaik untuk kategori fiskal tinggi. Lampung berhasil mencatat penurunan persentase penduduk miskin sebesar 0,69 persen, https://t.co/tTNCbrfBpr","pemerintah provinsi pemprov lampung meraih penghargaan dari kementerian dalam negeri kemendagri sebagai provinsi dengan penanggulangan kemiskinan terbaik untuk kategori fiskal tinggi. lampung berhasil mencatat penurunan persentase penduduk miskin sebesar , persen,",0,0,1,0,neutral,0.5072555541992188,0.0,0.5072555541992188,0.0
2016098311145717967,2026-01-27 17:37:49+07:00,2026,1,2026-01-27,SMandasia,"@davidsunarna Memang dirancang tetap bodoh dan miskin, coba liat persentase penduduk miskinnya kan di sekitar 60%. Tau lah persentase segitu berguna buat event apa dan siapa aja kan 🤭","memang dirancang tetap bodoh dan miskin, coba liat persentase penduduk miskinnya kan di sekitar . tau lah persentase segitu berguna buat event apa dan siapa aja kan",0,0,1,0,negative,0.9871850609779358,0.0,0.0,0.9871850609779358
2014508178176971099,2026-01-23 08:19:12+07:00,2026,1,2026-01-23,abdulah_se33672,@KangManto123 Kata World Bank 2025 menunjukkan Indonesia berada di peringkat ke2 atau ke4 dunia dalam jumlah penduduk miskin terbanyak (bukan negara termiskin secara total PDB) berdasarkan standar garis kemiskinan internasional dengan persentase populasi signifikan yang masuk kategoris mis,kataworld bank2025 menunjukkan indonesia berada di peringkat ke2 atau ke4 dunia dalamjumlah penduduk miskin terbanyak bukan negara termiskin secara total pdb berdasarkan standar garis kemiskinan internasional dengan persentase populasi signifikan yang masuk kategoris mis,3,0,0,0,neutral,0.6021654605865479,0.0,0.6021654605865479,0.0
2014233131604410581,2026-01-22 14:06:15+07:00,2026,1,2026-01-22,XRenSteve,"@O5Bravo Entah siapa yang buat dengan standar apa data itu yang pasti tidak relevan, lebih baik dihitung daya beli dengan gaji baru pas, ada belasan atau puluhan negara di afrika sana jauh lebih miskin dari penduduk indonesia dan secara persentase juga","entah siapa yang buat dengan standar apa data itu yang pasti tidak relevan, lebih baik dihitung daya beli dengan gaji baru pas, ada belasan atau puluhan negara di afrika sana jauh lebih miskin dari penduduk indonesia dan secara persentase juga",1,1,0,0,negative,0.9935763478279114,0.0,0.0,0.9935763478279114
2013790714870518216,2026-01-21 08:48:15+07:00,2026,1,2026-01-21,chimex_1,"@SecretFanz05 @Catatan_ali7 @grok Lah, Lo yang goblok!!!
Data itu bukan data daftar negara2 miskin.
Data itu menunjukkan persentasi rakyat miskin di berbagai negara.
China 11.9% Thailand 7.1% itu persentase jumlah penduduk miskin.
Paham lol?!","lah, lo yang goblok data itu bukan data daftar negara2 miskin. data itu menunjukkan persentasi rakyat miskin di berbagai negara. china . thailand . itu persentase jumlah penduduk miskin. paham lol",0,0,0,0,negative,0.9978808760643005,0.0,0.0,0.9978808760643005
2013064518927307197,2026-01-19 08:42:36+07:00,2026,1,2026-01-19,Om_HME,"Standar kemiskinan mau direvisi (dimanipulasi) bagaimana pun, sdh tdk bs menutupi fakta bahwa Indonesia adlh negara dgn persentase penduduk miskin terbanyak ke-2 stlh Zimbabwe.

Dan itu adalah legasi pemerintahan boneka JKW, yg LBP merupakan pemegang remote-nya.

Bangsat.. https://t.co/wBe0ZcrCU0","standar kemiskinan mau direvisi dimanipulasi bagaimana pun, sdh tdk bs menutupi fakta bahwa indonesia adlh negara dgn persentase penduduk miskin terbanyak ke stlh zimbabwe. dan itu adalah legasi pemerintahan boneka jkw, yg lbp merupakan pemegang remote nya. bangsat..",1,1,2,0,negative,0.9753938913345337,0.0,0.0,0.9753938913345337
2013064487784612137,2026-01-19 08:42:29+07:00,2026,1,2026-01-19,Om_HME,"@RagilSemar Standar kemiskinan mau direvisi (dimanipulasi) bagaimana pun, sdh tdk bs menutupi fakta bahwa Indonesia adlh negara dgn persentase penduduk miskin terbanyak ke-2 stlh Zimbabwe.

Dan itu adalah legasi pemerintahan boneka JKW, yg LBP merupakan pemegang remote-nya.

Bangsat.. https://t.co/005pncHWOz","standar kemiskinan mau direvisi dimanipulasi bagaimana pun, sdh tdk bs menutupi fakta bahwa indonesia adlh negara dgn persentase penduduk miskin terbanyak ke stlh zimbabwe. dan itu adalah legasi pemerintahan boneka jkw, yg lbp merupakan pemegang remote nya. bangsat..",0,0,0,0,negative,0.9753938913345337,0.0,0.0,0.9753938913345337
2012903478411338182,2026-01-18 22:02:41+07:00,2026,1,2026-01-18,iamnotexistyet,@NiskalaWas95621 @KangManto123 10 Negara dengan Persentase Penduduk Miskin Terbanyak Versi Bank Dunia | https://t.co/t5i4Ef2Sbd https://t.co/Xbz8xjBtb8 https://t.co/RmNXBcdtUZ,negara dengan persentase penduduk miskin terbanyak versi bank dunia,0,0,0,0,neutral,0.9371731877326965,0.0,0.9371731877326965,0.0
2012155099771290049,2026-01-16 20:28:54+07:00,2026,1,2026-01-16,ArifLabMed,"@SarjanaEksu Afrika akan segera menjadi wilayah yang maju, saat ini tinggal menyisakan Zimbabwe sebagai negara dengan persentase penduduk miskin lebih tinggi dari Indonesia
https://t.co/mlILqxN5YG","afrika akan segera menjadi wilayah yang maju, saat ini tinggal menyisakan zimbabwe sebagai negara dengan persentase penduduk miskin lebih tinggi dari indonesia",0,0,0,0,neutral,0.4783115088939667,0.0,0.4783115088939667,0.0
2012044338138923242,2026-01-16 13:08:46+07:00,2026,1,2026-01-16,patrick07467143,@Uzzzzz222 @grok apakah indonesia lebih banyak penduduk miskinnya dari daripada Argentina? atau Argentina yang lebih banyak penduduk miskinnya daripada Indonesia? atau apakah persentase penduduk miskin Indonesia lebih besar dibanding Argentina? atau sebaliknya?,apakah indonesia lebih banyak penduduk miskinnya dari daripada argentina atau argentina yang lebih banyak penduduk miskinnya daripada indonesia atau apakah persentase penduduk miskin indonesia lebih besar dibanding argentina atau sebaliknya,0,0,2,0,negative,0.993445634841919,0.0,0.0,0.993445634841919
2012002667435081738,2026-01-16 10:23:11+07:00,2026,1,2026-01-16,RamaAdamfaathir,"@NasbiHasan KEGOBLOGAN SI CABUL HASAN NASBI DATUK RAJO ANGEK BOOL KAMBING

Ilmu Ekonomi

Sy sdh berkali2 memposting tulisan ini, tapi akan sy tuliskan lagi dgn konteks baru ini. Biar kita sama2 paham tentang 'ilmu ekonomi'.

Singapura adalah negara kaya. Penduduknya kaya raya. Di sana, https://t.co/2k0ovXS3jK","kegoblogan si cabul hasan nasbi datuk rajo angek bool kambing ilmu ekonomi sy sdh berkali2 memposting tulisan ini, tapi akan sy tuliskan lagi dgn konteks baru ini. biar kita sama2 paham tentang ilmu ekonomi . singapura adalah negara kaya. penduduknya kaya raya. di sana,",2,2,0,0,negative,0.7090938091278076,0.0,0.0,0.7090938091278076
2011952175673721291,2026-01-16 07:02:33+07:00,2026,1,2026-01-16,GamefaqsIDN,@KangManto123 @grok berapa jumlah penduduk miskin Indonesia yang katanya 60% tersebut dibanding jumlah penduduk Zimbabwe. Kenapa hitungannya persentase bukan jumlah? Jelaskan secara psikologis politik,berapa jumlah penduduk miskin indonesia yang katanya tersebut dibanding jumlah penduduk zimbabwe. kenapa hitungannya persentase bukan jumlah jelaskan secara psikologis politik,0,0,1,0,negative,0.9739590287208557,0.0,0.0,0.9739590287208557
2011822612784300221,2026-01-15 22:27:43+07:00,2026,1,2026-01-15,klawumunyuk,"Data yang ditampilkan dalam gambar tersebut tidak benar secara keseluruhan, meskipun persentase yang dicantumkan mendekati atau sesuai dengan tingkat kemiskinan berdasarkan garis kemiskinan Bank Dunia sebesar $6.85/hari (untuk negara berpenghasilan menengah atas, disesuaikan","data yang ditampilkan dalam gambar tersebut tidak benar secara keseluruhan, meskipun persentase yang dicantumkan mendekati atau sesuai dengan tingkat kemiskinan berdasarkan garis kemiskinan bank dunia sebesar . hari untuk negara berpenghasilan menengah atas, disesuaikan",0,0,0,0,negative,0.49586665630340576,0.0,0.0,0.49586665630340576
2008823358864117863,2026-01-07 15:49:45+07:00,2026,1,2026-01-07,BpsSemarang,"Rabu, 7 Januari 2026, BPS Kabupaten Semarang hadir di Dialog SERASI untuk mengulik kemiskinan Kabupaten Semarang secara santai, informatif, dan berbasis data. Mulai dari jumlah dan persentase penduduk miskin, garis kemiskinan, hingga gambaran kondisi sosial ekonomi masyarakat","rabu, januari , bps kabupaten semarang hadir di dialog serasi untuk mengulik kemiskinan kabupaten semarang secara santai, informatif, dan berbasis data. mulai dari jumlah dan persentase penduduk miskin, garis kemiskinan, hingga gambaran kondisi sosial ekonomi masyarakat",0,0,1,0,neutral,0.6423746943473816,0.0,0.6423746943473816,0.0
2019861175325061574,2026-02-07 02:50:06+07:00,2026,2,2026-02-07,verrianto_m,Persentase Penduduk Miskin Provinsi Gorontalo Menurun via @darilautID https://t.co/PyLJ1ePZ5i,persentase penduduk miskin provinsi gorontalo menurun via,0,0,0,0,neutral,0.9298412799835205,0.0,0.9298412799835205,0.0
2019709736938012941,2026-02-06 16:48:20+07:00,2026,2,2026-02-06,hariankompas,"Persentase penduduk miskin di Jakarta turun menjadi 4,03 persen pada September 2025. Namun, standar biaya hidup minimal atau Garis Kemiskinan melonjak 5,28 persen. #Metropolitan #AdadiKompas

https://t.co/K2DVAkCmW5","persentase penduduk miskin di jakarta turun menjadi , persen pada september . namun, standar biaya hidup minimal atau garis kemiskinan melonjak , persen. metropolitan adadikompas",0,0,0,0,neutral,0.9878116250038147,0.0,0.9878116250038147,0.0
2019709012686540855,2026-02-06 16:45:27+07:00,2026,2,2026-02-06,kompasmuda,"Persentase penduduk miskin di Jakarta turun menjadi 4,03 persen pada September 2025. Namun, standar biaya hidup minimal atau Garis Kemiskinan melonjak 5,28 persen. #Metropolitan #AdadiKompas

https://t.co/iYKhxze1h6","persentase penduduk miskin di jakarta turun menjadi , persen pada september . namun, standar biaya hidup minimal atau garis kemiskinan melonjak , persen. metropolitan adadikompas",0,1,0,0,neutral,0.9878116250038147,0.0,0.9878116250038147,0.0
2019606829022720234,2026-02-06 09:59:25+07:00,2026,2,2026-02-06,itsme_freyaa,"lah kan emang programnya pemerenta..
MBG ini salah satu langkah untuk mengurangi kemiskinan dengan memberantas rakyat miskin itu sendiri.. 💁🏻

ingat, persentase rakyat miskin = jumlah rakyat miskin/jumlah total penduduk. kalo rakyat miskinnya diberantas, persetase turun, paman","lah kan emang programnya pemerenta.. mbg ini salah satu langkah untuk mengurangi kemiskinan dengan memberantas rakyat miskin itu sendiri.. ingat, persentase rakyat miskin jumlah rakyat miskin jumlah total penduduk. kalo rakyat miskinnya diberantas, persetase turun, paman",2,0,0,0,negative,0.8663036823272705,0.0,0.0,0.8663036823272705
2019455464409555007,2026-02-05 23:57:57+07:00,2026,2,2026-02-05,banten_pemprov,"Ekonomi Banten Menguat. Kerja Terserap. Kemiskinan Menurun

Indikator sosial ekonomi Provinsi Banten tahun 2025 menunjukkan tren positif. Data BPS mencatat kemiskinan menurun, penyerapan tenaga kerja meningkat, dan ekonomi daerah tumbuh stabil.

Persentase penduduk miskin turun https://t.co/ECNwjFoT1t","ekonomi banten menguat. kerja terserap. kemiskinan menurun indikator sosial ekonomi provinsi banten tahun menunjukkan tren positif. data bps mencatat kemiskinan menurun, penyerapan tenaga kerja meningkat, dan ekonomi daerah tumbuh stabil. persentase penduduk miskin turun",0,0,0,0,positive,0.766553521156311,0.766553521156311,0.0,0.0
2019376219159138774,2026-02-05 18:43:03+07:00,2026,2,2026-02-05,bpsprovbali,"Persentase penduduk miskin turun menjadi 3,42 persen pada September 2025 atau sekitar 160,09 ribu orang. Meskipun demikian, Indeks Kedalaman Kemiskinan (P1) tercatat meningkat menjadi 0,579 dan Indeks Keparahan Kemiskinan (P2) meningkat menjadi 0,134. https://t.co/1vwO5xepKi","persentase penduduk miskin turun menjadi , persen pada september atau sekitar , ribu orang. meskipun demikian, indeks kedalaman kemiskinan p1 tercatat meningkat menjadi , dan indeks keparahan kemiskinan p2 meningkat menjadi ,.",0,0,1,0,neutral,0.9598685503005981,0.0,0.9598685503005981,0.0
2019346930313380149,2026-02-05 16:46:40+07:00,2026,2,2026-02-05,bpsprovjateng,"Kemiskinan Terus Menurun: Persentase penduduk miskin Jawa Tengah pada September 2025 tercatat 9,39%, turun 0,09 persen poin dibanding Maret 2025 dan 0,19 persen poin dibanding September 2024. https://t.co/wuC8yMi8rZ","kemiskinan terus menurun persentase penduduk miskin jawa tengah pada september tercatat , , turun , persen poin dibanding maret dan , persen poin dibanding september .",0,0,1,0,neutral,0.8652082085609436,0.0,0.8652082085609436,0.0
2019340662555177058,2026-02-05 16:21:46+07:00,2026,2,2026-02-05,dinsosjabar,"Sampurasun Wargi Sosial
Kabar baik untuk Jawa Barat

Per September 2025, persentase penduduk miskin turun menjadi 6,78% atau setara dengan 3,55 juta jiwa. Kolaborasi pemerintah, masyarakat, dan berbagai pihak ini harus terus dilanjutkan dan tentunya ikhtiar bersama https://t.co/DzaFMXXh8M","sampurasun wargi sosial kabar baik untuk jawa barat per september , persentase penduduk miskin turun menjadi , atau setara dengan , juta jiwa. kolaborasi pemerintah, masyarakat, dan berbagai pihak ini harus terus dilanjutkan dan tentunya ikhtiar bersama",0,0,3,0,positive,0.6767170429229736,0.6767170429229736,0.0,0.0
2019153002758828192,2026-02-05 03:56:04+07:00,2026,2,2026-02-05,lhogabahayatahh,"“Sudah ada Sekolah Rakyat”

Persentase penduduk miskin nasional 2025 (BPS): 8,47%
Jumlah anak usia sekolah (5-19) 2025 (BPS): 66jt
Asumsi jumlah anak di keluarga miskin: 5,59jt

Jumlah sekolah rakyat yg sudah diresmikan (semua jenjang): 166
Jumlah siswa sekolah rakyat: 15.954 https://t.co/D1rxE94OVw","sudah ada sekolah rakyat persentase penduduk miskin nasional bps , jumlah anak usia sekolah bps 66jt asumsi jumlah anak di keluarga miskin ,59jt jumlah sekolah rakyat yg sudah diresmikan semua jenjang jumlah siswa sekolah rakyat .",144,33,1,4,neutral,0.9050173163414001,0.0,0.9050173163414001,0.0
2023908764479520806,2026-02-18 06:53:46+07:00,2026,2,2026-02-18,apoteler,The real menurunkan persentase penduduk miskin 💀,the real menurunkan persentase penduduk miskin,0,0,0,0,neutral,0.9061477780342102,0.0,0.9061477780342102,0.0
2023625020551942546,2026-02-17 12:06:16+07:00,2026,2,2026-02-17,IwanGur,"@IrwanIs36647816 @Saha_namina_ @Mdy_Asmara1701 Lah, data BPS yg bicara, dibawah 10 persen rakyat Indonesia yg miskin, Artinya 90 persen lebih kaya dan mampu,
https://t.co/7ptQcDHzlq","lah, data bps yg bicara, dibawah persen rakyat indonesia yg miskin, artinya persen lebih kaya dan mampu,",0,0,1,0,negative,0.9811159372329712,0.0,0.0,0.9811159372329712
2023234264670831039,2026-02-16 10:13:33+07:00,2026,2,2026-02-16,Blasttotheair,"Penduduk miskin Indonesia menurut bps 7% lah.. pasti terdiri dari kakek nenek2 bapak2 ibu2 anak2 dll
Jumlah anak sekolah miskin pasti kurang dari itu , berapa jumlah penerima manfaat mbg?  Hmmm
https://t.co/C2dfFDVPoZ","penduduk miskin indonesia menurut bps lah.. pasti terdiri dari kakek nenek2 bapak2 ibu2 anak2 dll jumlah anak sekolah miskin pasti kurang dari itu , berapa jumlah penerima manfaat mbg hmmm",0,0,0,0,negative,0.9955828785896301,0.0,0.0,0.9955828785896301
2022784145118937450,2026-02-15 04:24:56+07:00,2026,2,2026-02-15,Tomigun89,"@MiskinTV_ Perbandingan menyesatkan. 2 persentase yg berbeda kok dijumlahkan.

9% orang miskin itu dari total penduduk indonesia.

100% penerima MBG itu dari apa? Ga mungkin kan terhadap total penduduk Indonesia.

Masa dijumlahkan..

Bukan berarti saya setuju MBG. Ini program emang sampah",perbandingan menyesatkan. persentase yg berbeda kok dijumlahkan. orang miskin itu dari total penduduk indonesia. penerima mbg itu dari apa ga mungkin kan terhadap total penduduk indonesia. masa dijumlahkan.. bukan berarti saya setuju mbg. ini program emang sampah,0,0,2,0,negative,0.998620867729187,0.0,0.0,0.998620867729187
2021610726536904828,2026-02-11 22:42:11+07:00,2026,2,2026-02-11,OrangUluBorneo,"@tahuisilontong_ 11,22% Penduduk di Kabupaten Ngada Masuk Kategori Miskin. Statistik Persentase Penduduk Miskin di Kabupaten Ngada 2016-2025
https://t.co/fYmAxnQeXE https://t.co/oJEd7mfLiT",", penduduk di kabupaten ngada masuk kategori miskin. statistik persentase penduduk miskin di kabupaten ngada",0,0,0,0,neutral,0.8632838726043701,0.0,0.8632838726043701,0.0
2021202643436306718,2026-02-10 19:40:36+07:00,2026,2,2026-02-10,bps_statistics,"...Kepala BPS RI, Amalia Adininggar Widyasanti (10/2). Indikator tersebut menggunakan pendekatan berkeadilan wilayah, seperti jumlah dan persentase penduduk miskin, indeks kedalaman kemiskinan, gini ratio, dan jumlah keluarga yang tinggal di Rumah Tidak Layak Huni (RTLH).","...kepala bps ri, amalia adininggar widyasanti . indikator tersebut menggunakan pendekatan berkeadilan wilayah, seperti jumlah dan persentase penduduk miskin, indeks kedalaman kemiskinan, gini ratio, dan jumlah keluarga yang tinggal di rumah tidak layak huni rtlh .",0,0,2,0,positive,0.7868909239768982,0.7868909239768982,0.0,0.0
2020996246060581333,2026-02-10 06:00:28+07:00,2026,2,2026-02-10,BeritaKotaMKS,"Angka Kemiskinan Bulukumba Menurun Drastis

https://t.co/Zz4If5OviL  
BULUKUMBA, BKM — Angka kemiskinan di Kabupaten Bulukumba terus menunjukkan tren penurunan yang konsisten. Berdasarkan data Badan Pusat Statistik Kabupaten Bulukumba, persentase penduduk miskin Bulukumba pada …","angka kemiskinan bulukumba menurun drastis bulukumba, bkm angka kemiskinan di kabupaten bulukumba terus menunjukkan tren penurunan yang konsisten. berdasarkan data badan pusat statistik kabupaten bulukumba, persentase penduduk miskin bulukumba pada",0,0,0,0,neutral,0.6690430045127869,0.0,0.6690430045127869,0.0
2020853190808207393,2026-02-09 20:32:00+07:00,2026,2,2026-02-09,radarbangsa_com,"Badan Pusat Statistik (BPS) mencatat persentase penduduk miskin di Indonesia pada September 2025 turun menjadi 8,25 persen dari total penduduk.
https://t.co/wcltBdA3pe","badan pusat statistik bps mencatat persentase penduduk miskin di indonesia pada september turun menjadi , persen dari total penduduk.",0,0,0,0,neutral,0.9302171468734741,0.0,0.9302171468734741,0.0
2020817083223638385,2026-02-09 18:08:32+07:00,2026,2,2026-02-09,Matahari_tmr,"@FerryNLangelo Berat saudara2. Hal yang tak manfaatnya bagi kemajuan bangsa.

Tengoklah ! Bergelimang emas tapi menderita.
Menurut data BPS, pada Maret 2024, persentase penduduk miskin di Papua adalah 17,26%, dan pada September 2024 naik menjadi 18,09%.","berat saudara2. hal yang tak manfaatnya bagi kemajuan bangsa. tengoklah bergelimang emas tapi menderita. menurut data bps, pada maret , persentase penduduk miskin di papua adalah , , dan pada september naik menjadi , .",2,0,0,0,negative,0.9971963167190552,0.0,0.0,0.9971963167190552
2020664724351066117,2026-02-09 08:03:07+07:00,2026,2,2026-02-09,bpskabnganjuk,"(60,78%) dari sisi pengeluaran. Secara y-on-y, ekonomi Triwulan IV-2025 tumbuh 5,85 persen.

👥 Dari sisi kesejahteraan, persentase penduduk miskin Jawa Timur September 2025 tercatat 9,30 persen, menurun dibanding Maret 2025. Garis Kemiskinan meningkat menjadi Rp585.020 per https://t.co/SwKlDsR942",", dari sisi pengeluaran. secara y on y, ekonomi triwulan iv tumbuh , persen. dari sisi kesejahteraan, persentase penduduk miskin jawa timur september tercatat , persen, menurun dibanding maret . garis kemiskinan meningkat menjadi rp585. per",1,0,1,0,neutral,0.9219582080841064,0.0,0.9219582080841064,0.0
2019967603033194864,2026-02-07 09:53:00+07:00,2026,2,2026-02-07,darilautID,Persentase Penduduk Miskin Provinsi Gorontalo Menurun - https://t.co/QPwTn7CN6p,persentase penduduk miskin provinsi gorontalo menurun,1,0,0,0,neutral,0.8065370321273804,0.0,0.8065370321273804,0.0
2038054046892986600,2026-03-29 07:42:04+07:00,2026,3,2026-03-29,BGSTRYP,"@JunaidiZane @MoehB21154 Penduduk miskin di jawa banyak karena penduduknya emang banyak. 

Tapi kalo diliat dari persentase, yang 10 terbesar itu tetap di luar jawa. https://t.co/A8Alv6bHxq","penduduk miskin di jawa banyak karena penduduknya emang banyak. tapi kalo diliat dari persentase, yang terbesar itu tetap di luar jawa.",5,0,1,0,negative,0.7276133298873901,0.0,0.0,0.7276133298873901
2035144581424324914,2026-03-21 07:00:54+07:00,2026,3,2026-03-21,iyas_muzani,"Kesenjangan ekonomi antara wilayah kepulauan dgn daratan jg masih menjadi isu pembangunan, belum optimalnya WM, KI, KEK, dan DPP dalam mempercepat penurunan persentase penduduk miskin di wilayah Sulawesi.","kesenjangan ekonomi antara wilayah kepulauan dgn daratan jg masih menjadi isu pembangunan, belum optimalnya wm, ki, kek, dan dpp dalam mempercepat penurunan persentase penduduk miskin di wilayah sulawesi.",0,0,1,0,neutral,0.8326785564422607,0.0,0.8326785564422607,0.0
2030953823414673674,2026-03-09 17:28:19+07:00,2026,3,2026-03-09,BPTaskinRI,"Berdasarkan data Badan Pusat Statistik, persentase penduduk miskin di Indonesia pada September 2025 tercatat sebesar 8,25 persen. Angka ini menurun dibandingkan Maret 2025 maupun September 2024. https://t.co/KcztJSGCgv","berdasarkan data badan pusat statistik, persentase penduduk miskin di indonesia pada september tercatat sebesar , persen. angka ini menurun dibandingkan maret maupun september .",0,1,1,0,neutral,0.92922443151474,0.0,0.92922443151474,0.0
2040722953600647282,2026-04-05 16:27:21+07:00,2026,4,2026-04-05,Impulsicivity3,"2025:

Jumlah penduduk miskin di Jakarta sekitar 439 ribu orang (persentase 4,03%).

Ini turun dari Maret 2025 yang mencapai 464,87 ribu orang (4,28%). Jadi ada penurunan, tapi angkanya masih signifikan untuk ibu kota.","jumlah penduduk miskin di jakarta sekitar ribu orang persentase , . ini turun dari maret yang mencapai , ribu orang , . jadi ada penurunan, tapi angkanya masih signifikan untuk ibu kota.",0,0,0,0,neutral,0.9714516997337341,0.0,0.9714516997337341,0.0
2040443599503151185,2026-04-04 21:57:18+07:00,2026,4,2026-04-04,nairebiss,"@tempat_umum @id_def_report @maqdisasha tapi parahan bogor. itu dinasti yasin kakak adek yg jadi bupati tertangkap  korup di bogor. sedangkan depok itu kota dengan persentase kemiskinan terendah di jawa barat, bahkan di jabodetabek yakni sekitar 2.31 %
https://t.co/gLZgRfGsOS","tapi parahan bogor. itu dinasti yasin kakak adek yg jadi bupati tertangkap korup di bogor. sedangkan depok itu kota dengan persentase kemiskinan terendah di jawa barat, bahkan di jabodetabek yakni sekitar .",0,0,0,0,negative,0.9520673155784607,0.0,0.0,0.9520673155784607
2050903767806103721,2026-05-03 18:42:16+07:00,2026,5,2026-05-03,ajiedharma57,"@indepenSumatera Lebih adil kalau PERSENTASE penduduk miskin tertinggi. Sebab, 10 kabupaten di atas adalah 10 Kabupaten dengan jumlah penduduk yang sangat banyak. Paling simetris adalah berdasarkan persentase. Bukan jumlah ruang, karena jumlah penduduk per kabupaten kota pasti berbeda","lebih adil kalau persentase penduduk miskin tertinggi. sebab, kabupaten di atas adalah kabupaten dengan jumlah penduduk yang sangat banyak. paling simetris adalah berdasarkan persentase. bukan jumlah ruang, karena jumlah penduduk per kabupaten kota pasti berbeda",13,0,0,0,negative,0.5098215341567993,0.0,0.0,0.5098215341567993
2050897963304779830,2026-05-03 18:19:12+07:00,2026,5,2026-05-03,pp_prayoga,"@rahkainiskala @indepenSumatera Krn berdasarkan jumlah. Kabupaten Bogor punya penduduk 5,68 juta. Sedangkan penduduk miskin di sana 400rb. Itu artinya persentase penduduk miskin di sana hanya 10%.","krn berdasarkan jumlah. kabupaten bogor punya penduduk , juta. sedangkan penduduk miskin di sana 400rb. itu artinya persentase penduduk miskin di sana hanya .",0,0,0,0,negative,0.5387117266654968,0.0,0.0,0.5387117266654968
